Lemma,Case,Number,Gender,Degree,Upos,Forms
Abbau,Acc,Sing,Masc,,NOUN,Abbau | abbau
Abendessen,Dat,Sing,Neut,,NOUN,Abendessen | abendessen
Abschluß,Dat,Sing,Masc,,NOUN,Abschluss | Abschluß
Abschluß,Acc,Sing,Masc,,NOUN,Abschluss | Abschluß
Abschuß,Acc,Sing,Masc,,NOUN,Abschuss | Abschuß
Absender,Dat,Plur,Masc,,NOUN,Absender | Absendern
Absicht,Acc,,,,NOUN,Absicht | Absichten
Absicht,Dat,,,,NOUN,Absicht | Absichten
Abspielgerät,Dat,Sing,Neut,,NOUN,Abspielgerät | Abspielgeräte
Acker,Acc,Plur,Masc,,NOUN,Acker | Äcker
Aktienanteil,Dat,Sing,Masc,,NOUN,Aktienanteil | Aktienanteile
Aktienkurs,Dat,Sing,Masc,,NOUN,Aktienkurs | Aktienkurse
Aktienkurs,Dat,Plur,Masc,,NOUN,Aktienkurse | Aktienkursen
Aktion,Dat,Sing,Fem,,NOUN,Aktien-Transaktion | Aktion
Aktionär,Dat,Plur,Masc,,NOUN,Aktionäre | Aktionären
Aktivist,Acc,Sing,Masc,,NOUN,Aktivist | Aktivisten
Album,Dat,Sing,Neut,,NOUN,Alben | Album
All,Dat,Sing,Neut,,NOUN,All | Alle
Allee,Dat,Sing,Fem,,NOUN,Allee | Alleen
Alterungsprozeß,Acc,Sing,Masc,,NOUN,Alterungsprozess | Alterungsprozeß
Ander,Dat,Sing,,,NOUN,Anderem | Anderen
Angebot,Dat,Sing,Neut,,NOUN,Angebot | Angebote
Angebot,Dat,Plur,Neut,,NOUN,Angebote | Angeboten
Angehörig,Acc,Plur,,,NOUN,Angehörige | Angehörigen
Angeklagter,Acc,Plur,,,NOUN,Angeklagte | Angeklagten
Angestellt,Acc,Plur,,,NOUN,Angestellte | Angestellten
Angestellte,Acc,Plur,,,NOUN,Angestellte | Angestellten
Angriff,Dat,Sing,Masc,,NOUN,Angriff | Angriffe
Angriffsziel,Dat,Sing,Neut,,NOUN,Angriffsziel | Angriffsziele
Anlage,Acc,,,,NOUN,Anlage | Anlagen
Anlaß,Dat,Sing,Masc,,NOUN,Anlass | Anlaß
Anlaß,Acc,Sing,Masc,,NOUN,Anlass | Anlaß
Anruf,Dat,Sing,Masc,,NOUN,Anruf | Anrufe
Anrufbeantworter,Dat,Plur,Masc,,NOUN,Anrufbeantworter | Anrufbeantwortern
Anschluß,Dat,Sing,Masc,,NOUN,Anschluss | Anschluß
Anschluß,Acc,Sing,Masc,,NOUN,Anschluss | Anschluß
Ansicht,Dat,,,,NOUN,Ansicht | Ansichten
Anspruch,Acc,,,,NOUN,Anspruch | Ansprüche
Anteil,Dat,Sing,Masc,,NOUN,Anteil | Anteile
Anti-Trust-Prozeß,Dat,Sing,Masc,,NOUN,Anti-Trust-Prozess | Anti-Trust-Prozeß
Antitrust-Prozeß,Dat,Sing,Masc,,NOUN,Antitrust-Prozess | Antitrust-Prozeß
Architekt,Dat,Sing,Masc,,NOUN,Architekt | Architekten
Archiv,Dat,Sing,Neut,,PROPN,Archiv | Archive
Archiv,Dat,Sing,Neut,,NOUN,Archiv | Archive
Argument,Dat,Sing,Neut,,NOUN,Argument | Argumente
Art,Acc,,,,NOUN,Art | Arten
Art,Dat,,,,NOUN,Art | Arten
Artikel,Dat,Plur,Masc,,NOUN,Artikel | Artikeln
Artikel,Acc,Sing,Masc,,NOUN,Art. | Artikel
Atemzug,Dat,Sing,Masc,,NOUN,Atemzug | Atemzuge
Aufschluß,Acc,Sing,Masc,,NOUN,Aufschluss | Aufschluß
Auftrag,Dat,Sing,Masc,,NOUN,Auftrag | Auftrage
Auge,Dat,,,,NOUN,Auge | Augen
Auge,Acc,,,,NOUN,Auge | Augen
Auskunft,Dat,Plur,Fem,,NOUN,Auskünfte | Auskünften
Auslandsgeschäft,Dat,Sing,Neut,,NOUN,Auslandsgeschäft | Auslandsgeschäfte
Auslandsgespräch,Dat,Plur,Neut,,NOUN,Auslandsgespräche | Auslandsgesprächen
Auslandsgespräch,Dat,Sing,Neut,,NOUN,Auslandsgespräch | Auslandsgespräche
Ausmaß,Acc,Plur,Neut,,NOUN,Ausmasse | Ausmaße
Ausschluß,Dat,Sing,Masc,,NOUN,Ausschluss | Ausschluß
Ausschluß,Acc,Sing,Masc,,NOUN,Ausschluss | Ausschluß
Ausschuß,Dat,Sing,Masc,,NOUN,Ausschuss | Ausschuß
Ausschuß,Acc,Sing,Masc,,NOUN,Ausschuss | Ausschuß
Autobahn,Dat,Sing,Fem,,NOUN,Autobahn | autobahn
Autor,Dat,Sing,Masc,,NOUN,Autor | Autoren
Bad,Dat,Sing,Neut,,NOUN,Bad | Bade
Band,Dat,Plur,Fem,,NOUN,Bands | Bänden
Band,Dat,Sing,,,NOUN,Band | Bande
Bank,Dat,Plur,Fem,,NOUN,Banken | Bänken
Bank,Acc,Plur,Fem,,NOUN,Banken | Bänke
Bankgeschäft,Dat,Sing,Neut,,NOUN,Bankgeschäft | Bankgeschäfte
Bar,Acc,Sing,Fem,,NOUN,Bar | Bars
Baustein,Dat,Plur,Masc,,NOUN,Bausteine | Bausteinen
Baustein,Dat,Sing,Masc,,NOUN,Baustein | Bausteine
Beamt,Acc,Plur,,,NOUN,Beamte | Beamten
Bedeutung,Acc,,,,NOUN,Bedeutung | Bedeutungen
Bedürfnis,Acc,,,,NOUN,Bedürfnis | Bedürfnisse
Befehl,Dat,Sing,Masc,,NOUN,Befehl | Befehle
Begriff,Dat,Plur,Masc,,NOUN,Begriffen | Begriffs
Begriff,Acc,,,,NOUN,Begriff | Begriffe
Beispiel,Dat,Sing,Neut,,NOUN,B. | Beispiel | Beispiele
Beispiel,Dat,Plur,Neut,,NOUN,Beispiele | Beispielen
Beleg,Dat,Sing,Masc,,NOUN,Beleg | Belegen
Benutzer,Dat,Plur,Masc,,NOUN,Benutzer | Benutzern
Berg,Acc,Plur,Masc,,NOUN,Berge | Bergen
Berg,Dat,Sing,Masc,,NOUN,Berg | Berge
Bericht,Dat,Sing,Masc,,NOUN,Bericht | Berichte
Bericht,Dat,Plur,Masc,,NOUN,Berichte | Berichten
Beruf,Dat,Sing,Masc,,NOUN,Beruf | Berufe
Beschluß,Acc,Sing,Masc,,NOUN,Beschlagnahmebeschluß | Beschluss | Beschluß
Beschluß,Dat,Sing,Masc,,NOUN,Beschluss | Beschluß
Beschuß,Dat,Sing,Masc,,NOUN,Beschuss | Beschuß
Beschuß,Acc,Sing,Masc,,NOUN,Beschuss | Beschuß
Beschäftigt,Acc,Plur,,,NOUN,Beschäftigte | Beschäftigten
Beschäftigter,Acc,Plur,,,NOUN,Beschäftigte | Beschäftigten
Besucher,Dat,Plur,Masc,,NOUN,Besucher | Besuchern
Betrieb,Dat,Sing,Masc,,NOUN,Betrieb | Betriebe
Betriebssystem,Dat,Sing,Neut,,NOUN,Betriebssystem | Betriebssysteme
Betroffen,Dat,Plur,,,NOUN,Betroffen | Betroffenen
Betroffen,Acc,Plur,,,NOUN,Betroffene | Betroffenen
Beweis,Dat,Sing,Masc,,NOUN,Beweis | Beweise
Bild,Dat,Sing,Neut,,NOUN,Bild | Bilde
Bildung,Acc,,,,NOUN,Bildung | Bildungen
Bischof,Dat,Plur,Masc,,NOUN,Bischofs | Bischöfen
Bit,Dat,Plur,Neut,,NOUN,Bit | Bits
Bit,Acc,Plur,Neut,,NOUN,Bit | Bits
Blick,Acc,,,,NOUN,Blick | Blicke
Block,Acc,Plur,Masc,,NOUN,Blocks | Blöcke
Blut,Dat,Sing,Neut,,NOUN,Blut | Blute
Brand,Dat,Sing,Masc,,PROPN,Brand | Brandes | Brands
Browser,Dat,Plur,Masc,,NOUN,Browser | Browsern
Brötchen,Acc,Plur,Neut,,NOUN,Bröchten | Brötchen
Buch,Dat,Sing,Neut,,NOUN,Buch | Buche
Buch,Acc,,,,NOUN,Buch | Bücher
Bund,Dat,Sing,Masc,,NOUN,Bund | Bunde
Bundesland,Dat,Plur,Neut,,NOUN,Bundesländer | Bundesländern
Byte,Dat,Plur,Neut,,NOUN,Byte | Bytes
Byte,Acc,Plur,Neut,,NOUN,Byte | Bytes
Börsenschluss,Dat,Sing,Masc,,NOUN,Börsenschluss | Börsenschluß
Büro,Acc,Sing,Neut,,NOUN,Bürgerbüro | Büro
Büro,Dat,Plur,Neut,,NOUN,Bürgerbüros | Büros
CD,Dat,Plur,Fem,,NOUN,CD | CDs
CD-Laufwerk,Dat,Sing,Neut,,NOUN,CD-Laufwerk | CD-Laufwerke
CD-ROM-Laufwerk,Dat,Sing,Neut,,NOUN,CD-ROM-Laufwerk | CD-ROM-Laufwerke
Caesar,Dat,Sing,Masc,,PROPN,Caesar | Caesars
Cent,Dat,Plur,Masc,,NOUN,Cent | Cents
Cent,Acc,Plur,Masc,,NOUN,Cent | Cents
Christus,Dat,Sing,Masc,,PROPN,Chr | Christus
Code,Acc,Sing,Masc,,NOUN,Code | Codes
Code,Dat,Sing,Masc,,NOUN,Code | Computercode
Computer,Dat,Plur,Masc,,NOUN,Computer | Computern
Computernetz,Dat,Sing,Neut,,NOUN,Computernetz | Computernetze
Computerproblem,Dat,Sing,Neut,,NOUN,Computerproblem | Computerprobleme
Computerspiel,Dat,Sing,Neut,,NOUN,Computerspiel | Computerspiele
Computersystem,Dat,Sing,Neut,,NOUN,Computersystem | Computersysteme
Computersystem,Dat,Plur,Neut,,NOUN,Computersysteme | Computersystemen
Container,Dat,Plur,Masc,,NOUN,Container | Containern
Copyright-Inhaber,Dat,Plur,Masc,,NOUN,Copyright-Inhaber | Copyright-Inhabern
C|Net-Meldung,Dat,Sing,Fem,,NOUN,C | Net-Meldung
DSL-Anschluß,Acc,Sing,Masc,,NOUN,DSL-Anschluss | DSL-Anschluß
DSL-Preis,Dat,Plur,Masc,,NOUN,DSL-Preise | DSL-Preisen
DVD-Laufwerk,Dat,Sing,Neut,,NOUN,DVD-Laufwerk | DVD-Laufwerke
Dank,Dat,Sing,Masc,,NOUN,Dank | Danke
Dateisystem,Dat,Sing,Neut,,NOUN,Dateisystem | Dateisysteme
Datennetz,Dat,Sing,Neut,,NOUN,Datennetz | Datennetze
Datenpaket,Dat,Plur,Neut,,NOUN,Datenpakete | Datenpaketen
Datum,Dat,Sing,Neut,,NOUN,Dateidatum | Datum
Designer,Dat,Plur,Masc,,NOUN,Designer | Designern
Deutsch,Dat,Sing,Neut,,NOUN,Deutsch | Deutschen
Deutsch,Dat,Sing,Fem,,NOUN,Deutschen | Deutscher
Deutsch,Acc,Plur,,,NOUN,Deutsche | Deutschen
Deutsch,Acc,Sing,Neut,,NOUN,Deutsch | Deutsche
Dichtart,Dat,,,,NOUN,Dichtart | Dichtarten
Dichter,Dat,,,,NOUN,Dichter | Dichtern
Dienst,Dat,Sing,Masc,,NOUN,Dienst | Dienste
Dienst,Dat,Plur,Masc,,NOUN,Dienste | Diensten
Dienstleister,Dat,Plur,Masc,,NOUN,Dienstleister | Dienstleistern
Ding,Dat,Plur,Neut,,NOUN,Dingen | Dingern
Disc,Dat,Sing,Fem,,NOUN,CD-R | CD-RW | Disc
Disziplin,Acc,Sing,Fem,,NOUN,Disziplin | Disziplinen
Doktor,Dat,Sing,Masc,,NOUN,Doktor | Dr.
Dollar,Acc,Plur,Masc,,NOUN,Dollar | Dollars
Dollar,Dat,Plur,Masc,,NOUN,Dollar | Dollars
Dom,Dat,Sing,Masc,,NOUN,Dom | Dome
Download-Angebot,Dat,Sing,Neut,,NOUN,Download-Angebot | Download-Angebote
Drittel,Dat,Plur,Neut,,NOUN,Drittel | Dritteln
Druck,Dat,Plur,Fem,,NOUN,Drucken | Drücken
Dunkel,Dat,Sing,Neut,,NOUN,Dunkel | Dunkeln
Durchsuchungsbeschluß,Acc,Sing,Masc,,NOUN,Durchsuchungsbeschluss | Durchsuchungsbeschluß
Dutzend,Dat,Plur,Neut,,NOUN,Dutzend | Dutzenden
EU-Land,Dat,Plur,Neut,,NOUN,EU-Länder | EU-Ländern
EU-Wettbewerbshüter,Dat,Plur,Masc,,NOUN,EU-Wettbewerbshüter | EU-Wettbewerbshütern
Effekt,Dat,Plur,Masc,,NOUN,Effekte | Effekten
Eigenheit,Acc,,,,NOUN,Eigenheit | Eigenheiten
Einfluß,Acc,Sing,Masc,,NOUN,Einfluss | Einfluß
Einfluß,Dat,Sing,Masc,,NOUN,Einfluss | Einfluß
Einwohner,Dat,Plur,Masc,,NOUN,Einwohner | Einwohnern
Einzelpreis,Dat,Sing,Masc,,NOUN,Einzelpreis | Einzelpreise
Elegie,Dat,,,,NOUN,Elegie | Elegien
Endgerät,Dat,Sing,Neut,,NOUN,Endgerät | Endgeräte
Energiekonzern,Dat,Plur,Masc,,NOUN,Energiekonzern | Energiekonzernen
Englisch,Dat,Sing,Neut,,NOUN,Englisch | Englischen
Engpaß,Acc,Plur,Masc,,NOUN,Engpässe | Engpäße
Ensemble,Dat,Sing,Neut,,NOUN,Ensemble | Ensembles
Entschluß,Dat,Sing,Masc,,NOUN,Entschluss | Entschluß
Erde,Dat,Sing,Fem,,NOUN,Erde | Erden
Erdgeschoß,Dat,Sing,Neut,,NOUN,Erdgeschoss | Erdgeschoß
Ereignis,Dat,Sing,Neut,,NOUN,Ereignis | Ereignisse
Erfolg,Dat,Sing,Masc,,NOUN,Erfolg | Erfolge
Erfolgsfall,Dat,Sing,Masc,,NOUN,Erfolgsfall | Erfolgsfalle
Erfordernis,Acc,Plur,Neut,,NOUN,Erfordernisse | Erfordernissen
Erkenntnis,Dat,Plur,Fem,,NOUN,Erkenntnisse | Erkenntnissen
Erlaß,Dat,Sing,Masc,,NOUN,Erlass | Erlaß
Erlaß,Acc,Sing,Masc,,NOUN,Erlass | Erlaß
Erlös,Dat,Sing,Masc,,NOUN,Erlös | Erlöse
Ersatz,Dat,Sing,Masc,,NOUN,Ersatz | Ersatze
Ersatzteil,Acc,Sing,Neut,,NOUN,Ersatzteil | Ersatzteile
Erschließung,Dat,Sing,Fem,,NOUN,Erschliessung | Erschließung
Erwachsene,Acc,Plur,,,NOUN,Erwachsene | Erwachsenen
Essen,Acc,Sing,Neut,,NOUN,Essen | essen
Euro,Dat,Plur,Masc,,NOUN,Euro | Euros
Ex-Monopolist,Dat,Sing,Masc,,NOUN,Ex-Monopolist | Ex-Monopolisten
Ex-Präsident,Acc,Sing,Masc,,NOUN,Ex-Präsident | Ex-Präsidenten
Exmonopolist,Dat,Sing,Masc,,NOUN,Exmonopolist | Exmonopolisten
Export,Acc,Plur,Masc,,NOUN,Export | Exporte
Fahrrad,Dat,Sing,Neut,,NOUN,Fahrrad | fahrrad
Fall,Dat,Sing,Masc,,NOUN,Fall | Falle
Fassade,Dat,Sing,Fem,,NOUN,Fassade | Fassaden
Fax,Dat,Sing,Neut,,NOUN,Fax | Faxe
Faxgerät,Dat,Sing,Neut,,NOUN,Faxgerät | Faxgeräte
Feld,Dat,Sing,Neut,,NOUN,Feld | Felde
Ferngespräch,Acc,Sing,Neut,,NOUN,Ferngespräch | Ferngespräche
Ferngespräch,Dat,Sing,Neut,,NOUN,Ferngespräch | Ferngespräche
Fernsehgerät,Dat,Sing,Neut,,NOUN,Fernsehgerät | Fernsehgeräte
Fertigungsprozeß,Acc,Sing,Masc,,NOUN,Fertigungsprozess | Fertigungsprozeß
Festnetz,Dat,Sing,Neut,,NOUN,Festnetz | Festnetze
Festnetzanschluß,Acc,Sing,Masc,,NOUN,Festnetzanschluss | Festnetzanschluß
Filtersystem,Dat,Sing,Neut,,NOUN,Filtersystem | Filtersysteme
Finanzbericht,Dat,Sing,Masc,,NOUN,Finanzbericht | Finanzberichte
Finanzdienst,Dat,Sing,Masc,,NOUN,Finanzdienst | Finanzdienste
FireWire-Anschluß,Dat,Sing,Masc,,NOUN,FireWire-Anschluss | FireWire-Anschluß
Firmennetzwerk,Dat,Sing,Neut,,NOUN,Firmennetzwerk | Firmennetzwerke
Flash-Baustein,Dat,Sing,Masc,,NOUN,Flash-Baustein | Flash-Bausteine
Flash-Memory-Baustein,Dat,Plur,Masc,,NOUN,Flash-Memory-Bausteine | Flash-Memory-Bausteinen
Flughafen,Dat,Plur,Masc,,NOUN,Flughafen | Flughäfen
Fluß,Dat,Sing,Masc,,NOUN,Fluss | Fluß
Form,Acc,,,,NOUN,Form | Formen
Format,Dat,Sing,Neut,,NOUN,Format | Formate
Forscher,Dat,Plur,Masc,,NOUN,Forscher | Forschern
Fortschritt,Dat,Sing,Masc,,NOUN,Fortschritt | Fortschritte
Forum,Dat,Sing,Neut,,NOUN,Forum | Forums
Frage,Dat,,,,NOUN,Frage | Fragen
Franc,Acc,Plur,Masc,,NOUN,Franc | Francs
Franc,Dat,Plur,Masc,,NOUN,Franc | Francs
Freiberufler,Dat,Plur,Masc,,NOUN,Freiberufler | Freiberuflern
Freude,Acc,,,,NOUN,Freude | Freuden
Freund,Dat,Sing,Masc,,NOUN,Freund | Freunde
Freundin,Dat,Sing,Fem,,NOUN,Freundin | freundin
Fuß,Dat,Sing,Masc,,NOUN,Fuß | Fuße
Fuß,Dat,Plur,Masc,,NOUN,Fuß | Füßen
Fuß,Acc,Sing,Masc,,NOUN,Fuss | Fuß
Fußball,Acc,Sing,Masc,,NOUN,Fussball | Fußball
Fußballmannschaft,Dat,Sing,Fem,,NOUN,Fussballmannschaft | Fußballmannschaft
Fürst,Dat,Sing,Masc,,NOUN,Fürst | Fürsten
Gang,Dat,Sing,Masc,,NOUN,Gang | Gange
Gattung,Acc,,,,NOUN,Gattung | Gattungen
Gebot,Dat,Sing,Neut,,NOUN,Gebot | Gebote
Gedicht,Dat,,,,NOUN,Gedicht | Gedichten
Gefühl,Acc,Sing,Neut,,NOUN,Gefühl | gefühl
Gegenstand,Dat,,,,NOUN,Gegenstande | Gegenständen
Gegenstand,Acc,,,,NOUN,Gegenstand | Gegenstände
Gehalt,Dat,Plur,Neut,,NOUN,Gehälter | Gehältern
Gehäuse,Dat,Sing,Neut,,NOUN,Gehäuse | Gehäusen
Geist,Dat,Sing,Masc,,NOUN,Geist | Geiste
Geist,Dat,,,,NOUN,Geist | Geiste
Geld,Dat,Plur,Neut,,NOUN,Gebührengeldern | Geldern
Gen,Dat,Sing,Neut,,NOUN,Gen | Gene
Genuß,Acc,Sing,Masc,,NOUN,Genuss | Genuß
Genuß,Dat,Sing,Masc,,NOUN,Genuss | Genuß
George,Dat,Sing,Masc,,PROPN,George | Georges
Gerichtsbeschluss,Acc,Sing,Masc,,NOUN,Gerichtsbeschluss | Gerichtsbeschluß
Gerät,Dat,Plur,Neut,,NOUN,Geräte | Geräten
Gerät,Dat,Sing,Neut,,NOUN,Gerät | Geräte
Gerücht,Dat,Sing,Neut,,NOUN,Gerücht | Gerüchte
Geschoß,Acc,Sing,Neut,,NOUN,Geschoss | Geschoß
Geschäft,Dat,Sing,Neut,,NOUN,Geschäft | Geschäfte
Geschäftsfeld,Dat,Plur,Neut,,NOUN,Geschäftsfelder | Geschäftsfeldern
Geschäftsmodell,Dat,Sing,Neut,,NOUN,Geschäftsmodell | Geschäftsmodelle
Gesellschafter,Dat,Plur,Masc,,NOUN,Gesellschafter | Gesellschaftern
Gesetz,Dat,Sing,Neut,,NOUN,Gesetz | Gesetze
Gesetz,Dat,,,,NOUN,Gesetze | Gesetzen
Gesetz,Acc,,,,NOUN,Gesetz | Gesetze
Gesichtspunkt,Dat,,,,NOUN,Gesichtspunkt | Gesichtspunkte | Gesichtspunkten
Gespräch,Dat,Sing,Neut,,NOUN,Gespräch | Gespräche
Gestalt,Acc,,,,NOUN,Gestalt | Gestalten
Getränk,Acc,Sing,Neut,,NOUN,Getränk | Getränke
Gewand,Dat,Sing,Neut,,NOUN,Gewand | Gewande
Gewinn,Dat,Sing,Masc,,NOUN,Gewinn | Gewinne
Gitarrist,Dat,Sing,Masc,,NOUN,Gitarrist | Gitarristen
Glied,Acc,,,,NOUN,Glied | Glieder
Grab,Dat,Sing,Neut,,NOUN,Grab | Grabe
Graf,Dat,Sing,Masc,,PROPN,Graf | Grafen
Graphit,Dat,Sing,Masc,,NOUN,Graphit | Graphite
Großraum,Dat,Sing,Masc,,NOUN,Grossraum | Großraum
Großteil,Dat,Sing,Masc,,NOUN,Grossteil | Großteil
Grund,Dat,Sing,Masc,,NOUN,Grund | Grunde
Grund,Dat,,,,NOUN,Grund | Grunde
Gruß,Dat,Plur,Masc,,NOUN,Grüssen | Grüßen
Gut,Dat,Plur,Neut,,NOUN,Güter | Gütern
Gut,Dat,Sing,Neut,,NOUN,Gut | Gute
Gut,Acc,Sing,Neut,,NOUN,Gut | Gute
Gutmensch,Dat,Sing,Masc,,NOUN,Gutmensch | Gutmenschen
Halbjahresabschluß,Acc,Sing,Masc,,NOUN,Halbjahresabschluss | Halbjahresabschluß
Hals,Dat,Sing,Masc,,NOUN,Hals | Halse
Hand,Dat,,,,NOUN,Hand | Händen
Handelsplatz,Dat,Plur,Masc,,NOUN,Handelsplätze | Handelsplätzen
Hang,Acc,Plur,Masc,,NOUN,Hänge | Hängen
Hauptkonkurrent,Dat,Sing,Masc,,NOUN,Hauptkonkurrent | Hauptkonkurrenten
Haus,Dat,Sing,Neut,,NOUN,Handelshaus | Haus | Hause
Haus,Dat,,,,NOUN,Haus | Hause
Haushaltsausschuß,Acc,Sing,Masc,,NOUN,Haushaltsausschuss | Haushaltsausschuß
Haustürgeschäft,Dat,Plur,Neut,,NOUN,Haustürgeschäfte | Haustürgeschäften
Haß,Acc,Sing,Masc,,NOUN,Hass | Haß
Heim,Dat,Sing,Neut,,NOUN,Heim | Heime
Herr,Dat,Sing,Masc,,NOUN,Herren | Herrn
Herr,Acc,Sing,Masc,,NOUN,Herr | Herren | Herrn
Hersteller,Dat,Plur,Masc,,NOUN,Hersteller | Herstellern
Herz,Dat,Sing,Neut,,NOUN,Herz | Herzen
Hintergrund,Dat,Sing,Masc,,NOUN,HINTERGRUND | Hintergrund
Hinweis,Dat,Sing,Masc,,NOUN,Hinweis | Hinweise
Hirsch,Dat,Sing,Masc,,NOUN,Hirsch | Hirschen
Hochschulabschluß,Acc,Sing,Masc,,NOUN,Hochschulabschluss | Hochschulabschluß
Hof,Dat,Sing,Masc,,NOUN,Hof | Hofe
Hotel,Acc,Sing,Neut,,NOUN,Hotel | hotel
Hotel,Acc,Sing,Masc,,PROPN,HOTEL | Hotel
Hundert,Dat,Sing,Neut,,NOUN,Hundert | Hunderte
Hypothese,Acc,,,,NOUN,Hypothese | Hypothesen
Hörgenuß,Acc,Sing,Masc,,NOUN,Hörgenuss | Hörgenuß
I,Dat,Sing,Masc,,PROPN,I | IS
IBM-Labor,Dat,Plur,Neut,,NOUN,IBM-Laboren | IBM-Labors
ISDN-Anschluß,Acc,Sing,Masc,,NOUN,ISDN-Anschluss | ISDN-Anschluß
ISDN-Anschluß,Dat,Sing,Masc,,NOUN,ISDN-Anschluss | ISDN-Anschluß
ISDN-Komfortanschluß,Acc,Sing,Masc,,NOUN,ISDN-Komfortanschluss | ISDN-Komfortanschluß
Ideal,Acc,,,,NOUN,Ideal | Ideale
Ideal,Dat,,,,NOUN,Ideal | Idealen
Idee,Acc,,,,NOUN,Idee | Ideen
Idee,Dat,,,,NOUN,Idee | Ideen
Individualität,Acc,,,,NOUN,Individualität | Individualitäten
Individuum,Acc,,,,NOUN,Individuen | Individuum
Individuum,Dat,,,,NOUN,Individuen | Individuum
Indiz,Acc,Sing,Neut,,NOUN,Indiz | Indizien
Informationsfluß,Acc,Sing,Masc,,NOUN,Informationsfluss | Informationsfluß
Inhalt,Dat,Sing,Masc,,NOUN,Inhalt | Inhalte
Inner,Dat,Sing,,,NOUN,Inneren | Innern
Inner,Acc,Sing,Neut,,NOUN,Innere | Inneres
Insider-Geschäft,Dat,Sing,Neut,,NOUN,Insider-Geschäft | Insider-Geschäfte
Insidergeschäft,Dat,Plur,Neut,,NOUN,Insidergeschäfte | Insidergeschäften
Institut,Acc,Sing,Neut,,PROPN,Institut | Institute
Institut,Dat,Sing,Neut,,NOUN,Institut | Institute
Instrument,Dat,Sing,Neut,,NOUN,Instrument | Instrumente
Intel-PC,Acc,Plur,Masc,,NOUN,Intel-PC | Intel-PCs
Intelligenzquotient,Dat,Sing,Masc,,NOUN,Intelligenzquotient | Intelligenzquotienten
Interessiert,Acc,Plur,,,NOUN,Interessierte | Interessierten
Internet-Anschluß,Acc,Sing,Masc,,NOUN,Internet-Anschluss | Internet-Anschluß
Internet-Anschluß,Dat,Sing,Masc,,NOUN,Internet-Anschluss | Internet-Anschluß
Internet-Geschäft,Dat,Sing,Neut,,NOUN,Internet-Geschäft | Internet-Geschäfte
Internet-Nutzer,Dat,Plur,Masc,,NOUN,Internet-Nutzer | Internet-Nutzern
Internet-Provider,Dat,Plur,Masc,,NOUN,Internet-Provider | Internet-Providern
Internetanschluß,Dat,Sing,Masc,,NOUN,Internetanschluss | Internetanschluß
Internetanschluß,Acc,Sing,Masc,,NOUN,Internetanschluss | Internetanschluß
Internetprovider,Dat,Plur,Masc,,NOUN,Internetprovider | Internetprovidern
Irrweg,Dat,Plur,Masc,,NOUN,Irrwege | Irrwegen
Italienisch,Dat,Sing,Neut,,NOUN,Italienisch | Italienischen
Jahr,Dat,Plur,Neut,,NOUN,Jahre | Jahren
Jahr,Acc,Sing,Neut,,NOUN,Jahr | Jahre | jahr
Jahr,Acc,Plur,Neut,,NOUN,Jahre | Jahren
Jahr,Dat,Sing,Neut,,NOUN,Jahr | Jahre
Jahrestag,Dat,Sing,Masc,,NOUN,Jahrestag | Jahrestage
Jahresüberschuß,Acc,Sing,Masc,,NOUN,Jahresüberschuss | Jahresüberschuß
Jahrhundert,Dat,Plur,Neut,,NOUN,Jahrhunderten | Jahrhunderts
Jahrhundert,Acc,Plur,Neut,,NOUN,Jahrhunderte | Jahrhunderts
Johann,Dat,Sing,Masc,,PROPN,Johann | Johanns
Jugendlich,Acc,Plur,,,NOUN,Jugendliche | Jugendlichen
Jugendlicher,Acc,Plur,,,NOUN,Jugendliche | Jugendlichen
Justizausschuß,Dat,Sing,Masc,,NOUN,Justizausschuss | Justizausschuß
Kabel,Dat,Plur,Neut,,NOUN,Kabel | Kabeln
Kabelnetz,Dat,Sing,Neut,,NOUN,Kabelnetz | Kabelnetze
Kabelnetzbetreiber,Dat,Plur,Masc,,NOUN,Kabelnetzbetreiber | Kabelnetzbetreibern
Kabinettsbeschluß,Acc,Sing,Masc,,NOUN,Kabinettsbeschluss | Kabinettsbeschluß
Kampf,Dat,Sing,Masc,,NOUN,Kampf | Kapf
Kandidat,Acc,Sing,Masc,,NOUN,Kandidat | Kandidaten
Karl,Dat,Sing,Masc,,PROPN,Karl | Karls
Kartellprozess,Dat,Sing,Masc,,NOUN,Kartellprozess | Kartellprozeß
Kartellrechtsprozeß,Dat,Sing,Masc,,NOUN,Kartellrechtsprozess | Kartellrechtsprozeß
Kaufabschluß,Dat,Sing,Masc,,NOUN,Kaufabschluss | Kaufabschluß
Kennwort,Dat,Sing,Neut,,NOUN,Kennwort | Kennworte
Kilometer,Dat,Plur,Masc,,NOUN,Kilometer | Kilometern
Kind,Dat,Plur,Neut,,NOUN,Kinder | Kindern
Kind,Dat,Sing,Neut,,NOUN,Kind | Kindes
Kind,Dat,,,,NOUN,Kinde | Kindern
Kiosk,Acc,Plur,Masc,,NOUN,Kiosk | Kioske
Kommentar,Dat,Sing,Masc,,NOUN,Kommentar | Kommentare
Kommunikationsdienst,Dat,Plur,Masc,,NOUN,Kommunikationsdienste | Kommunikationsdiensten
Kommunikationsnetz,Dat,Sing,Neut,,NOUN,Kommunikationsnetz | Kommunikationsnetze
Kompromiß,Acc,Sing,Masc,,NOUN,Kompromiss | Kompromiß
Kompromiß,Dat,Sing,Masc,,NOUN,Kompromiss | Kompromiß
Kongreß,Dat,Sing,Masc,,NOUN,Kongress | Kongreß
Kongreß,Acc,Sing,Masc,,NOUN,Kongress | Kongreß
Konkurrent,Dat,Sing,Masc,,NOUN,Konkurrent | Konkurrenten
Kontakt,Acc,Sing,Masc,,NOUN,Kontakt | Kontakte
Konto,Dat,Sing,Neut,,NOUN,KOnten | Konto
Konzern,Dat,Sing,Masc,,NOUN,Konzern | Konzerne
Konzern,Dat,Plur,Masc,,NOUN,Konzerne | Konzernen
Konzert,Dat,Sing,Neut,,NOUN,Konzert | Konzerte
Kraft,Acc,,,,NOUN,Kraft | Kräfte
Krankheit,Acc,,,,NOUN,Krankheit | Krankheiten
Kreditausschuß,Dat,Sing,Masc,,NOUN,Kreditausschuss | Kreditausschuß
Kreditinstitut,Dat,Plur,Neut,,NOUN,Kreditinstitute | Kreditinstituten
Kreis,Dat,Sing,Masc,,NOUN,Kreis | Kreise
Krieg,Dat,Sing,Masc,,NOUN,Krieg | Kriege
Kriegsfall,Dat,Sing,Masc,,NOUN,Kriegsfall | Kriegsfalle
Kunst,Acc,,,,NOUN,Kunst | Künste
Kunststoff,Dat,Sing,Masc,,NOUN,Kunststoff | Kunststoffe
Kunstwerk,Dat,,,,NOUN,Kunstwerke | Kunstwerken
Kupferprozeß,Acc,Sing,Masc,,NOUN,Kupferprozess | Kupferprozeß
Kurfürst,Dat,Sing,Masc,,NOUN,Kurfürst | Kurfürsten
Kurs,Dat,Sing,Masc,,NOUN,Kurs | Kurse
Künstler,Dat,Plur,Masc,,NOUN,Künstler | Künstlern
LAN-Party,Dat,Plur,Fem,,NOUN,LAN-Parties | LAN-Partys
Label,Dat,Plur,Neut,,NOUN,Labeln | Labels
Label,Acc,Plur,Neut,,NOUN,Label | Labels
Ladenschluß,Dat,Sing,Masc,,NOUN,Ladenschluss | Ladenschluß
Land,Acc,Plur,Neut,,NOUN,Lande | Länder
Land,Dat,Sing,Neut,,NOUN,Land | Lande
Land,Dat,Plur,Neut,,NOUN,Landen | Länder | Ländern
Lauf,Dat,Sing,Masc,,NOUN,Lauf | Laufe
Laufpaß,Acc,Sing,Masc,,NOUN,Laufpass | Laufpaß
Laufwerk,Dat,Sing,Neut,,NOUN,Laufwerk | Laufwerke
Lautsprecher,Dat,Plur,Masc,,NOUN,Lautsprecher | Lautsprechern
Le,Dat,Sing,Neut,,PROPN,Le | le
Le,Dat,Sing,Masc,,PROPN,Le | le
Leib,Dat,Sing,Masc,,NOUN,Leib | Leibe
Leut,Dat,Plur,Masc,,NOUN,Leute | Leuten
Licht,Dat,Sing,Neut,,NOUN,Licht | Lichte
Lieferant,Dat,Sing,Masc,,NOUN,Lieferant | Lieferanten
Linux-Kongreß,Dat,Sing,Masc,,NOUN,Linux-Kongress | Linux-Kongreß
Live,Dat,Sing,Fem,,NOUN,LIVE | Live
Lunge,Dat,Sing,Fem,,NOUN,Lunge | Lungen
Mac,Acc,Sing,Masc,,PROPN,Mac | mac
Magazin,Dat,Sing,Neut,,NOUN,Magazin | Magazine
Mal,Acc,Plur,Neut,,NOUN,Mal | Male
Mal,Dat,Sing,Neut,,NOUN,Mal | Male
Manier,Dat,,,,NOUN,Manier | Manieren
Mann,Acc,Plur,Masc,,NOUN,Mann | Mannen | Männer
Mann,Dat,Plur,Masc,,NOUN,Mannen | Männern
Mann,Dat,Sing,Masc,,NOUN,Mann | Manne
Mann,Acc,,,,NOUN,Mann | Männer
Markt,Dat,Sing,Masc,,NOUN,Markt | Markte
Markt,Dat,Sing,Masc,,PROPN,Markt | ProMarkt
Marktbeobachter,Dat,Plur,Masc,,NOUN,Marktbeobachter | Marktbeobachtern
Masse,Dat,Plur,Fem,,NOUN,Massen | Maßen
Masse,Acc,Sing,Fem,,NOUN,Masse | Maße
Masse,Acc,Plur,Fem,,NOUN,Massen | Maßen
Masse,Acc,,,,NOUN,Masse | Massen
Massiv,Dat,Sing,Neut,,NOUN,Massiv | Massive
Mathematiker,Dat,Plur,Masc,,NOUN,Mathematiker | Mathematikern
Maß,Dat,Sing,Neut,,NOUN,Masse | Maß | Maße
Maß,Dat,Plur,,,NOUN,Massen | Maßen
Mediendienst,Dat,Sing,Masc,,NOUN,Mediendienst | Mediendienste
Medikament,Dat,Sing,Neut,,NOUN,Medikament | Medikamente
Megabyte,Dat,Plur,Neut,,NOUN,Megabyte | Megabytes
Megapixel,Dat,Plur,Masc,,NOUN,Megapixel | Megapixeln
Mensch,Acc,Sing,Masc,,NOUN,Mensch | Menschen
Mensch,Dat,Sing,Masc,,NOUN,Mensch | Menschen
Mensch,Acc,,,,NOUN,Mensch | Menschen
Mensch,Dat,,,,NOUN,Mensch | Menschen
Menschenrecht,Dat,Sing,Neut,,NOUN,Menschenrecht | Menschenrechte
Messeschluss,Dat,Sing,Masc,,NOUN,Messeschluss | Messeschluß
Meter,Dat,Plur,Masc,,NOUN,Meter | Metern
Microsoft-Prozeß,Dat,Sing,Masc,,NOUN,Microsoft-Prozess | Microsoft-Prozeß
Mikrometer,Dat,Plur,Masc,,NOUN,Mikrometer | Mikrometern
Milliardenverlust,Dat,Sing,Masc,,NOUN,Milliardenverlust | Milliardenverluste
Millimeter,Dat,Plur,Masc,,NOUN,Millimeter | Millimetern
Mindpixel,Dat,Plur,,,NOUN,Mindpixel | Mindpixeln
Ministerpräsident,Acc,Sing,Masc,,NOUN,Ministerpräsident | Ministerpräsidenten
Ministerpräsident,Dat,Sing,Masc,,NOUN,Ministerpräsident | Ministerpräsidenten
Minute,Acc,Sing,Fem,,NOUN,Minute | Minuten
Minute,Dat,Plur,Fem,,NOUN,Minuten | minuten
Misserfolg,Dat,Sing,Masc,,NOUN,Misserfolg | Misserfolge
Mitarbeiter,Dat,Plur,Masc,,NOUN,Mitarbeiter | Mitarbeitern
Mitglied,Dat,Plur,Neut,,NOUN,Mitglieder | Mitgliedern
Mittag,Dat,Sing,Masc,,NOUN,Mittag | Mittwochmittag
Mißbrauch,Dat,Sing,Masc,,NOUN,Missbrauch | Mißbrauch
Mobilfunknetz,Dat,Sing,Neut,,NOUN,Mobilfunknetz | Mobilfunknetze
Mobiltelefon,Dat,Sing,Neut,,NOUN,Mobiltelefon | Mobiltelefone
Modell,Dat,Sing,Neut,,NOUN,Modell | Modelle
Modul,Dat,Sing,Neut,,NOUN,Modul | Module
Monat,Dat,Plur,Masc,,NOUN,Monate | Monaten | monaten
Monat,Dat,Sing,Masc,,NOUN,Monat | Monate
Motor,Dat,Sing,,,PROPN,Motor | Motors
Mund,Dat,Sing,Masc,,NOUN,Mund | Munde
Musiktitel,Dat,Plur,Neut,,NOUN,Musiktitel | Musiktiteln
Muster,Dat,Plur,Neut,,NOUN,Muster | Mustern
Musterbeispiel,Dat,Sing,Neut,,NOUN,Musterbeispiel | Musterbeispiele
Mut,Dat,Sing,Masc,,NOUN,Mut | Mute
Mutter,Dat,Plur,Fem,,NOUN,Mutter | Müttern
Mühe,Acc,Plur,Fem,,NOUN,Mühe | Mühen
Nachlaß,Dat,Sing,Masc,,NOUN,Nachlass | Nachlaß
Nacht,Dat,Plur,Fem,,NOUN,Nacht | Nächten
Nanometer,Dat,Plur,Masc,,NOUN,Nanometer | Nanometern
Nation,Acc,,,,NOUN,Nation | Nationen
Netz,Dat,Sing,Neut,,NOUN,Netz | Netze
Netz,Dat,Plur,Neut,,NOUN,Netze | Netzen
Netzwerk,Dat,Sing,Neut,,NOUN,Netzwerk | Netzwerke
Netzwerk,Dat,Plur,Neut,,NOUN,Netzwerke | Netzwerken
Netzwerkanschluß,Acc,Sing,Masc,,NOUN,Netzwerkanschluss | Netzwerkanschluß
Netzwerker,Dat,Plur,Masc,,NOUN,Netzwerker | Netzwerkern
Netzwerkspezialist,Dat,Sing,Masc,,NOUN,Netzwerkspezialist | Netzwerkspezialisten
Neu,Acc,Sing,Neut,,NOUN,Neue | Neues
Neujahrstag,Dat,Sing,Masc,,NOUN,Neujahrstag | Neujahrstage
Newsletter,Dat,Plur,Masc,,NOUN,Newslettern | Newsletters
Norden,Dat,Sing,Masc,,NOUN,Nord | Norden
Nummer,Dat,Sing,Fem,,NOUN,Nr. | Nummer
Nummer,Acc,Sing,Fem,,NOUN,Nr. | Nummer
Office-Paket,Dat,Sing,Neut,,NOUN,Office-Paket | Office-Pakete
Online-Dienst,Dat,Sing,Masc,,NOUN,Online-Dienst | Online-Dienste
Online-Spiel,Dat,Sing,Neut,,NOUN,Online-Spiel | Online-Spiele
Online-Verkauf,Dat,Plur,Masc,,NOUN,Online-Verkäufe | Online-Verkäufen
Organ,Dat,Sing,Neut,,NOUN,Organ | Organe
Organ,Acc,,,,NOUN,Organ | Organe
Organizer,Dat,Plur,Masc,,NOUN,Organizer | Organizern
Ort,Dat,Sing,Masc,,NOUN,Ort | Orte
PC,Dat,Plur,Masc,,NOUN,PC | PCs
PC,Acc,Plur,Masc,,NOUN,PC | PCs
Paragraf,Acc,Sing,Masc,,NOUN,Paragraf | Paragrafen
Paragraph,Dat,Sing,Masc,,NOUN,Paragraph | Paragraphen
Paragraph,Acc,Sing,Masc,,NOUN,Paragraph | Paragraphen
Parlamentarier,Dat,Plur,Masc,,NOUN,Parlamentarier | Parlamentariern
Partner,Dat,Plur,Masc,,NOUN,Partner | Partnern
Passwort,Dat,Plur,Neut,,NOUN,Passwörter | Passwörtern
Passwort,Acc,Plur,Neut,,NOUN,Passworte | Passwörter
Patent,Dat,Sing,Neut,,NOUN,Patent | Patente
Patient,Dat,Sing,Masc,,NOUN,Patient | Patienten
Patient,Acc,Sing,Masc,,NOUN,Patient | Patienten
Paß,Acc,Sing,Masc,,NOUN,Pass | Paß
Paßwort,Acc,Sing,Neut,,NOUN,Passwort | Paßwort
Pfennig,Acc,Plur,Masc,,NOUN,Pfennig | Pfennige
Pfennig,Dat,Plur,Masc,,NOUN,Pfennig | Pfennige | Pfennigen
Pfennig,Dat,Sing,Masc,,NOUN,Pfennig | Pfennige
Philosophie,Acc,,,,NOUN,Philosophie | Philosophien
Pilot,Dat,Sing,Masc,,NOUN,Pilot | Piloten
Pinguin,Dat,Plur,Masc,,NOUN,Pinguine | Pinguinen
Pixel,Dat,Plur,Masc,,NOUN,Pixel | Pixeln
Pixel,Dat,Plur,,,NOUN,Pixel | Pixeln
Plan,Dat,Plur,Masc,,NOUN,Pläne | Plänen
Planet,Dat,Sing,Masc,,NOUN,Planet | Planeten
Planet,Acc,Sing,Masc,,NOUN,Planet | Planeten
Platz,Dat,Sing,Masc,,NOUN,Platz | Platze
Platzhirsch,Dat,Sing,Masc,,NOUN,Platzhirsch | Platzhirsche | Platzhirschen
Plazierung,Acc,Sing,Fem,,NOUN,Platzierung | Plazierung
Pocket-PC,Dat,Plur,Masc,,NOUN,Pocket-PC | Pocket-PCs
Praktikum,Acc,Sing,Neut,,NOUN,Praktika | Praktikum
Praktikum,Acc,Plur,Neut,,NOUN,Praktika | Praktiken
Praktikum,Dat,Plur,Neut,,NOUN,Praktika | Praktiken
Preis,Dat,Sing,Masc,,NOUN,Preis | Preise
Preis,Dat,Plur,Masc,,NOUN,Preis | Preisen
Preis,Acc,Sing,Masc,,NOUN,Preis | preis
Preisnachlaß,Acc,Sing,Masc,,NOUN,Preisnachlass | Preisnachlaß
Preisnachlaß,Dat,Plur,Masc,,NOUN,Preisnachlässe | Preisnachlässen
Preisvergleich,Dat,Sing,Masc,,NOUN,Preisvergleich | Preisvergleiche
Prinzip,Acc,,,,NOUN,Prinzip | Prinzipien
Privat,Acc,Plur,,,NOUN,Private | Privaten
Privatanschluß,Acc,Sing,Masc,,NOUN,Privatanschluss | Privatanschluß
Problem,Acc,Plur,Neut,,NOUN,Probleme | probleme
Problem,Dat,Sing,Neut,,NOUN,Problem | Probleme
Produkt,Dat,Plur,Neut,,NOUN,Produkte | Produkten
Produkt,Dat,Sing,Neut,,NOUN,Produkt | Produkte
Produkt,Acc,,,,NOUN,Produkt | Produkte
Produzent,Dat,Sing,Masc,,NOUN,Produzent | Produzenten
Professor,Acc,Sing,Masc,,NOUN,Prof. | Professor
Professor,Dat,Sing,Masc,,NOUN,Prof. | Professor
Profi,Dat,Plur,Masc,,NOUN,Profi | Profis
Profil,Dat,Sing,Neut,,NOUN,Profil | Profile
Programm,Dat,Sing,Neut,,NOUN,Programm | Programme
Projekt,Dat,Plur,Neut,,NOUN,Projekte | Projekten
Protein,Dat,Sing,Neut,,NOUN,Protein | Proteine
Protokoll,Dat,Sing,Neut,,NOUN,Protokoll | Protokolle
Prototyp,Acc,Sing,Masc,,NOUN,Prototyp | Prototypen
Prototyp,Dat,Sing,Masc,,NOUN,Prototyp | Prototypen
Prozedere,Acc,Sing,Neut,,NOUN,Procedere | Prozedere
Prozent,Dat,Plur,Neut,,NOUN,Prozent | Prozenten
Prozent,Dat,Sing,Neut,,NOUN,Prozent | Prozente
Prozeß,Acc,Sing,Masc,,NOUN,Produktionsprozess | Prozess | Prozeß
Prozeß,Dat,Sing,Masc,,NOUN,Produktionsprozess | Prozess | Prozesse | Prozeß
Prozeß,Acc,Plur,Masc,,NOUN,Produktionsprozesse | Prozesse
Prozeß,Dat,Plur,Masc,,NOUN,Prozess | Prozessen
Präsident,Acc,Sing,Masc,,NOUN,Präsident | Präsidenten
Präsident,Dat,Sing,Masc,,NOUN,Präsident | Präsidenten
Präsidentschaftskandidat,Acc,Sing,Masc,,NOUN,Präsidentschaftskandidat | Präsidentschaftskandidaten
Prätension,Acc,,,,NOUN,Prätension | Prätensionen
Punkt,Acc,,,,NOUN,Punkt | Punkte
Quadratmeter,Dat,Plur,Masc,,NOUN,Quadratmeter | Quadratmetern
Quadratmillimeter,Dat,Plur,Masc,,NOUN,Quadratmillimeter | Quadratmillimetern
Quartalsabschluß,Acc,Sing,Masc,,NOUN,Quartalsabschluss | Quartalsabschluß
Quartalsabschluß,Dat,Sing,Masc,,NOUN,Quartalsabschluss | Quartalsabschluß
Quartalsergebnis,Dat,Sing,Neut,,NOUN,Quartalsergebnis | Quartalsergebnisse
Rabatt,Dat,Sing,Masc,,NOUN,Rabatt | Rabatte
Rad,Dat,Plur,Neut,,NOUN,Rad | Rädern
Rand,Dat,Sing,Masc,,NOUN,Rand | Rande
Rang,Dat,Sing,Masc,,NOUN,Rang | Range
Rat,Dat,Sing,Masc,,NOUN,Rat | Rate
Rausschmiß,Dat,Sing,Masc,,NOUN,Rausschmiss | Rausschmiß
Rausschmiß,Acc,Sing,Masc,,NOUN,Rausschmiss | Rausschmiß
Rebell,Dat,Sing,Masc,,NOUN,Rebell | Rebellen
Rechner,Dat,Plur,Masc,,NOUN,RECHNERN | Rechner | Rechnern
Recht,Acc,Plur,,,NOUN,Rechte | Rechten
Recht,Acc,,,,NOUN,Recht | Rechte
Recht,Dat,,,,NOUN,Recht | Rechte | Rechten
Rechtsausschuß,Dat,Sing,Masc,,NOUN,Rechtsausschuss | Rechtsausschuß
Rechtsausschuß,Acc,Sing,Masc,,NOUN,Rechtsausschuss | Rechtsausschuß
Rechtsradikal,Acc,Plur,,,NOUN,Rechtsradikale | Rechtsradikalen
Record,Dat,Sing,Masc,,PROPN,Record | Records
Rede,Dat,Sing,Fem,,NOUN,REDE | Rede
Reflexion,Dat,,,,NOUN,Reflexion | Reflexionen
Regierungsmitglied,Dat,Plur,Neut,,NOUN,Regierungsmitglieder | Regierungsmitgliedern
Regiment,Acc,Plur,Neut,,NOUN,Regimenter | Regiments
Registrar,Dat,Sing,Masc,,NOUN,Registrar | Registrare
Reich,Acc,Sing,Neut,,PROPN,Reich | Reiches
Reich,Dat,,,,NOUN,Reich | Reiche
Reihe,Dat,Sing,Fem,,NOUN,Reih | Reihe
Rezept,Dat,Sing,Neut,,NOUN,Rezept | Rezepte
Richtung,Dat,,,,NOUN,Richtung | Richtungen
Robert,Dat,Sing,Masc,,PROPN,Robert | Roberts
Rock,Dat,Sing,Masc,,NOUN,Rock | Rocke
Rohstoff,Dat,Sing,Masc,,NOUN,Rohstoff | Rohstoffe
Roman,Acc,,,,NOUN,Roman | Romane
Rußland,Dat,Sing,Neut,,PROPN,Russland | Rußland
Rußland,Acc,Sing,Neut,,PROPN,Russland | Rußland
Sache,Acc,Plur,Fem,,NOUN,Sache | Sachen
Sand,Dat,Sing,Masc,,NOUN,Sand | Sande
Satellit,Acc,Sing,Masc,,NOUN,Satellit | Satelliten
Satellit,Dat,Sing,Masc,,NOUN,Satellit | Satelliten
Satellitenverkehr,Dat,Sing,Masc,,NOUN,Satellitenverkehr | Satellitenverkehre
Satz,Acc,Sing,Masc,,NOUN,Samurai-Chipssatz | Satz
Satz,Acc,,,,NOUN,Satz | Sätze
Schaden,Acc,Plur,Masc,,NOUN,Schäden | schäden
Schaltkreis,Dat,Sing,Masc,,NOUN,Schaltkreis | Schaltkreise
Schatz,Acc,,,,NOUN,Schatz | Schätze
Schiff,Dat,Sing,Neut,,NOUN,Schiff | Schiffen
Schiff,Acc,Sing,Neut,,NOUN,Schiff | Schlachtschiff
Schild,Dat,Sing,Neut,,NOUN,Schild | Schutzschild
Schilling,Dat,Plur,Masc,,NOUN,Schilling | Schillingen
Schimpferei,Dat,Plur,Fem,,NOUN,Schimpereien | Schimpfereien
Schlag,Dat,Sing,Masc,,NOUN,Schlag | Schlage
Schluss,Dat,Sing,Masc,,NOUN,Schluss | Schluß
Schluss,Acc,Sing,Masc,,NOUN,Schluss | Schluß
Schluß,Dat,Sing,Masc,,NOUN,Schluss | Schluß | schluss
Schluß,Acc,Sing,Masc,,NOUN,Schluss | Schluß
Schlüsselbegriff,Dat,Sing,Masc,,NOUN,Schlüsselbegriff | Schlüsselbegriffe
Schlüsselwort,Dat,Sing,Neut,,NOUN,Schlüsselwort | Schlüsselworte
Schulbuch,Dat,Plur,Neut,,NOUN,Schulbücher | Schulbüchern
Schulkind,Dat,Plur,Neut,,NOUN,Schulkinder | Schulkindern
Schulterschluss,Acc,Sing,Masc,,NOUN,Schulterschluss | Schulterschluß
Schutz,Acc,Sing,Masc,,NOUN,Schreibschutz | Schutz
Schutz,Dat,Sing,Masc,,NOUN,Schreibschutz | Schutz | Schutze
Schuß,Dat,Plur,Masc,,NOUN,Schnellschüssen | Schüssen
Schuß,Dat,Sing,Masc,,NOUN,Schnellschuss | Schnellschuß | Schuss
Schuß,Acc,Sing,Masc,,NOUN,Schnappschuss | Schnellschuss
Schwarz,Acc,Sing,Neut,,NOUN,Schwarz | Schwarze
Schwarze,Acc,Plur,,,NOUN,Schwarze | Schwarzen
Schwerpunkt,Dat,Sing,Masc,,NOUN,Schwerpunkt | Schwerpunkte
Schädling,Dat,Plur,Masc,,NOUN,Schädlinge | Schädlingen
Sein,Dat,Sing,Neut,,NOUN,Sein | Selbstbewusstsein
Seite,Dat,,,,NOUN,Seite | Seiten
Seitenaufruf,Dat,Plur,Masc,,NOUN,Seitenaufrufe | Seitenaufrufen
Selbständigkeit,Acc,Sing,Fem,,NOUN,Selbstständigkeit | Selbständigkeit
Senat,Dat,Sing,Masc,,NOUN,Senat | Senates
Senatsauschuß,Dat,Sing,Masc,,NOUN,Senatsauschuss | Senatsauschuß
Server,Dat,Plur,Masc,,NOUN,Server | Servern
Service,Acc,Sing,Masc,,NOUN,Service | service
Service,Dat,Sing,Masc,,NOUN,Service | Services
Service,Dat,Sing,Fem,,NOUN,Service | service
Sichtkontakt,Dat,Sing,Masc,,NOUN,Sichtkontakt | Sichtkontakte
Sinn,Dat,Sing,Masc,,NOUN,Sinn | Sinne
Sinn,Acc,,,,NOUN,Sinn | Sinns
Sinn,Dat,,,,NOUN,Sinn | Sinne
Skandal,Dat,Sing,Masc,,NOUN,Skandal | Skandale
Sockel,Dat,Plur,Masc,,NOUN,Sockel | Sockeln
Soldat,Acc,Plur,Masc,,NOUN,Soldante | Soldaten
Sonderangebot,Dat,Sing,Neut,,NOUN,Sonderangebot | Sonderangebote
Sonntag,Dat,Sing,Masc,,NOUN,SONNTAG | Sonntag
Spam,Acc,Sing,Neut,,NOUN,SPAM | Spam
Spaß,Acc,Sing,Masc,,NOUN,Spass | Spaß | Spielspaß
Spezialist,Acc,Sing,Masc,,NOUN,Spezialist | Spezialisten
Spiegel,Dat,Sing,Masc,,NOUN,SPIEGEL | Spiegel
Spiel,Dat,Sing,Neut,,NOUN,Spiel | Spiele
Spielfilm,Dat,Sing,Masc,,NOUN,Spielfilm | Spielfilme
Spitzengespräch,Dat,Sing,Neut,,NOUN,Spitzengespräch | Spitzengespräche
Spot,Dat,Sing,Masc,,NOUN,Spot | Spots
Spur,Acc,,,,NOUN,Spur | Spuren
Staat,Dat,Sing,Masc,,NOUN,Staat | Staate
Staat,Acc,Sing,Masc,,NOUN,Staat | Staats
Stand,Dat,Sing,Masc,,NOUN,Stand | Stande
Standard-Protokoll,Dat,Sing,Neut,,NOUN,Standard-Protokoll | Standard-Protokolle
Standardisierungsprozeß,Acc,Sing,Masc,,NOUN,Standardisierungsprozess | Standardisierungsprozeß
Standort,Acc,Sing,Masc,,NOUN,Standort | Standorten
Startschuß,Dat,Sing,Masc,,NOUN,Startschuss | Startschuß
Station,Dat,Sing,Fem,,PROPN,ScoopStation | Station
Stein,Dat,Sing,Masc,,NOUN,Stein | Steine
Stelle,Acc,,,,NOUN,Stelle | Stellen
Stellung,Acc,Sing,Fem,,NOUN,Stellung | stellung
Stichwort,Dat,Sing,Neut,,NOUN,Stichwort | Stichworte
Stichwort,Dat,Plur,Neut,,NOUN,Stichworten | Stichwörtern
Stil,Dat,Sing,Masc,,NOUN,Stil | Stile
Stoß,Acc,Sing,Masc,,NOUN,Stoß | Stromstoß
Strafprozeß,Dat,Sing,Masc,,NOUN,Strafprozess | Strafprozeß
Strafprozeß,Acc,Sing,Masc,,NOUN,Strafprozess | Strafprozeß
Straße,Dat,Sing,Fem,,NOUN,Straße | Straßen
Straße,Acc,Sing,Fem,,NOUN,Strasse | Straße
Stress,Dat,Sing,Masc,,NOUN,Stress | Streß
Stromausfall,Dat,Plur,Masc,,NOUN,Stromausfälle | Stromausfällen
Studierend,Acc,Plur,,,NOUN,Studierende | Studierenden
Stück,Dat,Sing,Neut,,NOUN,Stück | Stücke
Stück,Dat,Plur,Neut,,NOUN,Stück | Stücken
Stück,Acc,Plur,Neut,,NOUN,Stück | Stücke
Synergieeffekt,Dat,Sing,Masc,,NOUN,Synergieeffekt | Synergieeffekte
System,Dat,Sing,Neut,,NOUN,System | Systeme
System,Dat,Plur,Neut,,NOUN,Systeme | Systemen
System,Acc,,,,NOUN,System | Systeme
System,Dat,,,,NOUN,System | Systemen
T-DSL-Anschluß,Dat,Sing,Masc,,NOUN,T-DSL-Anschluss | T-DSL-Anschluß
TV,Dat,Plur,Neut,,NOUN,TV's | TVs
TV-Gerät,Dat,Sing,Neut,,NOUN,TV-Gerät | TV-Geräte
TV-Kabelnetz,Dat,Sing,Neut,,NOUN,TV-Kabelnetz | TV-Kabelnetze
Tag,Dat,Plur,Masc,,NOUN,Tage | Tagen
Tag,Dat,Sing,Masc,,NOUN,Tag | Tage
Taiwan-Dollar,Acc,Plur,Masc,,NOUN,Taiwan-Dollar | Taiwan-Dollars
Taiwan-Dollar,Dat,Plur,Masc,,NOUN,Taiwan-Dollar | Taiwan-Dollars
Talent,Acc,,,,NOUN,Talent | Talente
Tarif,Dat,Sing,Masc,,NOUN,Tarif | Tarife
Taschencomputer,Dat,Plur,Masc,,NOUN,Taschencomputer | Taschencomputern
Techniker,Dat,Plur,Masc,,NOUN,Techniker | Technikern
Teil,Dat,Sing,,,NOUN,Teil | Teile
Teil,Acc,,,,NOUN,Teil | Teile
Teilbereich,Dat,Plur,Masc,,NOUN,Teilbereiche | Teilbereichen
Teilnehmeranschluß,Dat,Plur,Masc,,NOUN,Teilnehmeranschlüsse | Teilnehmeranschlüssen
Telefon,Dat,Sing,Neut,,NOUN,Telefon | telefon
Telefonanschluß,Dat,Sing,Masc,,NOUN,Telefonanschluss | Telefonanschluß
Telefonanschluß,Acc,Sing,Masc,,NOUN,Telefonanschluss | Telefonanschluß
Telefongespräch,Dat,Sing,Neut,,NOUN,Telefongespräch | Telefongespräche
Telefonica-Präsident,Dat,Sing,Masc,,NOUN,Telefonica-Präsident | Telefonica-Präsidenten
Telefonnetz,Dat,Sing,Neut,,NOUN,Telefonnetz | Telefonnetze
Telekom-Konkurrent,Dat,Sing,Masc,,NOUN,Telekom-Konkurrent | Telekom-Konkurrenten
Telepolis-Korrespondent,Dat,Sing,Masc,,NOUN,Telepolis-Korrespondent | Telepolis-Korrespondenten
Tendenz,Dat,,,,NOUN,Tendenz | Tendenzen
Terabyte,Acc,Plur,Neut,,NOUN,Terabyte | Terabytes
Termin,Dat,Sing,Masc,,NOUN,Termin | Termine
Termin,Acc,Sing,Fem,,NOUN,Termin | Termine
Termingeschäft,Dat,Plur,Neut,,NOUN,Termingeschäfte | Termingeschäften
Testlauf,Dat,Plur,Masc,,NOUN,Testläufe | Testläufen
Text,Dat,Plur,Masc,,NOUN,Text | Texte | Texten
Text,Acc,Sing,Masc,,NOUN,Teletext | Text
Text,Dat,Sing,Masc,,NOUN,Teletext | Text | Texte
Theorie,Acc,,,,NOUN,Theorie | Theorien
Tier,Dat,Sing,Neut,,NOUN,Tier | Tiere
Tip,Acc,Plur,Masc,,NOUN,Tipps | Tips
Tochter,Acc,Plur,Fem,,NOUN,Töchter | Töchtern
Tod,Dat,Sing,Masc,,NOUN,Tod | Tode
Ton,Acc,,,,NOUN,Ton | Töne
Tor,Dat,Sing,Neut,,PROPN,AppleStore | Tor
Trainer,Dat,Plur,Masc,,NOUN,Trainer | Trainern
Tschechoslowakei,Acc,Sing,Fem,,PROPN,Tschechoslowakai | Tschechoslowakei
Turnier,Dat,Plur,Neut,,NOUN,Turniere | Turnieren
Typ,Acc,Sing,Masc,,NOUN,Typ | Typen
UMTS-Netz,Dat,Sing,Neut,,NOUN,UMTS-Netz | UMTS-Netze
US-Armee,Acc,Sing,Fem,,NOUN,US-Armee | US-Army
US-Börsenschluss,Dat,Sing,Masc,,NOUN,US-Börsenschluss | US-Börsenschluß
US-Cent,Acc,Plur,Masc,,NOUN,US-Cent | US-Cents
US-Cent,Dat,Plur,Masc,,NOUN,US-Cent | US-Cents
US-Kongreß,Dat,Sing,Masc,,NOUN,US-Kongress | US-Kongreß
US-Kongreß,Acc,Sing,Masc,,NOUN,US-Kongress | US-Kongreß
US-Magazin,Dat,Sing,Neut,,NOUN,US-Magazin | US-Magazine
US-Präsident,Dat,Sing,Masc,,NOUN,US-Präsident | US-Präsidenten
USB-Anschluß,Acc,Sing,Masc,,NOUN,USB-Anschluss | USB-Anschluß
USB-Anschluß,Dat,Sing,Masc,,NOUN,USB-Anschluss | USB-Anschluß
Umfang,Dat,Sing,Masc,,NOUN,Umfang | Umfange
Umsatz,Dat,Plur,Masc,,NOUN,Umsätze | Umsätzen
Umsatzrückgang,Dat,Plur,Masc,,NOUN,Umsatzrückgänge | Umsatzrückgängen
Universitätsabschluß,Acc,Sing,Masc,,NOUN,Universitätsabschluss | Universitätsabschluß
Unternehmensportal,Dat,Sing,Neut,,NOUN,Unternehmensportal | Unternehmensportale
Ursprung,Dat,,,,NOUN,Ursprung | Ursprunge
Veranstalter,Acc,Plur,Masc,,NOUN,VERANSTALTER | Veranstalter
Verantwortlich,Acc,Plur,,,NOUN,Verantwortliche | Verantwortlichen
Verband,Dat,Plur,Masc,,NOUN,Verbraucherschutzverbänden | Verbraucherverbänden | Verbänden
Verbot,Dat,Plur,Neut,,NOUN,Verboten | Vereinsverboten
Verbot,Acc,Sing,Neut,,NOUN,Verbot | Versandverbot | Verschlüsselungsverbot
Verbot,Dat,Sing,Neut,,NOUN,Verbot | Verbote | Verkaufsverbot
Verdächtig,Acc,Plur,,,NOUN,Verdächtige | Verdächtigen
Verein,Dat,Sing,Masc,,NOUN,Verbraucherschutzverein | Verbraucherverein | Verein | Vereine
Verein,Acc,Sing,Masc,,NOUN,Verbraucherschutzverein | Verein
Verhältnis,Dat,Sing,Neut,,NOUN,Verhältnis | Verhältnissen
Verhältnis,Dat,Plur,Neut,,NOUN,Verhältnisse | Verhältnissen
Verhältnis,Dat,,,,NOUN,Verhältnisse | Verhältnissen
Verkettung,Acc,,,,NOUN,Verkettung | Verkettungen
Verkäufer,Dat,Plur,Masc,,NOUN,Verkäufer | Verkäufern
Verlag,Acc,Sing,Masc,,NOUN,Verlag | Verlagen
Verlag,Dat,Plur,Masc,,NOUN,Verlage | Verlagen
Verlauf,Dat,Sing,Masc,,NOUN,Verlauf | Verlaufe
Verlust,Dat,Sing,Masc,,NOUN,Verlust | Verluste
Vermischung,Dat,,,,NOUN,Vermischung | Vermischungen
Vermittlungsausschuß,Acc,Sing,Masc,,NOUN,Vermittlungsausschuss | Vermittlungsausschuß
Verschluß,Dat,Sing,Masc,,NOUN,Verschluss | Verschluß
Version,Dat,Plur,Fem,,NOUN,Version | Versionen
Verstoß,Acc,Plur,Masc,,NOUN,Verstösse | Verstöße
Verstoß,Acc,Sing,Masc,,NOUN,Verstoss | Verstoß
Verstoß,Dat,Plur,Masc,,NOUN,Verstössen | Verstößen
Verständnis,Acc,Sing,Neut,,NOUN,Verständnis | verständnis
Versuch,Dat,Sing,Masc,,NOUN,Versteigerugsversuch | Versuch
Verteilnetz,Dat,Sing,Neut,,NOUN,Verteilnetz | Verteilnetze
Verteilung,Acc,Sing,Fem,,NOUN,Verteilung | verteilung
Vertragsabschluß,Dat,Sing,Masc,,NOUN,Vertragsabschluss | Vertragsabschluß
Vertriebskanal,Dat,Plur,Masc,,NOUN,Vertriebskanäle | Vertriebskanälen
Verwandte,Acc,Plur,,,NOUN,Verwandte | Verwandten
Verweis,Dat,Sing,Masc,,NOUN,Verweis | Verweise
Vetorecht,Dat,Sing,Neut,,NOUN,Vetorecht | Vetorechte
Viertel,Dat,Plur,Neut,,NOUN,Viertel | Vierteln
Virus,Dat,Sing,Neut,,NOUN,Viren | Virus
Visum,Dat,Sing,Neut,,NOUN,Visa | Visum
Vizepräsident,Acc,Sing,Masc,,NOUN,Vizepräsident | Vizepräsidenten
Volk,Dat,Sing,Neut,,NOUN,Volk | Volke
Vorbehalt,Dat,Sing,Masc,,NOUN,Vorbehalt | Vorbehalte
Vorgespräch,Dat,Sing,Neut,,NOUN,Vorgespräch | Vorgespräche
Vorsitz,Dat,Sing,Masc,,NOUN,Vorsitz | Vorstandsvorsitz
Vorsitz,Acc,Sing,Masc,,NOUN,Vorsitz | Vorstandsvorsitz
Vorsitzend,Dat,Sing,,,NOUN,Vorsitzendem | Vorsitzenden
Vorsitzende,Dat,Sing,Masc,,NOUN,Vorsitzenden | Vorsitzender
Vorstandsvorsitzend,Dat,Sing,,,NOUN,Vorstandsvorsitzendem | Vorstandsvorsitzenden
Vorstandsvorsitzend,Dat,Sing,Masc,,NOUN,Vorstandsvorsitzendem | Vorstandsvorsitzenden
Vorstellung,Acc,,,,NOUN,Vorstellung | Vorstellungen
Vorstoß,Dat,Sing,Masc,,NOUN,Vorstoss | Vorstoß
Vortag,Dat,Sing,Masc,,NOUN,Vortag | Vortage
Vorteil,Dat,Sing,Masc,,NOUN,Vorteil | Vorteile
WAP-Gerät,Dat,Sing,Neut,,NOUN,WAP-Gerät | WAP-Geräte
Wahlschein,Dat,Sing,Masc,,NOUN,Wahlschein | Wahlscheine
Wald,Dat,Sing,Masc,,NOUN,Wald | Walde
Website,Dat,Sing,Fem,,NOUN,WebSite | Website
Weg,Dat,Sing,Masc,,NOUN,Weg | Wege
Weg,Dat,Sing,Masc,,PROPN,Weg | Wege
Weg,Dat,,,,NOUN,Weg | Wege
Wein,Dat,Sing,Masc,,NOUN,Wein | Weine
Weiterbildung,Acc,Sing,Fem,,NOUN,Weiterbildung | weiterbildung
Weiß,Dat,Sing,Neut,,NOUN,Weiss | Weiß | Weiße
Welt,Dat,Sing,Fem,,NOUN,WELT | Welt
Welt,Acc,,,,NOUN,Welt | Welten
Welt,Dat,,,,NOUN,Welt | Welten
Weltgegend,Dat,,,,NOUN,Weltgegend | Weltgegenden
Weltkongreß,Dat,Sing,Masc,,NOUN,Weltkongress | Weltkongreß
Wende,Dat,Sing,Fem,,PROPN,Wende | Wenden
Werden,Dat,,,,NOUN,Werden | Würde
Werk,Dat,Sing,Neut,,NOUN,Werk | Werke
Werk,Acc,,,,NOUN,Werk | Werke
Werk,Dat,,,,NOUN,Werk | Werke | Werken
Werkstatt,Dat,Sing,Fem,,NOUN,Werkstatt | werkstatt
Werkstatt,Acc,Sing,Fem,,NOUN,Werkstatt | werkstatt
Werkstoff,Dat,Sing,Masc,,NOUN,Werkstoff | Werkstoffe
Wert,Dat,Sing,Masc,,NOUN,Wert | Werte
Wertpapier,Dat,Sing,Neut,,NOUN,Wertpapier | Wertpapiere
Widerspruch,Acc,,,,NOUN,Widerspruch | Widersprüche
Wilhelm,Dat,Sing,Fem,,PROPN,Wilhelm | Wilhelms
William,Dat,Sing,Masc,,PROPN,William | Williams
Wind,Dat,Sing,Masc,,NOUN,Wind | Winde
Windows-Betriebssystem,Dat,Sing,Neut,,NOUN,Windows-Betriebssystem | Windows-Betriebssysteme
Wirkstoff,Dat,Sing,Masc,,NOUN,Wirkstoff | Wirkstoffe
Wirtschaftjournalist,Dat,Sing,Masc,,NOUN,Wirtschaftjournalist | Wirtschaftjournalisten
Wirtschaftsausschuß,Dat,Sing,Masc,,NOUN,Wirtschaftsausschuss | Wirtschaftsausschuß
Wissenschaft,Acc,,,,NOUN,Wissenschaft | Wissenschaften
Wissenschaftler,Dat,Plur,Masc,,NOUN,Wissenschaftler | Wissenschaftlern
Wohl,Dat,Sing,Neut,,NOUN,Wohl | Wohle
Wort,Dat,Sing,Neut,,NOUN,Wort | Worte
Wort,Acc,Plur,Neut,,NOUN,Worte | Wörter
Wort,Dat,Plur,Neut,,NOUN,Worten | Wörtern
Wort,Acc,,,,NOUN,Wort | Worte
Wort,Dat,,,,NOUN,Wort | Worte | Worten
Zahn,Acc,Sing,Masc,,NOUN,Zahn | Zähnen
Zaun,Dat,Sing,Masc,,NOUN,Zaun | Zaune
Zehnfach,Acc,Sing,Neut,,NOUN,Zehnfache | Zehnfaches
Zeichentrickfilm,Dat,Sing,Masc,,NOUN,Zeichentrickfilm | Zeichentrickfilme
Zeit,Dat,,,,NOUN,Zeit | Zeiten
Zelt,Dat,Sing,Neut,,NOUN,Zelt | Zelte
Zentimeter,Dat,Plur,Masc,,NOUN,Zentimeter | Zentimetern
Zentrum,Dat,Sing,Neut,,NOUN,Centrum | Congresscentrum | Zentrum
Zeug,Dat,Sing,Neut,,NOUN,Zeug | Zeuge
Ziel,Dat,Sing,Neut,,NOUN,Ziel | Ziele
Ziel,Dat,,,,NOUN,Ziel | Ziele
Zoll,Acc,Plur,Masc,,NOUN,Zoll | Zölle
Zoll,Dat,Plur,Masc,,NOUN,Zoll | Zöllen
Zorn,Dat,Sing,Masc,,NOUN,Zorn | Zorne
Zufall,Acc,,,,NOUN,Zufall | Zufälle
Zug,Dat,Sing,Masc,,NOUN,Zug | Zuge
Zugriff,Dat,Plur,Masc,,NOUN,Zugriffe | Zugriffen
Zunge,Acc,Sing,Fem,,NOUN,Zunge | Zungen
Zusammenschluß,Dat,Sing,Masc,,NOUN,Zusammenschluss | Zusammenschluß
Zusammenschluß,Acc,Sing,Masc,,NOUN,Zusammenschluss | Zusammenschluß
Zuschuß,Acc,Sing,Masc,,NOUN,Zuschuss | Zuschuß
Zustand,Dat,Sing,Masc,,NOUN,Zustand | Zustande
Zweck,Dat,Sing,Masc,,NOUN,Zweck | Zwecke
Zweck,Dat,,,,NOUN,Zweck | Zwecke | Zwecken
Zähler,Dat,Plur,Masc,,NOUN,Zähler | Zählern
ablaufen,Dat,Sing,Neut,Pos,ADJ,abgelaufenem | abgelaufenen | ablaufenden
ablaufen,Dat,Plur,Masc,Pos,ADJ,abgelaufenen | ablaufenden
ablaufen,Acc,Sing,Neut,Pos,ADJ,abgelaufene | abgelaufenes | ablaufende
ablehnen,Dat,Sing,Fem,Pos,ADJ,abgelehnten | ablehnender
ablehnen,Dat,Plur,Masc,Pos,ADJ,abgelehnten | abzulehnenden
abschließen,Dat,Sing,Masc,Pos,ADJ,abgeschlossen | abgeschlossenen
abschließen,Acc,Sing,Fem,Pos,ADJ,abgeschlossene | abschließende
abschließen,Dat,Plur,Masc,Pos,ADJ,abgeschlossenen | abschließenden
abschließen,Acc,Sing,Masc,Pos,ADJ,abgeschlossenen | abzuschließenden
abschließen,Dat,Sing,Neut,Pos,ADJ,abgeschlossenen | abschließenden
abschließen,Dat,Sing,Fem,Pos,ADJ,abgeschlossenen | abschließender
abschließen,Acc,Sing,Neut,Pos,ADJ,abgeschlossene | abschließende | abschließendes
abschließen,Dat,Plur,Fem,Pos,ADJ,abgeschlossenen | abschließenden
abschließen,Acc,Plur,Fem,Pos,ADJ,abgeschlossene | abgeschlossenen | abschließenden
absehbar,Dat,Sing,Fem,Pos,ADJ,absehbaren | absehbarer
absolut,Dat,Sing,Masc,Pos,ADJ,absolutem | absoluten
absolut,Dat,Sing,Fem,Pos,ADJ,absoluten | absoluter
abspecken,Acc,Sing,Neut,Pos,ADJ,abgespeckte | abgespecktes
abstrakt,Dat,Sing,Fem,Pos,ADJ,abstrakten | abstrakter
abwarten,Dat,Sing,Fem,Pos,ADJ,abwartenden | abwartender
abwaschbar,Dat,Sing,Fem,Pos,ADJ,abwaschbaren | abwaschbarer
administrativ,Acc,Plur,Fem,Pos,ADJ,administrative | administrativen
aggressiv,Dat,Sing,Fem,Pos,ADJ,aggressiven | aggressiver
aktiv,Dat,Sing,Masc,Pos,ADJ,aktivem | aktiven
aktiv,Acc,Sing,Neut,Pos,ADJ,aktive | aktives
aktiv,Acc,Plur,Masc,Pos,ADJ,aktive | aktiven
aktivieren,Dat,Sing,Fem,Pos,ADJ,aktivierten | aktivierter
aktuell,Acc,Plur,Fem,Pos,ADJ,aktuelle | aktuellen
aktuell,Dat,Sing,Neut,Pos,ADJ,aktuellem | aktuellen
aktuell,Dat,Sing,Fem,Pos,ADJ,aktuellen | aktueller
aktuell,Acc,Plur,Neut,Pos,ADJ,aktuelle | aktuellen
aktuell,Acc,Sing,Neut,Pos,ADJ,aktuelle | aktuelles
aktuell,Dat,Sing,Masc,Pos,ADJ,aktuellem | aktuellen
aktuell,Acc,Plur,Masc,Pos,ADJ,aktuelle | aktuellen
alle,Dat,Plur,Masc,,DET,allen | aller
alle,Dat,Plur,,,DET,alle | allen | aller
alle,Dat,,,,DET,all | allem | allen
alle,Acc,,,,DET,alle | alles
alledem,Dat,Sing,Neut,,PRON,alldem | alledem
alleinig,Dat,Sing,Masc,Pos,ADJ,alleinigem | alleinigen
allgemein,Acc,Plur,Fem,Pos,ADJ,allgemeine | allgemeinen
allgemein,Dat,Sing,Neut,Pos,ADJ,allgemeinem | allgemeinen
allgemein,Acc,Sing,Neut,Pos,ADJ,allgemeine | allgemeinen | allgemeines
allgemein,Acc,Plur,Neut,Pos,ADJ,allgemeine | allgemeinen
allgemein,Dat,,,,ADJ,allgemein | allgemeinen
alt,Acc,Plur,Masc,Pos,ADJ,alte | alten
alt,Dat,Sing,Masc,Pos,ADJ,altem | alten
alt,Dat,Sing,Neut,Pos,ADJ,altem | alten
alt,Acc,Sing,Neut,Pos,ADJ,alte | altes
alt,Acc,Plur,Masc,Cmp,ADJ,ältere | älteren
alt,Acc,Plur,Fem,Pos,ADJ,alte | alten
alt,Dat,Sing,Fem,Pos,ADJ,alten | alter | neu-alten
alt,Acc,Plur,Neut,Cmp,ADJ,ältere | älteren
alt,Dat,Sing,Fem,Cmp,ADJ,älteren | älterer
alt,Dat,Sing,Neut,,PROPN,Altem | Alten
alt,Acc,Plur,Neut,Pos,ADJ,alte | alten
alt,Acc,Plur,Fem,Cmp,ADJ,ältere | älteren
alternativ,Acc,Sing,Neut,Pos,ADJ,alternativ | alternative | alternatives
alternativ,Acc,Plur,Masc,Pos,ADJ,alternative | alternativen
alternativ,Acc,Plur,Fem,Pos,ADJ,alternative | alternativen
alternativ,Dat,Sing,Masc,Pos,ADJ,alternativem | alternativen
ambitioniert,Acc,Sing,Neut,Pos,ADJ,ambitionierte | ambitioniertes
amerikanisch,Dat,Sing,Masc,Pos,ADJ,amerikanischem | amerikanischen | anglo-amerikanischen | chinesisch-amerikanischen | deutsch-amerikanischen | europäisch-amerikanischen | us-amerikanischem | us-amerikanischen
amerikanisch,Acc,Sing,Fem,Pos,ADJ,amerikanische | amerikanischen | us-amerikanische
amerikanisch,Dat,Plur,Masc,Pos,ADJ,amerikanischen | deutsch-amerikanischen | latein-amerikanischen | nicht-amerikanischen | us-amerikanischen
amerikanisch,Dat,Sing,Fem,Pos,ADJ,amerikanische | amerikanischen | amerikanischer | israelisch-amerikanischen | latein-amerikanischen | us-amerikanischen | us-amerikanischer
amerikanisch,Dat,Plur,Neut,Pos,ADJ,amerikanische | amerikanischen | us-amerikanischen
amerikanisch,Dat,Plur,Fem,Pos,ADJ,amerikanischen | nicht-us-amerikanischen | us-amerikanischen
amerikanisch,Acc,Plur,Fem,Pos,ADJ,amerikanische | amerikanischen | us-amerikanische | us-amerikanischen
amerikanisch,Acc,Sing,Masc,Pos,ADJ,amerikanischen | britisch-amerikanischen | nicht-amerikanischen | us-amerikanischen
amerikanisch,Acc,Plur,Masc,Pos,ADJ,amerikanische | amerikanischen | us-amerikanische | us-amerikanischen
amerikanisch,Dat,Sing,Neut,Pos,ADJ,amerikanischem | amerikanischen | spanisch-amerikanischen | us-amerikanischem | us-amerikanischen
amerikanisch,Acc,Sing,Neut,Pos,ADJ,amerikanische | amerikanisches | anglo-amerikanische | britisch-amerikanisches | nicht-us-amerikanisches | us-amerikanische
amerikanisch,Acc,Plur,Neut,Pos,ADJ,amerikanische | amerikanischen | nicht-amerikanische | us-amerikanischen
amerikanisch,Acc,Plur,,Pos,ADJ,amerikanische | us-amerikanische
amtlich,Dat,Sing,Fem,Pos,ADJ,amtlichen | eu-amtlichen
amtlich,Acc,Plur,Neut,Pos,ADJ,amtliche | amtlichen
analog,Dat,Sing,Masc,Pos,ADJ,analogem | analogen
analog,Dat,Sing,Neut,Pos,ADJ,analogem | analogen
analog,Acc,Sing,Neut,Pos,ADJ,analoge | analoges
analog,Acc,Plur,Neut,Pos,ADJ,analoge | analogen
analog,Dat,Sing,Fem,Pos,ADJ,analogen | analoger
anarchistisch,Dat,Sing,Neut,Pos,ADJ,anarchistischem | anarchistischen
anbieten,Acc,Plur,Masc,Pos,ADJ,angebotene | angebotenen
anbieten,Acc,Sing,Neut,Pos,ADJ,angebotene | angebotenes
anbinden,Dat,Sing,Masc,Pos,ADJ,angebundenem | angebundenen
anbringen,Acc,Plur,Masc,Pos,ADJ,angebrachte | angebrachten
anderer,Acc,Plur,Masc,,DET,andere | anderen
anderer,Dat,Sing,Fem,,DET,anderen | anderer
anderer,Acc,Plur,Fem,,DET,andere | anderen
anderer,Acc,Sing,Neut,,DET,andere | anderes
anderer,Dat,Sing,Masc,,DET,anderem | anderen
anderer,Acc,Plur,Neut,,DET,andere | anderen
anderer,Dat,Sing,Neut,,DET,anderem | anderen
anderer,Dat,Plur,,,DET,andere | anderen | andern
anderer,Dat,Sing,,,DET,anderem | anderen
anderer,Acc,,,,DET,andere | andern | andre
anderer,Dat,,,,DET,andern | andre
anfallen,Acc,Sing,Fem,Pos,ADJ,anfallende | angefallene
anfallen,Acc,Plur,Neut,Pos,ADJ,anfallende | anfallenden | angefallene | angefallenen
anfänglich,Dat,Sing,Neut,Pos,ADJ,anfänglichem | anfänglichen
anfänglich,Dat,Sing,Fem,Pos,ADJ,anfänglichen | anfänglicher
angeben,Acc,Plur,Fem,Pos,ADJ,angegebene | angegebenen
angeben,Acc,Plur,Masc,Pos,ADJ,angegebene | angegebenen
angeblich,Dat,Sing,Fem,Pos,ADJ,angeblichen | angeblicher
angeblich,Acc,Sing,Neut,Pos,ADJ,angebliche | angebliches
angeblich,Acc,Plur,Masc,Pos,ADJ,angebliche | angeblichen
angenehm,Dat,Sing,Fem,Pos,ADJ,angenehmen | angenehmer
angepaßt,Acc,Sing,Neut,Pos,ADJ,angepasste | angepasstes
anhaltend,Dat,Sing,Fem,Pos,ADJ,anhaltenden | anhaltender
anhängig,Acc,Sing,Neut,Pos,ADJ,anhängige | anhängiges
ankündigen,Acc,Sing,Neut,Pos,ADJ,angekündigte | angekündigtes
anlaufen,Dat,Sing,Fem,Pos,ADJ,angelaufenen | anlaufenden
anlegen,Acc,Sing,Neut,Pos,ADJ,angelegte | angelegtes
anlegen,Acc,Plur,Fem,Pos,ADJ,angelegte | angelegten
anmessen,Acc,Plur,Fem,Pos,ADJ,angemessene | angemessenen
anmessen,Dat,Sing,Fem,Pos,ADJ,angemessenen | angemessener
annehmen,Dat,Sing,Masc,Pos,ADJ,angenommenen | anzunehmenden
anonym,Acc,Plur,Fem,Pos,ADJ,anonyme | anonymen
anonym,Dat,Sing,Fem,Pos,ADJ,anonymen | anonymer
anpassen,Acc,Sing,Masc,Pos,ADJ,angepassten | angepaßten
anpassen,Acc,Plur,Fem,Pos,ADJ,angepasste | angepaßte
anpassen,Acc,Sing,Fem,Pos,ADJ,angepasste | angepaßte
anpassen,Dat,Sing,Fem,Pos,ADJ,angepassten | angepaßten
anschlagen,Dat,Sing,Neut,Pos,ADJ,angeschlagene | angeschlagenen
anschließen,Dat,Sing,Fem,Pos,ADJ,angeschlossener | anschließende | anschließenden | anschließender
anschließen,Acc,Sing,Masc,Pos,ADJ,angeschlossenen | anschließenden
anschließen,Dat,Plur,Fem,Pos,ADJ,angeschlossenen | anschließenden
anschließen,Dat,Sing,Neut,Pos,ADJ,angeschlossenem | angeschlossenen | anschließenden
anschließen,Dat,Sing,Masc,Pos,ADJ,angeschlossenem | angeschlossenen | anschließendem
anschließen,Acc,Sing,Neut,Pos,ADJ,angeschlossene | angeschlossenes
anschließen,Acc,Plur,Fem,Pos,ADJ,angeschlossenen | anschließende
anschließen,Acc,Plur,Neut,Pos,ADJ,angeschlossene | angeschlossenen
ansprechen,Acc,Sing,Fem,Pos,ADJ,angesprochene | ansprechende
anspruchsvoll,Dat,Sing,Fem,Pos,ADJ,anspruchsvollen | anspruchsvoller
anstehen,Acc,Plur,Fem,Pos,ADJ,anstehende | anstehenden
anstehen,Acc,Plur,Masc,Pos,ADJ,anstehende | anstehenden
anstrengen,Dat,Plur,Fem,Pos,ADJ,angestrengten | anstrengenden
anstrengen,Dat,Sing,Fem,Pos,ADJ,angestrengten | anstrengenden
anstößig,Acc,Plur,Masc,Pos,ADJ,anstößige | anstößigen
antik,Dat,Sing,Fem,Pos,ADJ,antiken | antiker
anwenden,Acc,Sing,Fem,Pos,ADJ,angewandte | angewendete
anwenden,Dat,Sing,Neut,Pos,ADJ,angewandten | anzuwendenden
anwenden,Acc,Sing,Masc,Pos,ADJ,angewendeten | anwendenden | anzuwendenden
anzeigen,Acc,Plur,Fem,Pos,ADJ,angezeigte | angezeigten
arabisch,Dat,Plur,Masc,Pos,ADJ,arabischen | pro-arabischen
arbeiten,Acc,Plur,Fem,Pos,ADJ,arbeitende | arbeitenden
archaisch,Dat,Sing,Neut,Pos,ADJ,archaischem | archaischen
archivieren,Acc,Plur,Neut,Pos,ADJ,archivierenden | archivierte | archivierten
arm,Acc,Plur,Neut,Pos,ADJ,arme | armen
asiatisch,Dat,Sing,Masc,Pos,ADJ,asiatischem | asiatischen | europäisch-asiatischen | pazifisch-asiatischen
asiatisch,Acc,Plur,Masc,Pos,ADJ,asiatische | asiatischen
asiatisch,Acc,Plur,Fem,Pos,ADJ,asiatische | asiatischen
astronomisch,Acc,Plur,Fem,Pos,ADJ,astronomische | astronomischen
atomar,Dat,Sing,Neut,Pos,ADJ,atomarem | atomaren
attraktiv,Acc,Plur,Neut,Pos,ADJ,attraktive | attraktiven
aufbereiten,Acc,Plur,Fem,Pos,ADJ,aufbereitete | aufbereiteten
auflösen,Dat,Sing,Neut,Pos,ADJ,aufgelösten | auflösenden
aufnehmen,Dat,Sing,Neut,Pos,ADJ,aufgenommenem | aufgenommenen
aufregen,Dat,Plur,Fem,Pos,ADJ,aufgeregten | aufregenden
auftreten,Acc,Plur,Fem,Pos,ADJ,aufgetretene | aufgetretenen
auftreten,Acc,Plur,Masc,Pos,ADJ,aufgetretene | auftretende | auftretenden
aufwendig,Dat,Sing,Fem,Pos,ADJ,aufwendigen | aufwendiger
aufzeichnen,Acc,Sing,Neut,Pos,ADJ,aufgezeichnete | aufgezeichnetes
ausbauen,Dat,Sing,Neut,Pos,ADJ,ausgebautem | ausgebauten
ausbauen,Dat,Sing,Fem,Pos,ADJ,ausgebauten | ausgebauter
ausbilden,Dat,Plur,Masc,Pos,ADJ,ausgebildete | ausgebildeten
ausbilden,Acc,Plur,Masc,Pos,ADJ,ausgebildete | ausgebildeten
ausdrücklich,Dat,Sing,Fem,Pos,ADJ,ausdrücklichen | ausdrücklicher
ausdrücklich,Acc,Sing,Fem,Pos,ADJ,ausdrückliche | ausdrücklicher
ausfallen,Dat,Plur,Masc,Pos,ADJ,ausfallenden | ausgefallenen
ausfallen,Acc,Plur,Fem,Pos,ADJ,ausgefallene | ausgefallenen
ausführbar,Dat,Sing,Fem,Pos,ADJ,ausführbaren | ausführbarer
ausführlich,Acc,Plur,Fem,Pos,ADJ,ausführliche | ausführlichen
ausführlich,Dat,Sing,Masc,Pos,ADJ,ausführlichem | ausführlichen
ausführlich,Dat,Plur,Fem,Pos,ADJ,ausführliche | ausführlichen
ausgeben,Acc,Plur,Fem,Pos,ADJ,ausgegebene | ausgegebenen
ausgeben,Acc,Plur,Masc,Pos,ADJ,ausgegebene | ausgegebenen
ausgiebig,Dat,Sing,Masc,Pos,ADJ,ausgiebigem | ausgiebigen
ausklügeln,Dat,Sing,Neut,Pos,ADJ,ausgeklügeltem | ausgeklügelten
auslagern,Acc,Plur,Fem,Pos,ADJ,ausgelagerte | ausgelagerten
auslasten,Dat,Sing,Neut,Pos,ADJ,ausgelastetem | ausgelasteten
auslaufen,Acc,Sing,Neut,Pos,ADJ,auslaufende | auslaufendes
ausliefern,Acc,Plur,Neut,Pos,ADJ,ausgelieferte | ausgelieferten
ausländisch,Acc,Plur,Masc,Pos,ADJ,ausländische | ausländischen
ausländisch,Dat,Sing,Neut,Pos,ADJ,ausländischem | ausländischen
ausländisch,Dat,Plur,Masc,Pos,ADJ,ausländische | ausländischen
ausländisch,Acc,Plur,Neut,Pos,ADJ,ausländische | ausländischen
ausländisch,Acc,Plur,Fem,Pos,ADJ,ausländische | ausländischen
ausländisch,Dat,Sing,Fem,Pos,ADJ,ausländischen | ausländischer
ausprägen,Dat,Sing,Neut,Pos,ADJ,ausgeprägtem | ausgeprägten
ausreichen,Dat,Sing,Masc,Pos,ADJ,ausreichendem | ausreichenden
ausreichen,Dat,Sing,Neut,Pos,ADJ,ausreichendem | ausreichenden
ausreichend,Dat,Sing,Neut,Pos,ADJ,ausreichendem | ausreichenden
ausreichend,Dat,Sing,Fem,Pos,ADJ,ausreichenden | ausreichender
ausschalten,Dat,Sing,Neut,Pos,ADJ,ausgeschaltetem | ausgeschalteten
ausstatten,Acc,Plur,Fem,Pos,ADJ,ausgestattete | ausgestatteten
ausstatten,Acc,Sing,Neut,Pos,ADJ,ausgestattete | ausgestattetes
ausstatten,Acc,Plur,Neut,Pos,ADJ,ausgestattete | ausgestatteten
ausstehen,Acc,Plur,Fem,Pos,ADJ,ausstehende | ausstehenden
aussuchen,Dat,Plur,Neut,Pos,ADJ,ausgesuchte | ausgesuchten
auswählen,Acc,Plur,Fem,Pos,ADJ,ausgewählte | ausgewählten
auswählen,Acc,Plur,Masc,Pos,ADJ,ausgewählte | ausgewählten
auswählen,Acc,Plur,Neut,Pos,ADJ,ausgewählte | ausgewählten
auswählen,Dat,Sing,Fem,Pos,ADJ,ausgewählten | ausgewählter
automatisch,Dat,Sing,Fem,Pos,ADJ,automatischen | automatischer
automatisch,Acc,Sing,Neut,Pos,ADJ,automatische | automatisches
automatisch,Dat,Sing,Masc,Pos,ADJ,automatischem | automatischen
automatisch,Dat,Sing,Neut,Pos,ADJ,automatische | automatischen
automatisieren,Acc,Sing,Neut,Pos,ADJ,automatisierte | automatisiertes
autonom,Acc,Sing,Neut,Pos,ADJ,autonome | autonomes
autorisieren,Dat,Sing,Fem,Pos,ADJ,autorisierten | autorisierter
außergewöhnlich,Acc,Plur,Fem,Pos,ADJ,außergewöhnliche | außergewöhnlichen
basieren,Acc,Sing,Fem,Pos,ADJ,basierende | dos-basierte | funk-basierte | glibc-basierte | gmr-kopf-basierte | internet-basierende | isdn-basierende | java-basierte | libc5-basierte | linux-basierte | voodoo-graphics-basierte | web-basierende | web-basierte | windows-98-basierte | xml-basierende | xml-basierte
basieren,Acc,Sing,Neut,Pos,ADJ,atm-basiertes | basierende | basierendes | disc-basierendes | html-basiertes | internet-basiertes | ip-basiertes | java-basiertes | netzwerk-basiertes | server-basiertes | software-basiertes | web-basierte | web-basiertes | windows-basierendes
basieren,Dat,Plur,Neut,Pos,ADJ,98-basierten | alpha-basierten | athlon-basierten | basierenden | intel-basierten | java-basierten | linux-basierten | nds-basierten | pc-basierten | powerpc-basierten | smartcard-basierten | stift-basierenden | text-basierten | unix-basierte
basieren,Acc,Sing,Masc,Pos,ADJ,basierenden | java-basierten | java3d-basierten | linux-basierten | wap-basierten | web-basierenden | web-basierten | xml-basierten
basieren,Dat,Plur,Masc,Pos,ADJ,intel-basierenden | intel-basierten | mips-basierten | nt-basierenden | unix-basierenden | windows-basierten
basieren,Dat,Sing,Masc,Pos,ADJ,aix-basierten | dsp-basierten | linux-basierten | satelliten-basiertem | xml-basierten
basieren,Acc,Plur,Masc,Pos,ADJ,computer-basierenden | epoc-basierte | internet-basierende | internet-basierte | ip-basierende | ip-basierte | mhp-basierten | umts-basierenden | web-basierte | windows-nt-basierende
basieren,Dat,Sing,Fem,Pos,ADJ,basierenden | server-basierten | unix-basierten | xml-basierten
basieren,Dat,Sing,Neut,Pos,ADJ,linux-basiertem | stratosphären-basierenden
basieren,Dat,Plur,Fem,Pos,ADJ,basierenden | cls-basierten | dsp-basierenden | intel-basierten | internet-basierten | java-basierten | smartcard-basierten | web-basierten | xml-basierten
basieren,Acc,Plur,Fem,Pos,ADJ,basierende | intel-basierte | internet-basierende | internet-basierte | web-basierte
basieren,Acc,Plur,Neut,Pos,ADJ,celeron-basierten | ip-basierte | libc5-basierte | windows-ce-basierte
bayerisch,Dat,Sing,Masc,,PROPN,Bayerischen | Bayerischer
bayerisch,Dat,Sing,Fem,Pos,ADJ,bayerischen | bayerischer
bayerisch,Dat,Sing,Neut,Pos,ADJ,bayerischem | bayerischen
bayerisch,Acc,Plur,Masc,Pos,ADJ,bayerische | bayerischen
beabsichtigen,Dat,Sing,Fem,Pos,ADJ,beabsichtigten | beabsichtigter
bedenklich,Acc,Sing,Neut,Pos,ADJ,bedenkliche | bedenkliches
bedienen,Dat,Sing,Masc,Pos,ADJ,bedienenden | bedienten
bedrohen,Acc,Plur,Fem,Pos,ADJ,bedrohenden | bedrohte
beeindrucken,Dat,Sing,Fem,Pos,ADJ,beeindruckenden | beeindruckender
beeindrucken,Dat,Sing,Neut,Pos,ADJ,beeindruckenden | beeindruckten
begeistern,Acc,Plur,Masc,Pos,ADJ,begeisterten | internet-begeisterte
beginnen,Acc,Sing,Neut,Pos,ADJ,beginnende | begonnenes
beginnen,Dat,Sing,Neut,Pos,ADJ,beginnenden | begonnenen
beginnen,Dat,Sing,Fem,Pos,ADJ,beginnenden | begonnenen
beginnen,Acc,Sing,Fem,Pos,ADJ,beginnende | begonnene
beginnen,Acc,Sing,Masc,Pos,ADJ,beginnenden | begonnenen
begleiten,Dat,Sing,Fem,Pos,ADJ,begleitenden | begleitender
begleiten,Acc,Plur,Neut,Pos,ADJ,begleitende | begleitenden
begrenzen,Dat,Sing,Masc,Pos,ADJ,begrenztem | begrenzten
begrenzen,Dat,Sing,Fem,Pos,ADJ,begrenzten | begrenzter
beherrschen,Acc,Sing,Masc,Pos,ADJ,beherrschenden | beherrschten
beide,Acc,Plur,Fem,,DET,beide | beiden
beide,Acc,Plur,Neut,,DET,beide | beiden
beide,Acc,Plur,,,DET,beide | beiden
beide,Acc,Plur,,,ADJ,beide | beiden
beide,Dat,,,,DET,beide | beiden
beide,Acc,,,,DET,beide | beides | beyde
beispiellos,Dat,Sing,Fem,Pos,ADJ,beispiellosen | beispielloser
bekannt,Dat,,,Pos,ADJ,bekannt | bekannter
bekannt,Dat,Sing,Fem,Pos,ADJ,bekannten | bekannter
bekannt,Acc,Plur,Masc,Pos,ADJ,bekannte | bekannten
bekannt,Dat,Sing,Neut,Pos,ADJ,bekanntem | bekannten
bekannt,Dat,Sing,Masc,Sup,ADJ,bekanntestem | bekanntesten
bekannt,Acc,Plur,Fem,Pos,ADJ,bekannte | bekannten
bekennen,Acc,Sing,Masc,Pos,ADJ,bekannte | bekannten
bekennen,Acc,Plur,Fem,Pos,ADJ,bekannte | bekannten
bekennen,Acc,Plur,Masc,Pos,ADJ,bekannte | bekannten
belgisch,Acc,Plur,Masc,Pos,ADJ,belgische | belgischen
belieben,Acc,Sing,Neut,Pos,ADJ,beliebte | beliebtes
beliebig,Dat,Sing,Masc,Pos,ADJ,beliebigem | beliebigen
beliebig,Dat,Sing,Fem,Pos,ADJ,beliebigen | beliebiger | x-beliebigen
beliebig,Acc,Sing,Neut,Pos,ADJ,beliebige | beliebiges
bequem,Acc,Sing,Neut,Pos,ADJ,bequeme | bequemes
beraten,Dat,Sing,Masc,Pos,ADJ,beratendem | beratenden
berechtigen,Acc,Sing,Neut,Pos,ADJ,berechtigte | berechtigtes
bereitstellen,Acc,Sing,Neut,Pos,ADJ,bereitgestellte | bereitgestelltes
berufen,Dat,Sing,Masc,Pos,ADJ,berufenem | berufenen
beruflich,Dat,Sing,Fem,Pos,ADJ,beruflichen | beruflicher
beruflich,Acc,Plur,Fem,Pos,ADJ,berufliche | beruflichen
berüchtigt,Acc,Sing,Masc,Pos,ADJ,berüchtigten | berühmt-berüchtigten
berüchtigt,Acc,Plur,Fem,Pos,ADJ,berüchtigten | berühmt-berüchtigten
berühmt,Acc,Plur,Masc,Pos,ADJ,berühmte | berühmten
besagen,Dat,Sing,Masc,Pos,ADJ,besagtem | besagten
bescheiden,Acc,Plur,Fem,Pos,ADJ,bescheidene | bescheidenen
bescheiden,Dat,Sing,Fem,Pos,ADJ,bescheidenen | bescheidener
bescheiden,Acc,Plur,Masc,Pos,ADJ,bescheidene | bescheidenen
beschleunigen,Acc,Sing,Fem,Pos,ADJ,2d/3d-beschleunigte | beschleunigte
beschreiben,Acc,Sing,Fem,Pos,ADJ,beschreibende | beschriebene
beschreiben,Acc,Sing,Masc,Pos,ADJ,beschreibenden | beschriebenen
besiedeln,Acc,Plur,Neut,Pos,ADJ,besiedelte | besiedelten
besonder,Acc,Plur,Fem,Pos,ADJ,besondere | besonderen
besondere,Dat,Plur,Neut,Pos,ADJ,besondere | besonderen
besondere,Acc,Sing,Masc,Pos,ADJ,besonderen | besondern
besondere,Acc,Plur,Neut,Pos,ADJ,besondere | besonderen
besondere,Dat,Sing,Neut,Pos,ADJ,besonderem | besonderen
besondere,Dat,Sing,Fem,Pos,ADJ,besonderen | besonderer
besondere,Acc,Plur,Fem,Pos,ADJ,besondere | besonderen
besondere,Dat,Sing,Masc,Pos,ADJ,besonderem | besonderen
beste,Acc,Sing,Neut,Pos,ADJ,beste | bestes
bestechen,Dat,Sing,Fem,Pos,ADJ,bestechenden | bestechender
bestehen,Acc,Plur,Masc,Pos,ADJ,bestehende | bestehenden
bestehen,Dat,Sing,Fem,Pos,ADJ,bestehenden | bestehender
bestehen,Acc,Plur,Neut,Pos,ADJ,bestehende | bestehenden
bestehen,Acc,Plur,Fem,Pos,ADJ,bestehende | bestehenden
bestehen,Acc,Sing,Neut,Pos,ADJ,bestehende | bestehendes
bestehen,Dat,Sing,Masc,Pos,ADJ,bestehendem | bestehenden
bestehend,Dat,Sing,Fem,Pos,ADJ,bestehenden | bestehender
bestimmen,Dat,Plur,Masc,Pos,ADJ,bestimmenden | bestimmte | bestimmten
bestimmen,Acc,Plur,Masc,Pos,ADJ,bestimmende | bestimmte
bestimmen,Dat,Sing,Fem,Pos,ADJ,bestimmenden | bestimmten | bestimmter
bestimmt,Acc,Sing,Neut,Pos,ADJ,bestimmte | bestimmtes
bestätigen,Dat,Sing,Fem,Pos,ADJ,bestätigten | bestätigter
bestücken,Dat,Sing,Masc,Pos,ADJ,bestückten | modem-bestückten
bestücken,Acc,Plur,Masc,Pos,ADJ,bestückte | bestückten
bestücken,Dat,Plur,Neut,Pos,ADJ,bestückten | bestückter | sdram-bestückte
besuchen,Acc,Plur,Fem,Pos,ADJ,besuchte | besuchten
beteiligen,Acc,Plur,Neut,Pos,ADJ,beteiligte | beteiligten
beteiligen,Acc,Plur,Fem,Pos,ADJ,beteiligte | beteiligten
betreffen,Acc,Plur,Masc,Pos,ADJ,betreffenden | betroffenen
betreffen,Dat,Sing,Neut,Pos,ADJ,betreffenden | betroffenen
betreffen,Dat,Plur,Masc,Pos,ADJ,betreffenden | betroffenen
betreffen,Acc,Sing,Masc,Pos,ADJ,betreffenden | betroffenen
betreffen,Acc,Plur,Fem,Pos,ADJ,betreffenden | betroffenen
betreffen,Acc,Sing,Fem,Pos,ADJ,betreffende | betroffene
betreffen,Acc,Sing,Neut,Pos,ADJ,betreffende | betroffene
betreffen,Dat,Plur,Fem,Pos,ADJ,betreffenden | betroffenen
betreffen,Dat,Sing,Fem,Pos,ADJ,betreffenden | betroffenen
betreffen,Acc,Plur,Neut,Pos,ADJ,betreffenden | betroffenen
betreiben,Dat,Sing,Neut,Pos,ADJ,betriebenen | live-betriebenen
betreiben,Dat,Sing,Masc,Pos,ADJ,betriebenen | palm-os-betriebenem
betreiben,Acc,Sing,Neut,Pos,ADJ,betriebene | betriebenes
betriebswirtschaftlich,Acc,Plur,Fem,Pos,ADJ,betriebswirtschaftliche | betriebswirtschaftlichen
beträchtlich,Acc,Plur,Fem,Pos,ADJ,beträchtliche | beträchtlichen
bevorstehen,Dat,Plur,Fem,Pos,ADJ,bevorstehende | bevorstehenden
bewegen,Dat,Sing,Masc,Pos,ADJ,bewegenden | bewegten
beweglich,Acc,Plur,Fem,Pos,ADJ,bewegliche | beweglichen
bewähren,Dat,Sing,Fem,Pos,ADJ,bewährten | bewährter
bezahlen,Dat,Plur,Masc,Pos,ADJ,bezahlenden | bezahlten
bezahlen,Acc,Plur,Fem,Pos,ADJ,bezahlte | bezahlten
bezeichnen,Acc,Plur,Masc,Pos,ADJ,bezeichnete | bezeichneten
bezeichnen,Acc,Plur,Neut,Pos,ADJ,bezeichnete | bezeichneten
bezeichnen,Acc,Sing,Neut,Pos,ADJ,bezeichnendes | bezeichnete
beziehen,Acc,Plur,Neut,Pos,ADJ,internet-bezogene | user-bezogene
bieten,Dat,Plur,Neut,Pos,ADJ,bietenden | gebotenen
bieten,Dat,Sing,Fem,Pos,ADJ,bietenden | gebotenen
bilden,Dat,Sing,Fem,Pos,ADJ,bildenden | gebildeten | gebildeter
bilden,Acc,Sing,Fem,Pos,ADJ,bildende | gebildete
billig,Acc,Plur,Fem,Pos,ADJ,billige | billigen
billig,Dat,Sing,Masc,Pos,ADJ,billigem | billigen
billig,Dat,Sing,Neut,Pos,ADJ,billige | billigen
billig,Dat,Sing,Fem,Pos,ADJ,billigen | billiger
binden,Dat,Sing,Fem,Pos,ADJ,gebundener | pop-gebundener
biologisch,Dat,Plur,Masc,Pos,ADJ,biologische | biologischen
biologisch,Acc,Plur,Fem,Pos,ADJ,biologische | biologischen
biometrisch,Acc,Plur,Neut,Pos,ADJ,biometrische | biometrischen
bisherig,Acc,Sing,Neut,Pos,ADJ,bisherige | bisherigen
bisherig,Acc,Plur,Masc,Pos,ADJ,bisherige | bisherigen
bisherig,Dat,Sing,Fem,Pos,ADJ,bisherigen | bisheriger
bisherig,Dat,Sing,Neut,Pos,ADJ,bisherige | bisherigen
bisherig,Dat,Sing,Masc,Pos,ADJ,bisherigem | bisherigen
bisherig,Dat,Sing,,Pos,ADJ,bisherigem | bisherigen
blau,Dat,Sing,Neut,Pos,ADJ,blauem | blauen
blau,Dat,Sing,Masc,Pos,ADJ,blauem | blauen
blau,Dat,Sing,Fem,Pos,ADJ,blauen | blauer | bondi-blauen
bleiben,Dat,Plur,Masc,Pos,ADJ,bleibenden | gebliebenen
bloß,Dat,Sing,Neut,Pos,ADJ,bloßem | bloßen
bloß,Acc,Sing,Neut,Pos,ADJ,bloße | bloßes
bloß,Dat,Sing,Fem,Pos,ADJ,bloßen | bloßer
bombastisch,Dat,Sing,Masc,Pos,ADJ,bombastischem | bombastischen
boomen,Dat,Sing,Neut,Pos,ADJ,boomendem | boomenden
braun,Dat,Sing,Masc,Pos,ADJ,braunem | braunen
breit,Dat,Sing,Fem,Pos,ADJ,breiten | breiter
breit,Dat,Sing,Masc,Pos,ADJ,breitem | breiten
breit,Acc,Sing,Neut,Pos,ADJ,breite | breites
breit,Acc,Sing,Neut,Cmp,ADJ,breitere | breiteres
breit,Dat,Sing,Neut,Pos,ADJ,breitem | breiten
breit,Dat,Sing,Fem,Cmp,ADJ,breiteren | breiterer
bremsen,Dat,Sing,Neut,Pos,ADJ,gebremstem | gebremsten
bringen,Dat,Plur,Fem,Pos,ADJ,bringende | gebrachten
britisch,Dat,Sing,Fem,Pos,ADJ,britische | britischen | britischer | deutsch-britischen | französisch-britischen
britisch,Acc,Plur,Fem,Pos,ADJ,britische | britischen
britisch,Acc,Sing,Fem,Pos,ADJ,amerikanisch-britische | britische
britisch,Dat,Sing,Masc,Pos,ADJ,britischem | britischen
britisch,Acc,Plur,Masc,Pos,ADJ,britische | britischen
britisch,Dat,Sing,Neut,Pos,ADJ,amerikanisch-britischem | britischem | britischen
britisch,Acc,Sing,Neut,Pos,ADJ,britische | britisches
brutal,Dat,Sing,Fem,Pos,ADJ,brutalen | brutaler
bundesweit,Acc,Sing,Neut,Pos,ADJ,bundesweite | bundesweites
bunt,Acc,Plur,Neut,Pos,ADJ,bunte | bunten
börsennotiert,Acc,Sing,Neut,Pos,ADJ,börsennotierte | börsennotiertes
böse,Dat,Sing,Fem,Pos,ADJ,bösen | böser
bürgerlich,Dat,Sing,Masc,Pos,ADJ,bürgerlichem | bürgerlichen
chemisch,Acc,Plur,Fem,Pos,ADJ,chemische | chemischen
chemisch,Dat,Sing,Fem,Pos,ADJ,chemischen | chemischer
chemisch,Dat,Plur,Neut,Pos,ADJ,chemisch | chemischen
chinesisch,Dat,Sing,Fem,Pos,ADJ,chinesischen | chinesischer
chinesisch,Acc,Plur,Fem,Pos,ADJ,chinesische | chinesischen
chinesisch,Acc,Plur,Masc,Pos,ADJ,chinesische | chinesischen
chinesisch,Acc,Sing,Neut,Pos,ADJ,chinesische | chinesisches
christlich,Acc,Sing,Fem,Pos,ADJ,christlich | christliche
christlich,Dat,Sing,Masc,Pos,ADJ,christlichem | christlichen
damalig,Dat,Sing,Masc,Pos,ADJ,damaligem | damaligen
damalig,Acc,Plur,Masc,Pos,ADJ,damalige | damaligen
dauerhaft,Dat,Sing,Fem,Pos,ADJ,dauerhaften | dauerhafter
dauern,Dat,Sing,Fem,Pos,ADJ,dauernde | dauernden
dazugehörig,Acc,Plur,Neut,Pos,ADJ,dazugehörige | dazugehörigen
defekt,Dat,Sing,Masc,Pos,ADJ,defektem | defekten
defekt,Acc,Plur,Masc,Pos,ADJ,defekte | defekten
demokratisch,Dat,Sing,Fem,Pos,ADJ,demokratisch | demokratischen
demokratisch,Acc,Sing,Fem,Pos,ADJ,demokratische | freiheitlich-demokratische | nicht-demokratische
demokratisch,Acc,Sing,Neut,Pos,ADJ,demokratische | demokratisches
denken,Dat,Sing,Masc,Pos,ADJ,denkenden | gedachten
der,Dat,Sing,Masc,,DET,dem | den | der | des
der,Dat,Sing,Fem,,DET,der | die
der,Dat,Sing,Neut,,DET,das | dem | des
der,Dat,Plur,,,DET,den | der | die
der,Dat,Sing,Neut,,PRON,das | dem
der,Acc,Sing,Masc,,PRON,den | der
der,Acc,Plur,,,DET,den | die
der,Dat,Sing,Masc,,PRON,dem | der
der,Acc,Sing,Masc,,DET,den | der
der,Acc,Sing,Neut,,DET,'s | das
der,Dat,Plur,,,PRON,dem | den | denen | die
der,Acc,Plur,Masc,,DET,den | die
der,Dat,Plur,Masc,,DET,den | der | die
der,Dat,Plur,Neut,,DET,den | der | die
der,Dat,Plur,Fem,,DET,den | der
der,Acc,Sing,,,DET,den | die
der,Dat,,,,DET,dem | der | die
der,Dat,,,,PRON,dem | der
der,Acc,,,,PRON,das | den | der | die
der,Acc,,,,DET,den | die
derartig,Dat,Sing,Fem,Pos,ADJ,derartigen | derartiger
derartig,Acc,Plur,Masc,Pos,ADJ,derartige | derartigen
derjenige,Acc,Plur,Fem,,DET,diejenige | diejenigen
derselbe,Acc,Sing,Masc,,DET,denselben | dieselben
derselbe,Dat,,,,DET,demselben | derselben
derzeitig,Dat,Sing,Masc,Pos,ADJ,derzeitigem | derzeitigen
derzeitig,Dat,Sing,Fem,Pos,ADJ,derzeitigen | derzeitiger
deutlich,Dat,Sing,Fem,Pos,ADJ,deutlichen | deutlicher
deutlich,Dat,Sing,Neut,Pos,ADJ,deutlichem | deutlichen
deutlich,Dat,Sing,Masc,Pos,ADJ,deutlichem | deutlichen
deutlich,Acc,Plur,Fem,Pos,ADJ,deutliche | deutlichen
deutlich,Acc,Sing,Neut,Pos,ADJ,deutliche | deutliches
deutlich,Acc,Plur,Neut,Pos,ADJ,deutliche | deutlichen
deutsch,Acc,Sing,Neut,,PROPN,Deutsch | Deutsches
deutsch,Dat,Sing,Fem,Pos,ADJ,deutsch | deutsche | deutschen | deutscher
deutsch,Acc,Plur,Neut,Pos,ADJ,deutsche | deutschen
deutsch,Acc,Sing,Neut,,NOUN,Deutsch | Deutsche
deutsch,Dat,Sing,Neut,,PROPN,Deutsch | Deutschen
deutsch,Dat,Sing,Neut,Pos,ADJ,deutsch | deutsche | deutschem | deutschen
deutsch,Dat,Sing,Masc,Pos,ADJ,deutsch | deutschem | deutschen
deutsch,Dat,Sing,Masc,,PROPN,Deutsch | Deutschen
deutsch,Acc,Sing,Masc,Pos,ADJ,deutsch | deutschen
deutsch,Acc,Plur,Fem,Pos,ADJ,deutsche | deutschen
deutsch,Acc,Plur,Masc,Pos,ADJ,deutsch | deutsche | deutschen
deutsch,Acc,Sing,Neut,Pos,ADJ,deutsche | deutsches
deutsch,Dat,Sing,,Pos,ADJ,deutschem | deutschen
deutsch,Acc,Plur,,Pos,ADJ,deutsche | deutschen
deutschsprachig,Dat,Sing,Fem,Pos,ADJ,deutschsprachigen | deutschsprachiger
deutschsprachig,Acc,Plur,Fem,Pos,ADJ,deutschsprachige | deutschsprachigen
deutschsprachig,Acc,Sing,Neut,Pos,ADJ,deutschsprachige | deutschsprachiges
dick,Dat,Sing,Fem,Pos,ADJ,dicken | dicker
dick,Dat,Sing,Neut,Pos,ADJ,dickem | dicken
dieser,Dat,Sing,Fem,,DET,diese | dieser
dieser,Acc,Sing,Neut,,DET,dies | dieses
dieser,Dat,Sing,Masc,,DET,diesem | diesen | dieser | dieses
dieser,Dat,Sing,Neut,,DET,diesem | dieses
dieser,Dat,Plur,Masc,,DET,diese | diesen
dieser,Dat,Plur,,,DET,diese | diesen | dieser
dieser,Acc,Sing,,,DET,dies | diese
dieser,Dat,,,,DET,diesem | diesen | dieser
dieser,Acc,,,,DET,dies | diese | dieses
digital,Dat,Sing,Masc,Pos,ADJ,digitalem | digitalen
digital,Acc,Plur,Neut,Pos,ADJ,digitale | digitalen
digital,Dat,Sing,Neut,Pos,ADJ,digitalem | digitalen
digital,Dat,Sing,Fem,Pos,ADJ,digitalen | digitaler
digital,Acc,Sing,Neut,Pos,ADJ,digitale | digitales
digital,Acc,Plur,Fem,Pos,ADJ,digitale | digitalen
digital,Acc,Plur,Masc,Pos,ADJ,digitale | digitalen
digital,Dat,Sing,,Pos,ADJ,digitalem | digitalen
diplomatisch,Acc,Plur,Fem,Pos,ADJ,diplomatische | diplomatischen
diplomatisch,Dat,Sing,Masc,Pos,ADJ,diplomatischem | diplomatischen
direkt,Dat,Sing,Masc,Pos,ADJ,direktem | direkten
direkt,Dat,Sing,Fem,Pos,ADJ,direkten | direkter
direkt,Acc,Plur,Fem,Pos,ADJ,direkte | direkten
direkt,Dat,Sing,Neut,Pos,ADJ,direktem | direkten
direkt,Acc,Plur,Masc,Pos,ADJ,direkte | direkten
direkt,Acc,Sing,Neut,Pos,ADJ,direkte | direktes
diskriminieren,Dat,Plur,Fem,Pos,ADJ,diskriminierenden | nicht-diskriminierenden
divers,Acc,Plur,Fem,Pos,ADJ,diverse | diversen
divers,Dat,Plur,Masc,Pos,ADJ,diverse | diversen
divers,Acc,Plur,Neut,Pos,ADJ,diverse | diversen
divers,Acc,Plur,Masc,Pos,ADJ,diverse | diversen
divers,Acc,Plur,,Pos,ADJ,diverse | diversen
dominieren,Dat,Sing,Masc,Pos,ADJ,dominierenden | microsoft-dominierten
dominieren,Dat,Sing,Neut,Pos,ADJ,dominierenden | dominierten
dominieren,Dat,Sing,Fem,Pos,ADJ,dominierenden | dominierten
doppelt,Dat,Sing,Fem,Pos,ADJ,doppelten | doppelter
doppelt,Dat,Sing,Masc,Pos,ADJ,doppeltem | doppelten
dortig,Acc,Plur,Fem,Pos,ADJ,dortige | dortigen
drahtlos,Dat,Sing,Neut,Pos,ADJ,drahtlosem | drahtlosen
drahtlos,Acc,Sing,Neut,Pos,ADJ,drahtlose | drahtloses
drahtlos,Acc,Plur,Fem,Pos,ADJ,drahtlose | drahtlosen
drahtlos,Acc,Plur,Neut,Pos,ADJ,drahtlose | drahtlosen
drahtlos,Dat,Sing,Fem,Pos,ADJ,drahtlosen | drahtloser
drahtlos,Acc,Plur,Masc,Pos,ADJ,drahtlose | drahtlosen
dramatisch,Dat,Sing,Fem,Pos,ADJ,dramatischen | dramatischer
dramatisch,Acc,Plur,Fem,Pos,ADJ,dramatische | dramatischen
drastisch,Acc,Plur,Fem,Pos,ADJ,drastische | drastischen
drastisch,Acc,Plur,Masc,Pos,ADJ,drastische | drastischen
drastisch,Dat,Sing,Masc,Pos,ADJ,drastischem | drastischen
dreidimensional,Acc,Plur,Neut,Pos,ADJ,dreidimensionale | dreidimensionalen
dreidimensional,Acc,Sing,Neut,Pos,ADJ,dreidimensionale | dreidimensionales
dreidimensional,Dat,Sing,Fem,Pos,ADJ,dreidimensionalen | dreidimensionaler
dreidimensional,Acc,Plur,Fem,Pos,ADJ,dreidimensionale | dreidimensionalen
dreifach,Dat,Sing,Fem,Pos,ADJ,dreifachen | dreifacher
dreijährig,Dat,Sing,Fem,Pos,ADJ,dreijährigen | dreijähriger
dringen,Acc,Plur,Fem,Pos,ADJ,dringende | dringenden
dritt,Dat,Sing,Fem,Pos,ADJ,dritte | dritten | dritter
dritt,Dat,Sing,Neut,Pos,ADJ,dritte | dritten
dritte,Dat,Sing,Fem,Pos,ADJ,dritten | dritter
dritte,Acc,Sing,Neut,Pos,ADJ,dritte | drittes
drohen,Acc,Plur,Neut,Pos,ADJ,drohende | drohenden
drohen,Dat,Sing,Fem,Pos,ADJ,drohenden | drohender
drucken,Dat,Sing,Fem,Pos,ADJ,gedruckten | gedruckter
drucken,Acc,Sing,Neut,Pos,ADJ,gedruckte | gedrucktes
dunkel,Acc,Plur,Masc,Pos,ADJ,dunkle | dunklen
dunkel,Dat,Sing,Fem,Pos,ADJ,dunklen | dunkler
dunkel,Dat,Sing,Masc,Pos,ADJ,dunklem | dunklen
dunkel,Acc,Plur,Fem,Pos,ADJ,dunkle | dunklen
durchschnittlich,Acc,Sing,Neut,Pos,ADJ,durchschnittliche | durchschnittliches
durchschnittlich,Dat,Sing,Masc,Pos,ADJ,durchschnittlichem | durchschnittlichen
durchsichtig,Dat,Sing,Masc,Pos,ADJ,durchsichtigem | matt-durchsichtigen
dynamisch,Acc,Sing,Neut,Pos,ADJ,dynamische | dynamisches
dünn,Dat,Sing,Masc,Pos,ADJ,dünnem | dünnen
dünn,Dat,Sing,Neut,Pos,ADJ,dünnem | dünnen
e,Dat,Sing,Neut,,NOUN,E | e
echt,Dat,Sing,Neut,Pos,ADJ,echtem | echten
echt,Dat,Sing,Fem,Pos,ADJ,echten | echter
echt,Acc,Plur,Masc,Pos,ADJ,echte | echten
echt,Acc,Plur,Neut,Pos,ADJ,echte | echten
edel,Dat,Sing,Neut,Pos,ADJ,edlem | edlen
effizient,Dat,Sing,Fem,Pos,ADJ,effizienten | effizienter
effizient,Dat,Sing,Masc,Pos,ADJ,effizientem | effizienten
ehemalig,Dat,Plur,Masc,Pos,ADJ,ehemalige | ehemaligen
ehemalig,Acc,Plur,Fem,Pos,ADJ,ehemalige | ehemaligen
ehemalig,Dat,Sing,Masc,Pos,ADJ,ehemaligem | ehemaligen
ehemalig,Acc,Plur,Neut,Pos,ADJ,ehemalige | ehemaligen
ehemalig,Acc,Plur,,Pos,ADJ,ehemalige | ehemaligen
ehemalig,Acc,Plur,Masc,Pos,ADJ,ehemalige | ehemaligen
ehrgeizig,Acc,Sing,Neut,Pos,ADJ,ehrgeizige | ehrgeiziges
ehrgeizig,Dat,Sing,Masc,Pos,ADJ,ehrgeizigem | ehrgeizigen
ehrgeizig,Acc,Plur,Masc,Pos,ADJ,ehrgeizige | ehrgeizigen
eigen,Acc,Sing,Fem,Pos,ADJ,adone-eigene | amd-eigene | casio-eigene | eigene | epoc-eigene | ibm-eigene
eigen,Acc,Sing,Masc,Pos,ADJ,atobe-eigenen | eigenen | eu-eigenen | handspring-eigenen | sony-eigenen
eigen,Dat,Sing,Neut,Pos,ADJ,eigenem | eigenen | metacreations-eigenen | rambus-eigenen | usr-eigenen
eigen,Dat,Sing,Fem,Pos,ADJ,eigene | eigenen | eigener | sgi-eigener
eigen,Dat,Plur,Fem,Pos,ADJ,eigenen | eignen
eigen,Dat,Sing,Masc,Pos,ADJ,eigenem | eigenen
eigen,Acc,Sing,Neut,Pos,ADJ,eigene | eigenes | macintosh-eigene | microsoft-eigene | sony-eigene | suse-eigene | telekom-eigene
eigen,Acc,Plur,Neut,Pos,ADJ,eigene | eigenen
eigen,Acc,Plur,Fem,Pos,ADJ,eigene | eigenen | telekom-eigenen
eigen,Acc,Plur,,Pos,ADJ,eigene | eigenen
eigen,Dat,Plur,Neut,Pos,ADJ,eigenen | sni-eigenen
eigen,Dat,Plur,Masc,Pos,ADJ,aol-eigenen | cnn-eigenen | eigene | eigenen | handspring-eigenen | microsoft-eigenen | netcologne-eigenen
eigen,Acc,Plur,Masc,Pos,ADJ,eigene | eigenen
eigen,Dat,Plur,,Pos,ADJ,eigenen | netscape-eigenen
eigen,Dat,Sing,,Pos,ADJ,eigenem | eigenen | ibm-eigenen
eigenständig,Acc,Sing,Neut,Pos,ADJ,eigenständige | eigenständiges
eigenständig,Acc,Plur,Masc,Pos,ADJ,eigenständige | eigenständigen
eigentlich,Dat,Sing,Fem,Pos,ADJ,eigentlichen | eigentlicher
eigentlich,Dat,Sing,Neut,Pos,ADJ,eigentlichem | eigentlichen
eigentlich,Acc,Sing,Neut,Pos,ADJ,eigentliche | eigentliches
eignen,Dat,Sing,Fem,Pos,ADJ,geeigneten | geeigneter
eignen,Acc,Plur,Fem,Pos,ADJ,geeignete | geeigneten
eignen,Acc,Sing,Neut,Pos,ADJ,geeignete | geeignetes
eignen,Dat,Sing,Neut,Pos,ADJ,geeignetem | geeigneten
ein,Acc,Sing,Masc,,DET,ein | eine(n) | einen
ein,Acc,Sing,Fem,,DET,ein | eine
ein,Dat,Sing,Fem,,DET,eine | einen | einer
ein,Dat,Sing,Masc,,DET,ein | einem | einen | einer | eines
ein,Acc,Sing,Neut,,DET,ein | eine | eines | eins
ein,Dat,Sing,,,DET,einem | einem/er
ein,Dat,Sing,Neut,,DET,ein | einem | einen | eines
ein,Acc,Sing,,,DET,ein | einen
ein,Dat,,,,DET,ein | einem | einer
einbauen,Acc,Sing,Neut,Pos,ADJ,eingebaute | eingebautes
einbauen,Dat,Sing,Neut,Pos,ADJ,eingebautem | eingebauten
einbauen,Dat,Sing,Masc,Pos,ADJ,eingebautem | eingebauten
einbauen,Dat,Sing,Fem,Pos,ADJ,eingebauten | eingebauter
einbauen,Acc,Plur,Fem,Pos,ADJ,eingebaute | eingebauten
einbauen,Acc,Plur,Masc,Pos,ADJ,eingebaute | eingebauten
einfach,Dat,Sing,Neut,Pos,ADJ,einfachem | einfachen
einfach,Dat,Sing,Fem,Cmp,ADJ,einfacheren | einfacherer
einfach,Acc,Plur,Neut,Pos,ADJ,einfache | einfachen
einfach,Dat,Sing,Masc,Pos,ADJ,einfachem | einfachen
einfach,Acc,Sing,Neut,Pos,ADJ,einfache | einfaches
einfach,Acc,Plur,Fem,Pos,ADJ,einfache | einfachen
einfach,Dat,Sing,Fem,Pos,ADJ,einfachen | einfacher
einfach,Dat,Sing,Fem,Sup,ADJ,einfachsten | einfachster
einfach,Acc,Plur,Masc,Pos,ADJ,einfache | einfachen
einführen,Acc,Sing,Fem,Pos,ADJ,einführende | eingeführte
eingebaut,Dat,Sing,Masc,Pos,ADJ,eingebautem | eingebauten
eingehen,Dat,Plur,Masc,Pos,ADJ,eingegangenen | eingehenden
eingehen,Dat,Sing,Fem,Pos,ADJ,eingehenden | eingehender
eingehen,Acc,Plur,Fem,Pos,ADJ,eingegangene | eingegangenen | eingehende | eingehenden
einheitlich,Acc,Sing,Neut,Pos,ADJ,einheitliche | einheitliches
einige,Dat,Sing,Fem,,DET,einige | einiger
einige,Acc,Plur,Fem,,DET,einige | einigen
einige,Dat,Plur,,,DET,einige | einigen
einjährig,Dat,Sing,Fem,Pos,ADJ,einjährigen | einjähriger
einmalig,Acc,Sing,Neut,Pos,ADJ,einmalige | einmaliges
einmalig,Dat,Sing,Neut,Pos,ADJ,einmaligem | einmaligen
einmalig,Acc,Plur,Masc,Pos,ADJ,einmalige | einmaligen
einsam,Dat,Sing,Fem,Pos,ADJ,einsamen | einsamer
einscannen,Acc,Sing,Masc,Pos,ADJ,eingescannten | einzuscannenden
einschlägig,Acc,Plur,Masc,Pos,ADJ,einschlägige | einschlägigen
einschlägig,Acc,Sing,Neut,Pos,ADJ,einschlägige | einschlägiges
einschlägig,Acc,Plur,Neut,Pos,ADJ,einschlägige | einschlägigen
einschlägig,Acc,Plur,Fem,Pos,ADJ,einschlägige | einschlägigen
einschränken,Dat,Sing,Fem,Pos,ADJ,eingeschränkten | eingeschränkter
einschränken,Acc,Sing,Fem,Pos,ADJ,eingeschränkte | einzuschränkende
einsetzen,Dat,Sing,,Pos,ADJ,eingesetztem | eingesetzten
einsetzen,Acc,Plur,Fem,Pos,ADJ,eingesetzte | eingesetzten
einspielen,Acc,Sing,Neut,Pos,ADJ,eingespielte | eingespieltes
einstellen,Dat,Sing,Fem,Pos,ADJ,eingestellten | eingestellter
einstellen,Acc,Plur,Masc,Pos,ADJ,eingestellte | eingestellten
einstweilig,Dat,Sing,Fem,Pos,ADJ,einstweiligen | einstweiliger
einzeln,Dat,Plur,Fem,Pos,ADJ,einzelne | einzelnen
einzeln,Acc,Plur,Fem,Pos,ADJ,einzelne | einzelnen
einzeln,Acc,Plur,Masc,Pos,ADJ,einzelne | einzelnen
einzeln,Acc,Plur,Neut,Pos,ADJ,einzelne | einzelnen
einzeln,Dat,Sing,Masc,Pos,ADJ,einzelnem | einzelnen
einzeln,Dat,Sing,Neut,Pos,ADJ,einzelne | einzelnen
einzeln,Acc,Sing,Neut,Pos,ADJ,einzelne | einzelnen | einzelnes
einzeln,Acc,Sing,Fem,Pos,ADJ,einzelne | einzelnen
einzeln,Acc,Plur,,Pos,ADJ,einzelne | einzelnen
einzig,Dat,Sing,Fem,Pos,ADJ,einzigen | einziger
einzig,Acc,Sing,Neut,Pos,ADJ,einzige | einziges
elektrisch,Dat,Sing,Fem,Pos,ADJ,elektrischen | elektrischer
elektrisch,Acc,Plur,Masc,Pos,ADJ,elektrische | elektrischen
elektronisch,Dat,Sing,Masc,Pos,ADJ,elektronischem | elektronischen | militärisch-elektronischen
elektronisch,Acc,Plur,Neut,Pos,ADJ,elektronische | elektronischen
elektronisch,Acc,Sing,Neut,Pos,ADJ,elektronische | elektronisches
elektronisch,Acc,Plur,Masc,Pos,ADJ,elektronische | elektronischen
elektronisch,Dat,Plur,Masc,Pos,ADJ,elektronische | elektronischen | mechanisch-elektronischen
elektronisch,Dat,Sing,Neut,Pos,ADJ,elektronischem | elektronischen
elektronisch,Dat,Plur,Neut,Pos,ADJ,elektronische | elektronischen
elektronisch,Dat,Sing,Fem,Pos,ADJ,elektronische | elektronischen | elektronischer
elektronisch,Dat,Plur,,Pos,ADJ,elektronische | elektronischen
elektronisch,Acc,Plur,Fem,Pos,ADJ,elektronische | elektronischen
emotional,Dat,Sing,Fem,Pos,ADJ,emotionalen | emotionaler
empfehlen,Acc,Sing,Masc,Pos,ADJ,empfehlenden | empfohlenen
endgültig,Acc,Sing,Neut,Pos,ADJ,endgültige | endgültiges
endgültig,Dat,Sing,Neut,Pos,ADJ,endgültigen | endgültiges
endlos,Acc,Plur,Fem,Pos,ADJ,endlose | endlosen
eng,Dat,Sing,Fem,Pos,ADJ,engen | enger
eng,Dat,Sing,Masc,Pos,ADJ,engem | engen
eng,Dat,Sing,Neut,Pos,ADJ,engem | engen
englisch,Dat,Sing,Neut,Pos,ADJ,englisch | englischen
englisch,Acc,Plur,Fem,Pos,ADJ,englische | englischen | nicht-englischen
englisch,Dat,Sing,Masc,Pos,ADJ,englischem | englischen
englisch,Acc,Sing,Fem,Pos,ADJ,englische | schwizer-englische
englisch,Dat,Sing,Fem,Pos,ADJ,deutsch-englischen | englischen | englischer | us-englischen
englisch,Acc,Plur,Masc,Pos,ADJ,englische | englischen | englischer | nicht-englischen
englisch,Acc,Plur,Neut,Pos,ADJ,englische | englischen
englisch,Acc,Sing,Neut,Pos,ADJ,englische | englisches
englisch,Dat,Sing,,Pos,ADJ,englischem | englischen
englischsprachig,Acc,Sing,Neut,Pos,ADJ,englischsprachige | englischsprachiges
englischsprachig,Dat,Sing,Neut,Pos,ADJ,englischsprachigem | englischsprachigen
englischsprachig,Dat,Plur,Fem,Pos,ADJ,englischsprachigen | nicht-englischsprachigen
englischsprachig,Dat,Plur,Neut,Pos,ADJ,englischsprachigen | nicht-englischsprachigen
enorm,Dat,Sing,Masc,Pos,ADJ,enormem | enormen
enorm,Dat,Sing,Fem,Pos,ADJ,enormen | enormer
enorm,Acc,Plur,Masc,Pos,ADJ,enorm | enormen
entdecken,Acc,Sing,Neut,Pos,ADJ,entdeckte | entdecktes
entfernen,Acc,Sing,Neut,Pos,ADJ,entfernte | entferntes
entfernt,Dat,Sing,Masc,Pos,ADJ,entfernten | entfernter
entgegengesetzt,Dat,Sing,Fem,Pos,ADJ,entgegengesetzten | entgegengesetzter
entgehen,Acc,Plur,Masc,Pos,ADJ,entgangene | entgangenen
entgehen,Acc,Sing,Neut,Pos,ADJ,entgangene | entgangenes
enthalten,Acc,Plur,Fem,Pos,ADJ,enthaltene | enthaltenen
entscheiden,Dat,Sing,Fem,Pos,ADJ,entscheidenden | entscheidender
entscheiden,Dat,Sing,Masc,Pos,ADJ,entscheidenden | entschiedenem | entschiedenen
entscheiden,Acc,Plur,Fem,Pos,ADJ,entscheidende | entscheidenden
entsprechen,Acc,Sing,Neut,Pos,ADJ,entsprechende | entsprechendes
entsprechen,Acc,Sing,Fem,Pos,ADJ,entsprechende | entsprechender
entsprechen,Acc,Plur,Fem,Pos,ADJ,entsprechende | entsprechenden
entsprechen,Dat,Sing,Neut,Pos,ADJ,entsprechendem | entsprechenden
entsprechen,Dat,Sing,Masc,Pos,ADJ,entsprechendem | entsprechenden
entsprechen,Dat,Sing,Fem,Pos,ADJ,entsprechenden | entsprechender
entsprechen,Acc,Plur,Neut,Pos,ADJ,entsprechende | entsprechenden
entsprechen,Acc,Plur,Masc,Pos,ADJ,entsprechende | entsprechenden
entsprechen,Dat,Sing,,Pos,ADJ,entsprechendem | entsprechenden
entsprechend,Acc,Sing,Neut,Pos,ADJ,entsprechende | entsprechendes
entstanden,Acc,Plur,Masc,Pos,ADJ,entstandene | entstandenen
entstehen,Acc,Sing,Fem,Pos,ADJ,entstandene | entstehende
entstehen,Acc,Sing,Masc,Pos,ADJ,entstandenen | entstehenden
entstehen,Acc,Plur,Neut,Pos,ADJ,entstandenen | entstehenden
entstehen,Dat,Sing,Fem,Pos,ADJ,entstandenen | entstehenden
entstehen,Dat,Sing,Masc,Pos,ADJ,entstehendem | entstehenden
entstehen,Dat,Sing,Neut,Pos,ADJ,entstandenen | entstehenden
entstehen,Acc,Sing,Neut,Pos,ADJ,entstandene | entstehende | entstehendes
entstehen,Acc,Plur,Masc,Pos,ADJ,entstandenen | entstehenden
enttäuschen,Acc,Sing,Neut,Pos,ADJ,enttäuschende | enttäuschendes
enttäuschen,Dat,Plur,Fem,Pos,ADJ,enttäuschenden | enttäuschten
entwickeln,Dat,Sing,Masc,Pos,ADJ,entwickelnden | entwickelten
entwickeln,Acc,Sing,Fem,Pos,ADJ,entwickelnde | entwickelte
entwickeln,Acc,Sing,Neut,Pos,ADJ,entwickelndes | entwickelte | entwickeltes
entwickeln,Acc,Sing,Masc,Pos,ADJ,entwickelnden | entwickelten
entwickeln,Dat,Sing,Fem,Pos,ADJ,entwickelnden | entwickelten
entwickeln,Acc,Plur,Fem,Pos,ADJ,entwickelnden | entwickelten
erbringen,Acc,Plur,Fem,Pos,ADJ,erbrachte | erbrachten
erfolgen,Dat,Sing,Fem,Pos,ADJ,erfolgten | erfolgter
erfolglos,Dat,Sing,Masc,Pos,ADJ,erfolglosem | erfolglosen
erfolgreich,Dat,Sing,Fem,Pos,ADJ,erfolgreichen | erfolgreicher
erfolgreich,Dat,Sing,Neut,Pos,ADJ,erfolgreichem | erfolgreichen
erfolgreich,Dat,Sing,Masc,Pos,ADJ,erfolgreichem | erfolgreichen
erfolgreich,Acc,Plur,Masc,Pos,ADJ,erfolgreiche | erfolgreichen
erfolgreich,Acc,Sing,Neut,Pos,ADJ,erfolgreiche | erfolgreiches
erfolgreich,Acc,Plur,Fem,Pos,ADJ,erfolgreiche | erfolgreichen
erhalten,Acc,Plur,Fem,Pos,ADJ,erhaltene | erhaltenen
erhalten,Acc,Plur,Masc,Pos,ADJ,erhaltene | erhaltenen
erheblich,Dat,Sing,Masc,Pos,ADJ,erheblichem | erheblichen
erheblich,Dat,Sing,Neut,Pos,ADJ,erheblichem | erheblichen
erheblich,Dat,Sing,Fem,Pos,ADJ,erheblichen | erheblicher
erhoffen,Acc,Plur,Masc,Pos,ADJ,erhoffte | erhofften
erhöhen,Acc,Plur,Masc,Pos,ADJ,erhöhte | erhöhten
erhöhen,Dat,Sing,Fem,Pos,ADJ,erhöhten | erhöhter
erhöht,Dat,Sing,Fem,Pos,ADJ,erhöhten | erhöhter
erneuen,Dat,Sing,Fem,Pos,ADJ,erneuten | erneuter
erneut,Dat,Sing,Fem,Pos,ADJ,erneuten | erneuter
ernst,Dat,Sing,Fem,Pos,ADJ,ernsten | ernster
ernsthaft,Acc,Plur,Masc,Pos,ADJ,ernsthafte | ernsthaften
erscheinen,Dat,Sing,Fem,Pos,ADJ,erscheinenden | erschienenen
erscheinen,Dat,Sing,Neut,Pos,ADJ,erschienenem | erschienenen
erscheinen,Dat,Sing,Masc,Pos,ADJ,erscheinenden | erschienenen
erst,Dat,Sing,Fem,Pos,ADJ,ersten | erster
erst,Dat,Sing,Masc,Pos,ADJ,erstem | ersten
erst,Acc,Sing,Neut,Pos,ADJ,erste | erstes
erst,Dat,Sing,Neut,Pos,ADJ,erstem | ersten
erst,Acc,Plur,Fem,Pos,ADJ,erste | ersten
erst,Dat,Plur,Neut,Pos,ADJ,erste | ersten
erst,Acc,Plur,Neut,Pos,ADJ,erste | ersten
erst,Acc,Plur,Masc,Pos,ADJ,erste | ersten
erteilen,Acc,Sing,Neut,Pos,ADJ,erteilte | erteiltes
erwarten,Dat,Sing,Fem,Pos,ADJ,erwartenden | erwartender | erwarteten | erwarteter
erwarten,Acc,Plur,Fem,Pos,ADJ,erwartenden | erwartete | erwarteten
erwarten,Acc,Sing,Neut,Pos,ADJ,erwartende | erwartete
erwarten,Acc,Plur,Neut,Pos,ADJ,erwartende | erwartenden | erwarteten
erwarten,Dat,Plur,Masc,Pos,ADJ,erwartenden | erwarteten
erwarten,Dat,Sing,Masc,Pos,ADJ,erwartenden | erwartetem | erwarteten
erwarten,Dat,Plur,Fem,Pos,ADJ,erwartenden | erwarteten
erwarten,Acc,Sing,Masc,Pos,ADJ,erwartenden | erwarteten
erwarten,Acc,Plur,Masc,Pos,ADJ,erwartenden | erwarteten
erwarten,Dat,Sing,Neut,Pos,ADJ,erwartenden | erwarteten
erweitern,Dat,Sing,Neut,Pos,ADJ,erweitertem | erweiterten
erweitern,Dat,Sing,Fem,Pos,ADJ,erweiterten | erweiterter
erweitern,Acc,Sing,Neut,Pos,ADJ,erweiterte | erweitertes
erweitern,Acc,Plur,Fem,Pos,ADJ,erweiterte | erweiterten
erweitern,Acc,Plur,Masc,Pos,ADJ,erweiterte | erweiterten
erwerben,Acc,Sing,Neut,Pos,ADJ,erworbene | erworbenes
erwerben,Acc,Plur,Neut,Pos,ADJ,erworbene | erworbenen
es,Acc,Sing,Neut,,PRON,'s | es | s
es,Dat,Sing,Neut,,PRON,es | ihm
estnisch,Dat,Sing,Fem,Pos,ADJ,estnischen | estnischer
etablieren,Dat,Sing,Neut,Pos,ADJ,etabliertem | etablierten
ethisch,Acc,Plur,Neut,Pos,ADJ,ethische | ethischen
ethisch,Acc,Plur,Fem,Pos,ADJ,ethische | ethischen
etliche,Acc,Sing,Neut,,DET,etliche | etliches
europäisch,Dat,Sing,Masc,Pos,ADJ,europäischem | europäischen
europäisch,Acc,Sing,Neut,Pos,ADJ,europäische | europäisches
europäisch,Dat,Sing,Neut,Pos,ADJ,europäischem | europäischen | pan-europäischen
europäisch,Acc,Plur,Masc,Pos,ADJ,europäische | europäischen
europäisch,Acc,Sing,Fem,Pos,ADJ,europäische | pan-europäische
europäisch,Acc,Plur,Neut,Pos,ADJ,europäische | europäischen
europäisch,Acc,Sing,Masc,Pos,ADJ,europäischen | pan-europäischen
europäisch,Dat,Sing,Fem,Pos,ADJ,europäischen | europäischer
europäisch,Acc,Plur,,Pos,ADJ,europäische | europäischen
europäisch,Dat,Plur,Fem,Pos,ADJ,europäischen | nicht-europäischen
europäisch,Acc,Plur,Fem,Pos,ADJ,europäische | europäischen
europäisch,Dat,Plur,Masc,Pos,ADJ,europäischen | nicht-europäischen
eventuell,Dat,Sing,Masc,Pos,ADJ,eventuellem | eventuellen
ewig,Dat,Sing,Fem,Pos,ADJ,ewigen | ewiger
ewig,Acc,Sing,Neut,Pos,ADJ,ewige | ewiges
existieren,Acc,Plur,Neut,Pos,ADJ,existierende | existierenden
existieren,Dat,Sing,Fem,Pos,ADJ,existierenden | existierender
existieren,Acc,Plur,Masc,Pos,ADJ,existierende | existierenden
existieren,Dat,Plur,Neut,Pos,ADJ,existierenden | existierender
exklusiv,Acc,Sing,Neut,Pos,ADJ,exklusive | exklusives
exklusiv,Dat,Sing,Fem,Pos,ADJ,exklusiven | exklusiver | nicht-exklusiven
extern,Acc,Plur,Masc,Pos,ADJ,externe | externen
extern,Acc,Sing,Neut,Pos,ADJ,externe | externes
extern,Dat,Sing,Fem,Pos,ADJ,externen | externer
extern,Dat,Plur,Neut,Pos,ADJ,externe | externen
extern,Dat,Sing,Masc,Pos,ADJ,externem | externen
extrem,Acc,Plur,Masc,Pos,ADJ,extreme | extremen
extrem,Dat,Sing,Neut,Pos,ADJ,extremem | extremen
extrem,Dat,Sing,Masc,Pos,ADJ,extremem | extremen
extrem,Dat,Sing,Fem,Pos,ADJ,extremem | extremen | extremer
fachlich,Dat,Sing,Fem,Pos,ADJ,fachlichen | fachlicher
fair,Dat,Sing,Masc,Pos,ADJ,fairem | fairen
faktisch,Acc,Sing,Fem,Pos,ADJ,faktische | faktischen
fallen,Acc,Plur,Masc,Pos,ADJ,fallende | fallenden | gefallenen
fallen,Acc,Sing,Fem,Pos,ADJ,fallende | gefallene
fallen,Dat,Sing,Fem,Pos,ADJ,fallender | gefallenen
falsch,Dat,Sing,Fem,Pos,ADJ,falschen | falscher
falsch,Dat,Sing,Masc,Pos,ADJ,falschem | falschen
falsch,Acc,Sing,Neut,Pos,ADJ,falsche | falsches
falsch,Dat,Sing,Neut,Pos,ADJ,falschem | falschen
falsch,Acc,Plur,Fem,Pos,ADJ,falsche | falschen
falsch,Acc,Plur,Masc,Pos,ADJ,falsche | falschen
falsch,Acc,Plur,Neut,Pos,ADJ,falsche | falschen
fehlen,Acc,Plur,Masc,Pos,ADJ,fehlende | fehlenden
fehlen,Acc,Sing,Neut,Pos,ADJ,fehlende | fehlendes
fehlen,Dat,Sing,Fem,Pos,ADJ,fehlenden | fehlender
fehlen,Acc,Plur,Fem,Pos,ADJ,fehlende | fehlenden
fehlen,Dat,Sing,Neut,Pos,ADJ,fehlendem | fehlenden
fehlen,Acc,Plur,Neut,Pos,ADJ,fehlende | fehlenden
fehlerhaft,Dat,Sing,Fem,Pos,ADJ,fehlerhaften | fehlerhafter
fehlerhaft,Acc,Plur,Masc,Pos,ADJ,fehlerhafte | fehlerhaften
fehlerhaft,Acc,Plur,Neut,Pos,ADJ,fehlerhafte | fehlerhaften
fein,Acc,Plur,Fem,Pos,ADJ,feine | feinen
feindlich,Acc,Plur,Neut,Pos,ADJ,feindliche | feindlichen
feindlich,Acc,Plur,Masc,Pos,ADJ,feindliche | us-feindliche
feindlich,Acc,Sing,Masc,Pos,ADJ,feindlichen | microsoft-feindlichen
fern,Dat,Sing,Fem,Pos,ADJ,fernen | ferner
fertig,Dat,Sing,Fem,Pos,ADJ,fertig | fertigen
fertig,Acc,Sing,Neut,Pos,ADJ,fertige | fertiges
fest,Dat,Sing,Fem,Pos,ADJ,festen | fester
fest,Dat,Sing,Masc,Pos,ADJ,festem | festen
finanziell,Dat,Sing,Fem,Pos,ADJ,finanziellen | finanzieller
finanziell,Acc,Plur,Neut,Pos,ADJ,finanzielle | finanziellen
finanziell,Acc,Plur,Fem,Pos,ADJ,finanzielle | finanziellen
finanziell,Acc,Plur,Masc,Pos,ADJ,finanzielle | finanziellen
finanziell,Dat,Plur,Neut,Pos,ADJ,finanzielle | finanziellen
finanziell,Acc,Sing,Neut,Pos,ADJ,finanzielle | finanzielles
finanziell,Dat,Sing,Masc,Pos,ADJ,finanziellem | finanziellen
finanziell,Dat,Sing,Neut,Pos,ADJ,finanziellem | finanziellen
finnisch,Dat,Sing,Fem,Pos,ADJ,finnischen | finnischer
finnisch,Dat,Sing,Neut,Pos,ADJ,finnischen | spanisch-finnischen
flach,Acc,Sing,Neut,Pos,ADJ,flache | flaches
flau,Acc,Plur,Masc,Pos,ADJ,flaue | flauen
flexibel,Acc,Plur,Fem,Pos,ADJ,flexible | flexiblen
flexibel,Dat,Sing,Fem,Pos,ADJ,flexiblen | flexibler
flexibel,Acc,Plur,Neut,Pos,ADJ,flexible | flexiblen
flächendeckend,Acc,Sing,Neut,Pos,ADJ,flächendeckende | flächendeckendes
flächendeckend,Dat,Sing,Fem,Pos,ADJ,flächendeckenden | flächendeckender
flüssig,Dat,Sing,Fem,Pos,ADJ,flüssigen | flüssiger
flüssig,Dat,Sing,Masc,Pos,ADJ,flüssigem | flüssigen
folgen,Dat,Sing,Neut,Pos,ADJ,folgendem | folgenden
folgen,Acc,Plur,Fem,Pos,ADJ,folgende | folgenden
folgen,Dat,Sing,Fem,Pos,ADJ,folgenden | folgender
folgen,Acc,Plur,Neut,Pos,ADJ,folgende | folgenden
folgen,Acc,Sing,Neut,Pos,ADJ,folgende | folgendes
folgen,Acc,Plur,Masc,Pos,ADJ,folgende | folgenden
folgend,Acc,Plur,Neut,Pos,ADJ,folgende | folgenden
folgend,Dat,Sing,Neut,Pos,ADJ,folgendem | folgenden
folgend,Dat,Sing,Fem,Pos,ADJ,folgenden | folgender
fordern,Acc,Sing,Fem,Pos,ADJ,fordernde | geforderte
fordern,Acc,Plur,Neut,Pos,ADJ,fordernden | geforderten
fordern,Dat,Sing,Fem,Pos,ADJ,geforderten | geforderter
fortschreiten,Dat,Sing,Fem,Pos,ADJ,fortgeschrittenen | fortschreitenden | fortschreitender
fortschreiten,Acc,Sing,Fem,Pos,ADJ,fortgeschrittene | fortschreitende
fortsetzen,Acc,Sing,Masc,Pos,ADJ,fortgesetzten | fortsetzenden
fortsetzen,Dat,Sing,Fem,Pos,ADJ,fortgesetzten | fortgesetzter
fortsetzen,Acc,Plur,Fem,Pos,ADJ,fortgesetzte | fortgesetzten
frankfurter,Acc,Sing,Fem,Pos,ADJ,frankfurter | londoner/frankfurter
französisch,Dat,Sing,Neut,Pos,ADJ,deutsch-französischen | französisch | französischem | französischen
französisch,Acc,Sing,Fem,Pos,ADJ,französische | französischen
französisch,Dat,Sing,Fem,Pos,ADJ,französischen | französischer
französisch,Acc,Sing,Masc,Pos,ADJ,französisch | französischen
französisch,Acc,Plur,Fem,Pos,ADJ,französische | französischen
französisch,Dat,Sing,Masc,Pos,ADJ,französischem | französischen
französisch,Acc,Sing,Neut,Pos,ADJ,französische | französisches
französisch,Acc,Plur,Neut,Pos,ADJ,französische | französischen
französisch,Acc,Plur,Masc,Pos,ADJ,französische | französischen
frei,Acc,Sing,Fem,Pos,ADJ,cookie-freie | freie | freier | sony-freie
frei,Acc,Plur,Masc,Pos,ADJ,freie | freien | regionalcode-freie
frei,Acc,Sing,Fem,,PROPN,Freie | freie
frei,Dat,Sing,Masc,Pos,ADJ,freiem | freien
frei,Dat,Sing,Fem,Pos,ADJ,cookie-freier | freien | freier | patent-freier
frei,Acc,Sing,Neut,Pos,ADJ,freie | freies
frei,Acc,Plur,Fem,Pos,ADJ,freie | freien
freiberuflich,Acc,Plur,Masc,Pos,ADJ,freiberufliche | freiberuflichen
freiwillig,Dat,Sing,Fem,Pos,ADJ,freiwilligen | freiwilliger
freiwillig,Acc,Plur,Masc,Pos,ADJ,freiwillige | freiwilligen
fremd,Dat,Sing,Masc,Pos,ADJ,fremdem | fremden
frequentieren,Acc,Plur,Fem,Pos,ADJ,frequentierte | frequentierten
freundlich,Dat,Sing,Fem,Pos,ADJ,freundlichen | freundlicher
freundlich,Acc,Sing,Neut,Pos,ADJ,freundliche | freundliches
freundlich,Dat,Sing,Neut,Pos,ADJ,freundlichem | freundlichen
freundlich,Acc,Sing,Masc,Pos,ADJ,freundliche | freundlichen | microsoft-freundlichen
friedlich,Dat,Sing,Fem,Pos,ADJ,friedlichen | friedlicher
frisch,Acc,Plur,Neut,Pos,ADJ,frische | frischen
frisch,Acc,Sing,Neut,Pos,ADJ,frische | frisches
frisch,Dat,Sing,Fem,Pos,ADJ,frischen | frischer
frisch,Acc,Plur,Fem,Pos,ADJ,frische | frischen
fristlos,Dat,Sing,Fem,Pos,ADJ,fristlosen | fristloser
fristlos,Acc,Plur,Fem,Pos,ADJ,fristlose | fristlosen
früh,Acc,Sing,Neut,Cmp,ADJ,frühere | früheres
früh,Dat,Sing,Masc,Cmp,ADJ,früherem | früheren
früh,Acc,Plur,Masc,Cmp,ADJ,frühere | früheren
früh,Dat,Sing,Fem,Pos,ADJ,frühen | früher
früh,Acc,Plur,Masc,Pos,ADJ,frühe | frühen
früh,Dat,Sing,Fem,Cmp,ADJ,früheren | früherer
früh,Acc,Plur,Fem,Pos,ADJ,frühe | frühen
früh,Acc,Plur,Fem,Cmp,ADJ,frühere | früheren
früh,Acc,Sing,Neut,Pos,ADJ,frühe | frühes
fundamental,Dat,Sing,Fem,Pos,ADJ,fundamentalen | fundamentaler
funktionieren,Dat,Sing,Fem,Pos,ADJ,funktionierenden | funktionierender
funktionieren,Acc,Plur,Neut,Pos,ADJ,funktionierende | funktionierenden
fähig,Acc,Plur,Masc,Pos,ADJ,3-plattform-fähigen | internet-fähige | ultra-ata/100-fähige
fähig,Dat,Plur,Fem,Pos,ADJ,"1,5-volt-fähigen | nds-fähigen | odbc-fähigen | ultra-ata/100-fähigen"
fähig,Dat,Plur,Neut,Pos,ADJ,bluetooth-fähigen | directx-fähigen | internet-fähigen | netzwerk-fähigen | sata-fähigen | tapi-fähigen
fähig,Acc,Sing,Neut,Pos,ADJ,sms-fähige | sms-fähiges | wap-fähiges
fähig,Dat,Sing,Masc,Pos,ADJ,bluetooth-fähigen | internet-fähigen | java-fähigen | usb-2.0-fähigen
fähig,Acc,Sing,Masc,Pos,ADJ,2.0-fähigen | 4x-fähigen | appletalk-fähigen | fähigen | internet-fähigen | java-fähigen | jdk-1.1.2-fähigen | jini-fähigen | mac-os-x-fähigen | mp3-fähigen | ntsc-fähigen | online-fähigen | vierkanal-fähigen
fähig,Acc,Sing,Fem,Pos,ADJ,hbci-fähige | internet-fähige
fähig,Dat,Sing,Fem,Pos,ADJ,gprs-fähigen | jahr-2000-fähigen | java-fähigen
fähig,Acc,Plur,Neut,Pos,ADJ,internet-fähige | wap-fähige
fähig,Dat,Sing,Neut,Pos,ADJ,fähigen | rückkanal-fähigen
fähig,Acc,Plur,Fem,Pos,ADJ,internet-fähigen | streaming-fähigen | web-fähige
fähig,Dat,Plur,Masc,Pos,ADJ,it-fähigen | ultra-ata/100-fähigen
fälschen,Acc,Sing,Neut,Pos,ADJ,gefälschte | gefälschtes
fördern,Acc,Sing,Neut,Pos,ADJ,geförderte | gefördertes
führen,Acc,Sing,Masc,Pos,ADJ,führenden | geführten
führen,Acc,Sing,Fem,Pos,ADJ,führende | geführte | geführten | spd-geführte
führen,Dat,Plur,Neut,Pos,ADJ,führenden | geführten
führen,Dat,Sing,Neut,Pos,ADJ,führendem | führenden | geführten
führen,Dat,Plur,Fem,Pos,ADJ,führenden | geführte | geführten
führen,Acc,Sing,Neut,Pos,ADJ,führende | führendes | geführte
führen,Dat,Sing,Masc,Pos,ADJ,führendem | führenden | geführten
führen,Dat,Plur,Masc,Pos,ADJ,führenden | geführten
führen,Dat,Sing,Fem,Pos,ADJ,cdu-geführten | führenden | führender | geführten
führen,Acc,Plur,Neut,Pos,ADJ,geführte | geführten
führend,Acc,Plur,Fem,Pos,ADJ,führende | führenden
fünft,Dat,Sing,Fem,Pos,ADJ,fünften | fünfter
fünfte,Dat,Sing,Fem,Pos,ADJ,fünften | fünfter
ganz,Dat,Sing,Neut,Pos,ADJ,ganz | ganzem | ganzen
ganz,Acc,Sing,Neut,Pos,ADJ,ganz | ganze | ganzes
ganz,Dat,Sing,Fem,Pos,ADJ,ganzen | ganzer
ganz,Acc,Sing,Fem,Pos,ADJ,ganze | ganzen
ganz,Acc,Plur,Fem,Pos,ADJ,ganze | ganzen
ganz,Acc,Plur,Neut,Pos,ADJ,ganze | ganzen
ganz,Acc,Plur,Masc,Pos,ADJ,ganze | ganzen
ganze,Acc,,,,NOUN,Ganze | Ganzes
geben,Dat,Sing,Masc,Pos,ADJ,gegebenem | gegebenen
geben,Acc,Sing,Neut,Pos,ADJ,gegebene | gegebenes
geben,Dat,Sing,Fem,Pos,ADJ,gegebenen | gegebener
gebrauchen,Acc,Plur,Masc,Pos,ADJ,gebrauchte | gebrauchten
gefährlich,Dat,Sing,Masc,Pos,ADJ,gefährlichem | gefährlichen
gefährlich,Dat,Sing,Neut,Pos,ADJ,gefährlichem | gefährlichen
gefährlich,Acc,Sing,Neut,Pos,ADJ,gefährliche | gefährliches
gegenseitig,Dat,Sing,Neut,Pos,ADJ,gegenseitigem | gegenseitigen
gegenseitig,Dat,Sing,Fem,Pos,ADJ,gegenseitigen | gegenseitiger
gegenwärtig,Dat,Sing,Masc,Pos,ADJ,gegenwärtigem | gegenwärtigen
gegenwärtig,Dat,Sing,Fem,Pos,ADJ,gegenwärtigen | gegenwärtiger
gegenwärtig,Acc,Plur,Masc,Pos,ADJ,gegenwärtige | gegenwärtigen
geheim,Dat,Sing,Fem,Pos,ADJ,geheimen | geheimer
geheim,Acc,Plur,Fem,Pos,ADJ,geheime | geheimen
gehen,Acc,Plur,Masc,Pos,ADJ,gegangene | gehende
gehen,Acc,Sing,Neut,Pos,ADJ,gegangene | gegangenes | gehende | gehendes
gehen,Acc,Sing,Fem,Pos,ADJ,gegangene | gehende
gehen,Acc,Sing,Masc,Pos,ADJ,gegangenen | gehenden
gehen,Dat,Sing,Fem,Pos,ADJ,gegangenen | gehenden
gehen,Dat,Sing,Masc,Pos,ADJ,gegangenen | gehenden
gehören,Dat,Sing,Fem,Pos,ADJ,gehörenden | gehörter
gehören,Acc,Sing,Fem,Pos,ADJ,gehörende | gehörte
geistig,Acc,Sing,Neut,Pos,ADJ,geistige | geistiges
geistig,Dat,Sing,Neut,Pos,ADJ,geistigem | geistigen
geistig,Acc,Plur,Fem,Pos,ADJ,geistige | geistigen
gelb,Acc,Plur,Fem,Pos,ADJ,gelbe | gelben
gelingen,Dat,Plur,Neut,Pos,ADJ,gelungene | gelungenen
gelingen,Acc,Sing,Neut,Pos,ADJ,gelungene | gelungenes
gelten,Acc,Plur,Fem,Pos,ADJ,geltende | geltenden
gelten,Acc,Sing,Neut,Pos,ADJ,geltende | geltendes
gelten,Dat,Sing,Neut,Pos,ADJ,geltendem | geltenden
gelten,Dat,Sing,Fem,Pos,ADJ,geltenden | geltender
gelten,Acc,Plur,Neut,Pos,ADJ,geltende | geltenden
gemeinnützig,Dat,Sing,Fem,Pos,ADJ,gemeinnützigen | gemeinnütziger
gemeinsam,Acc,Plur,Neut,Pos,ADJ,gemeinsame | gemeinsamen
gemeinsam,Dat,Sing,Masc,Pos,ADJ,gemeinsamem | gemeinsamen
gemeinsam,Dat,Sing,Fem,Pos,ADJ,gemeinsamen | gemeinsamer
gemeinsam,Acc,Sing,Neut,Pos,ADJ,gemeinsame | gemeinsames
gemeinsam,Acc,Plur,Fem,Pos,ADJ,gemeinsame | gemeinsamen
gemütlich,Acc,Sing,Neut,Pos,ADJ,gemütliche | gemütliches
genannt,Acc,Sing,Neut,Pos,ADJ,genannte | genanntes
genau,Acc,Plur,Fem,Cmp,ADJ,genauere | genaueren
genau,Dat,Sing,Fem,Pos,ADJ,genauen | genauer
genau,Dat,Sing,Masc,Pos,ADJ,genauen | genauer
genau,Acc,Sing,Neut,Pos,ADJ,genaue | genaues
genau,Acc,Sing,Fem,Pos,ADJ,genaue | nanometer-genaue
genau,Acc,Plur,Fem,Pos,ADJ,genaue | genauen
genau,Dat,Sing,Neut,Pos,ADJ,genauem | genauen
generell,Dat,Sing,Fem,Pos,ADJ,generelle | generellen
generieren,Dat,Plur,Fem,Pos,ADJ,computer-generierten | generierten
geografisch,Dat,Sing,Fem,Pos,ADJ,geografischen | geografischer
geometrisch,Dat,Sing,Fem,Pos,ADJ,geometrisch | geometrischen
gerecht,Acc,Sing,Fem,Pos,ADJ,gerechte | tv-gerechte
gerichtlich,Acc,Plur,Fem,Pos,ADJ,gerichtliche | gerichtlichen
gerichtlich,Dat,Sing,Masc,Pos,ADJ,gerichtlichem | gerichtlichen
gerichtlich,Dat,Sing,Fem,Pos,ADJ,gerichtlichen | gerichtlicher
gerichtlich,Acc,Sing,Neut,Pos,ADJ,gerichtliche | gerichtliches
gering,Dat,Sing,Fem,Pos,ADJ,geringen | geringer
gering,Dat,Sing,Masc,Pos,ADJ,geringem | geringen
gering,Acc,Sing,Neut,Pos,ADJ,geringe | geringes
gering,Dat,Sing,Neut,Cmp,ADJ,geringerem | geringeren
gering,Dat,Sing,Fem,Sup,ADJ,geringsten | geringster
gering,Dat,Sing,Neut,Pos,ADJ,geringem | geringen
gering,Dat,Sing,Masc,Cmp,ADJ,geringerem | geringeren
gering,Acc,Sing,Neut,Cmp,ADJ,geringere | geringeres
gering,Dat,Sing,Fem,Cmp,ADJ,geringeren | geringerer
gering,Acc,Plur,Fem,Cmp,ADJ,geringere | geringeren
gering,Acc,Plur,Fem,Pos,ADJ,geringe | geringen
gering,Acc,Plur,Masc,Pos,ADJ,geringe | geringen
gerufen,Acc,Sing,Neut,Pos,ADJ,gerufene | gerufenen
gesamt,Acc,Sing,Neut,Pos,ADJ,gesamt | gesamte | gesamtes
gesamt,Dat,Sing,Neut,Pos,ADJ,gesamtem | gesamten
gesamt,Dat,Sing,,Pos,ADJ,gesamtem | gesamten
gesamtwirtschaftlich,Dat,Sing,Fem,Pos,ADJ,gesamtwirtschaftlichen | gesamtwirtschaftlicher
geschlossen,Dat,Sing,Masc,Pos,ADJ,geschlossenem | geschlossenen
geschäftlich,Dat,Sing,Fem,Pos,ADJ,geschäftlichem | geschäftlichen | geschäftlicher
geschäftlich,Dat,Sing,Neut,Pos,ADJ,geschäftlichem | geschäftlichen
gesellschaftlich,Dat,Sing,Fem,Pos,ADJ,gesellschaftlichen | gesellschaftlicher
gesellschaftlich,Acc,Plur,Neut,Pos,ADJ,gesellschaftliche | gesellschaftlichen
gesellschaftlich,Acc,Sing,Neut,Pos,ADJ,gesellschaftliche | gesellschaftliches
gesetzlich,Acc,Plur,Fem,Pos,ADJ,gesetzliche | gesetzlichen
gesetzlich,Dat,Sing,Fem,Pos,ADJ,gesetzlichen | gesetzlicher
gesetzlich,Acc,Sing,Neut,Pos,ADJ,gesetzliche | gesetzliches
gesundheitlich,Acc,Plur,Neut,Pos,ADJ,gesundheitliche | gesundheitlichen
gesundheitlich,Acc,Plur,Fem,Pos,ADJ,gesundheitliche | gesundheitlichen
gewaltig,Dat,Sing,Masc,Pos,ADJ,gewaltigem | gewaltigen
gewaltig,Acc,Sing,Neut,Pos,ADJ,gewaltige | gewaltiges
gewaltig,Acc,Plur,Masc,Pos,ADJ,gewaltige | gewaltigen
gewerblich,Dat,Plur,Masc,Pos,ADJ,gewerblichen | nicht-gewerblichen
gewerkschaftlich,Acc,Sing,Fem,Pos,ADJ,anti-gewerkschaftliche | gewerkschaftliche
gewinnen,Acc,Plur,Fem,Pos,ADJ,gewonnene | gewonnenen
gewinnen,Dat,Plur,Neut,Pos,ADJ,gewinnenden | gewonnenen
gewiss,Dat,Sing,Fem,Pos,ADJ,gewissen | gewisser
gewiss,Dat,Sing,Masc,Pos,ADJ,gewissem | gewissen
gewiss,Dat,Sing,Neut,Pos,ADJ,gewissem | gewissen
gewiß,Acc,Sing,Fem,Pos,ADJ,gewisse | gewiße
gewohnt,Dat,Sing,Fem,Pos,ADJ,gewohnten | gewohnter
gewohnt,Dat,Sing,Masc,Pos,ADJ,gewohntem | gewohnten
gigantisch,Acc,Plur,Masc,Pos,ADJ,gigantische | gigantischen
gleich,Dat,Sing,Masc,Pos,ADJ,gleichem | gleichen
gleich,Acc,Sing,Neut,Pos,ADJ,gleiche | gleiches
gleich,Dat,Sing,Fem,Pos,ADJ,gleichen | gleicher
gleich,Dat,Sing,Neut,Pos,ADJ,gleichem | gleichen
gleich,Acc,Plur,Neut,Pos,ADJ,gleiche | gleichen
gleich,Acc,Plur,Fem,Pos,ADJ,gleiche | gleichen
gleich,Dat,Sing,,Pos,ADJ,gleichem | gleichen
gleichzeitig,Dat,Plur,Fem,Pos,ADJ,gleichzeitigen | gleichzeitiger
gleichzeitig,Dat,Sing,Masc,Pos,ADJ,gleichzeitigem | gleichzeitigen
gleichzeitig,Dat,Sing,Fem,Pos,ADJ,gleichzeitigen | gleichzeitiger
gleichzeitig,Acc,Sing,Neut,Pos,ADJ,gleichzeitige | gleichzeitiges
global,Dat,Sing,Fem,Pos,ADJ,globale | globalen | globaler
global,Acc,Sing,Neut,Pos,ADJ,globale | globales
global,Acc,Plur,Fem,Pos,ADJ,globale | globalen
gläsern,Dat,Sing,Masc,Pos,ADJ,gläsernem | gläsernen
glücken,Dat,Sing,Fem,Pos,ADJ,geglückten | geglückter
glücklich,Dat,Sing,Fem,Pos,ADJ,glücklichen | glücklicher
glücklich,Acc,Plur,Neut,Pos,ADJ,glückliche | glücklichen
golden,Acc,Sing,Neut,Pos,ADJ,goldene | goldenes
golden,Dat,Sing,Fem,Pos,ADJ,goldenen | goldener
grafisch,Dat,Sing,Fem,Pos,ADJ,grafischen | grafischer
grau,Dat,Sing,Masc,Pos,ADJ,grauem | grauen
gravieren,Acc,Sing,Fem,Pos,ADJ,gravierende | gravierte
grenzüberschreitend,Dat,Sing,Fem,Pos,ADJ,grenzüberschreitenden | grenzüberschreitender
grenzüberschreitend,Acc,Sing,Neut,Pos,ADJ,grenzüberschreitende | grenzüberschreitendes
grenzüberschreitend,Dat,Sing,Neut,Pos,ADJ,grenzüberschreitendem | grenzüberschreitenden
gross,Dat,Sing,Fem,Pos,ADJ,grossen | grosser
groß,Dat,Sing,Masc,Pos,ADJ,großem | großen
groß,Acc,Sing,Fem,Pos,ADJ,"7,7-mbyte-große | grosse | große"
groß,Dat,Sing,Fem,Sup,ADJ,größten | größter
groß,Dat,Sing,Neut,Pos,ADJ,große | großem | großen
groß,Acc,Sing,Masc,Pos,ADJ,grossen | großen
groß,Acc,Plur,Neut,Pos,ADJ,große | großen
groß,Acc,Plur,Fem,Cmp,ADJ,grössere | größere | größeren
groß,Dat,Sing,Fem,Pos,ADJ,großen | großer
groß,Acc,Plur,Masc,Cmp,ADJ,größere | größeren
groß,Dat,Sing,Neut,Cmp,ADJ,größerem | größeren
groß,Dat,Sing,Masc,Cmp,ADJ,größerem | größeren
groß,Dat,Sing,Masc,,PROPN,Grossen | Großen | großen
groß,Dat,Sing,Masc,Sup,ADJ,größtem | größten
groß,Acc,Plur,Fem,Pos,ADJ,große | großen
groß,Acc,Sing,Neut,Pos,ADJ,große | großes
groß,Acc,Plur,Masc,Pos,ADJ,große | großen
groß,Dat,Sing,Fem,Cmp,ADJ,größeren | größerer
groß,Dat,Plur,Fem,Pos,ADJ,grossen | große | großen
groß,Dat,Sing,Neut,Sup,ADJ,größtem | größten
groß,Acc,Sing,Neut,Cmp,ADJ,größere | größeres
groß,Dat,Sing,,Pos,ADJ,großem | großen
groß,Dat,Plur,Neut,Cmp,ADJ,größere | größeren
groß,Acc,Plur,Masc,Sup,ADJ,größte | größten
großzügig,Dat,Sing,Masc,Pos,ADJ,großzügigem | großzügigen
grundlegend,Acc,Plur,Fem,Pos,ADJ,grundlegende | grundlegenden
grundlegend,Dat,Sing,Fem,Pos,ADJ,grundlegenden | grundlegender
grundsätzlich,Dat,Sing,Fem,Pos,ADJ,grundsätzlichen | grundsätzlicher
grundsätzlich,Acc,Plur,Neut,Pos,ADJ,grundsätzliche | grundsätzlichen
größtmöglich,Dat,Sing,Fem,Pos,ADJ,grösstmöglichen | größtmöglicher
grün,Dat,Sing,Masc,Pos,ADJ,grünem | grünen
grün,Acc,Sing,Neut,Pos,ADJ,grüne | grünes
gründen,Dat,Sing,Fem,Pos,ADJ,gegründete | gegründeten
gründen,Acc,Sing,Masc,Pos,ADJ,gegründeten | gründenden
gründen,Acc,Sing,Neut,Pos,ADJ,gegründete | gegründetes | gründende
gründen,Acc,Sing,Fem,Pos,ADJ,gegründete | gründende
gut,Dat,Sing,Fem,Sup,ADJ,besten | bester
gut,Acc,Plur,Masc,Pos,ADJ,gute | guten
gut,Dat,Plur,Fem,Pos,ADJ,gute | guten
gut,Dat,Sing,Neut,Sup,ADJ,bestem | besten
gut,Acc,Sing,Neut,Cmp,ADJ,bessere | besseres
gut,Acc,Plur,Fem,Pos,ADJ,gute | guten
gut,Acc,Sing,Neut,Sup,ADJ,beste | bestes
gut,Dat,Sing,Masc,Pos,ADJ,gutem | guten
gut,Dat,Sing,Neut,Cmp,ADJ,besserem | besseren
gut,Dat,Sing,Fem,Pos,ADJ,guten | guter
gut,Acc,Sing,Neut,Pos,ADJ,gute | gutes
gut,Acc,Sing,Neut,,NOUN,Beste | besseres | gutes
gut,Dat,Plur,Masc,Pos,ADJ,gute | guten
gut,Dat,Sing,Masc,Sup,ADJ,bestem | besten
gut,Acc,Plur,Fem,Sup,ADJ,beste | besten
gut,Dat,Sing,Fem,Cmp,ADJ,bessere | besseren | besserer
gut,Acc,Plur,Neut,Pos,ADJ,gute | guten
gut,Dat,Sing,Neut,Pos,ADJ,gutem | guten
gut,Acc,Plur,Fem,Cmp,ADJ,bessere | besseren
gut,Dat,Sing,,Pos,ADJ,gutem | guten
gut,Acc,,,,NOUN,Beste | Gute | Gutes
gängig,Acc,Plur,Fem,Pos,ADJ,gängige | gängigen
gängig,Acc,Plur,Neut,Pos,ADJ,gängige | gängigen
gängig,Dat,Sing,Fem,Pos,ADJ,gängigen | gängiger
gültig,Acc,Sing,Neut,Pos,ADJ,gültige | gültiges
gültig,Acc,Plur,Fem,Pos,ADJ,gültige | gültigen
gültig,Dat,Sing,Fem,Pos,ADJ,gültigen | gültiger
günstig,Acc,Plur,Masc,Pos,ADJ,günstige | günstigen
günstig,Dat,Sing,Masc,Pos,ADJ,günstigem | günstigen
günstig,Acc,Plur,Masc,Cmp,ADJ,günstigere | günstigeren
günstig,Dat,Sing,Fem,Pos,ADJ,günstigen | günstiger
günstig,Acc,Plur,Neut,Pos,ADJ,günstige | günstigen
günstig,Acc,Sing,Neut,Cmp,ADJ,günstigere | günstigeres
halb,Acc,Sing,Neut,Pos,ADJ,halbe | halbes
halb,Dat,Sing,Fem,Pos,ADJ,halben | halber
halb,Dat,Sing,Masc,Pos,ADJ,halbem | halben
halb,Dat,Sing,Neut,Pos,ADJ,halbem | halben
halten,Acc,Sing,Masc,Pos,ADJ,gehaltenen | haltenden
halten,Dat,Sing,Fem,Pos,ADJ,gehaltenen | haltenden
handeln,Dat,Sing,Fem,Pos,ADJ,gehandelten | handelnden
handeln,Acc,Sing,Fem,Pos,ADJ,gehandelte | handelnde
handelsüblich,Dat,Sing,Fem,Pos,ADJ,handelsüblichen | handelsüblicher
handschriftlich,Dat,Sing,Fem,Pos,ADJ,handschriftlichen | handschriftlicher
handverlesen,Dat,Sing,Masc,Pos,ADJ,handverlesenem | handverlesenen
harmonisch,Acc,Sing,Neut,Pos,ADJ,harmonische | harmonisches
harsch,Dat,Sing,Fem,Pos,ADJ,harschen | harscher
hart,Acc,Plur,Fem,Pos,ADJ,harte | harten
hart,Dat,Sing,Fem,Pos,ADJ,harten | harter
hart,Dat,Sing,Masc,Pos,ADJ,hartem | harten
hart,Acc,Sing,Fem,Cmp,ADJ,härtere | härterer
hart,Dat,Sing,Neut,Pos,ADJ,hartem | harten
hauseigen,Dat,Sing,,Pos,ADJ,hauseigenem | hauseigenen
hauseigen,Dat,Sing,Masc,Pos,ADJ,hauseigenem | hauseigenen
heftig,Dat,Plur,Masc,Pos,ADJ,heftige | heftigen
heftig,Dat,Sing,Fem,Pos,ADJ,heftigen | heftiger
heftig,Dat,Sing,Masc,Pos,ADJ,heftigem | heftigen
heikel,Acc,Plur,Neut,Pos,ADJ,heikle | heiklen
heilig,Dat,Sing,Masc,,PROPN,Heiligen | heiligen
heilig,Dat,Sing,Fem,,PROPN,Heiligen | heiligen
heimisch,Dat,Sing,Neut,Pos,ADJ,heimischem | heimischen
heimisch,Dat,Sing,Fem,Pos,ADJ,heimischen | heimischer
heiß,Acc,Plur,Neut,Pos,ADJ,heiße | heißen
heiß,Acc,Plur,Masc,Pos,ADJ,heiße | heißen
heiß,Dat,Sing,Fem,Pos,ADJ,heißen | heißer
heiß,Acc,Sing,Neut,Pos,ADJ,heiße | heißes
herb,Acc,Plur,Masc,Pos,ADJ,herbe | herben
herkömmlich,Dat,Sing,Masc,Pos,ADJ,herkömmlichem | herkömmlichen
herkömmlich,Acc,Sing,Fem,Pos,ADJ,herkömmliche | herkömmlichen
herkömmlich,Dat,Sing,Fem,Pos,ADJ,herkömmlichen | herkömmlicher
herkömmlich,Acc,Plur,Fem,Pos,ADJ,herkömmliche | herkömmlichen
herkömmlich,Acc,Plur,Neut,Pos,ADJ,herkömmliche | herkömmlichen
herkömmlich,Acc,Sing,Neut,Pos,ADJ,herkömmliche | herkömmliches
herstellen,Acc,Plur,Neut,Pos,ADJ,hergestellte | hergestellten
hervorragen,Dat,Sing,Fem,Pos,ADJ,hervorragenden | hervorragender
hervorragen,Acc,Sing,Neut,Pos,ADJ,hervorragende | hervorragendes
heutig,Dat,Sing,Masc,Pos,ADJ,heutigem | heutigen
heutig,Dat,Sing,Fem,Pos,ADJ,heutigen | heutiger
heutig,Acc,Sing,Neut,Pos,ADJ,heutige | heutiges
heutig,Acc,Plur,Fem,Pos,ADJ,heutige | heutigen
heutig,Acc,Plur,Masc,Pos,ADJ,heutige | heutigen
heutig,Acc,Plur,Neut,Pos,ADJ,heutige | heutigen
historisch,Dat,Sing,Neut,Pos,ADJ,historischem | historischen
historisch,Dat,Sing,Fem,Pos,ADJ,historisch | historischen
historisch,Acc,Sing,Neut,Pos,ADJ,historische | historisches
hoch,Dat,Sing,Neut,Pos,ADJ,hohem | hohen
hoch,Acc,Plur,Fem,Pos,ADJ,hohe | hohen
hoch,Dat,Sing,Fem,Pos,ADJ,hohen | hoher
hoch,Dat,Sing,Masc,Pos,ADJ,hohem | hohen
hoch,Dat,Sing,Neut,Cmp,ADJ,höherem | höheren
hoch,Acc,Plur,Masc,Pos,ADJ,hohe | hohen
hoch,Acc,Plur,Neut,Pos,ADJ,hohe | hohen
hoch,Acc,Sing,Neut,Cmp,ADJ,höhere | höheres
hoch,Dat,Sing,Fem,Sup,ADJ,höchsten | höchster
hoch,Acc,Plur,Fem,Cmp,ADJ,höhere | höheren
hoch,Acc,Sing,Neut,Pos,ADJ,hohe | hohes
hoch,Dat,Sing,Fem,Cmp,ADJ,höheren | höherer
hoch,Dat,Sing,Masc,Cmp,ADJ,höherem | höheren
hoch,Acc,Plur,Masc,Cmp,ADJ,höhere | höheren
hochwertig,Acc,Plur,Masc,Pos,ADJ,hochwertige | hochwertigen
hochwertig,Dat,Sing,Fem,Pos,ADJ,hochwertigen | hochwertiger
holländisch,Dat,Plur,Masc,Pos,ADJ,holländische | holländischen
holländisch,Dat,Sing,Neut,Pos,ADJ,holländischem | holländischen
horrend,Acc,Plur,Fem,Pos,ADJ,horrende | horrenden
hosten,Acc,Plur,Fem,Pos,ADJ,gehostete | gehosteten
humanitär,Dat,Sing,Fem,Pos,ADJ,humanitären | humanitärer
hundertprozentig,Dat,Sing,Fem,Pos,ADJ,hundertprozentigen | hundertprozentiger
häufig,Acc,Plur,Fem,Pos,ADJ,häufige | häufigen
höchste,Dat,Sing,Fem,Pos,ADJ,höchsten | höchster
hüten,Acc,Sing,Neut,Pos,ADJ,gehütete | gehütetes
ich,Dat,Sing,,,PRON,mir | mit
ideal,Dat,Sing,Fem,Pos,ADJ,idealen | idealer
ihr,Dat,Sing,Masc,,DET,ihrem | ihren
ihr,Acc,Sing,Fem,,DET,ihre | ihrer
ihr,Dat,Plur,,,DET,ihre | ihren | ihrer
ihr,Dat,Sing,Fem,,DET,ihr | ihre | ihrer
ihr,Dat,Plur,,,PRON,euch | ihr
ihr,Acc,Plur,,,DET,ihre | ihren
ihr,Dat,,,,DET,ihr | ihren | ihrer
illegal,Dat,Sing,Masc,Pos,ADJ,illegalem | illegalen
illegal,Acc,Sing,Neut,Pos,ADJ,illegale | illegales
illegal,Dat,Sing,Neut,Pos,ADJ,illegalem | illegalen
illegal,Acc,Plur,Neut,Pos,ADJ,illegale | illegalen
illegal,Dat,Sing,Fem,Pos,ADJ,illegalen | illegaler
illegal,Acc,Plur,Masc,Pos,ADJ,illegale | illegalen
importieren,Acc,Plur,Masc,Pos,ADJ,importierte | importierten
importieren,Dat,Sing,Fem,Pos,ADJ,importierten | importierter
indirekt,Dat,Sing,Masc,Pos,ADJ,indirektem | indirekten
indisch,Dat,Sing,Neut,,PROPN,Indischen | indischen
indisch,Dat,Sing,Fem,Pos,ADJ,indischen | indischer
indisch,Dat,Sing,Neut,Pos,ADJ,indischem | indischen
individuell,Acc,Plur,Fem,Pos,ADJ,individuelle | individuellen
individuell,Dat,Sing,Fem,Pos,ADJ,individuellen | individueller
individuell,Acc,Sing,Neut,Pos,ADJ,individuelle | individuelles
individuell,Acc,Plur,Neut,Pos,ADJ,individuelle | individuellen
individuell,Dat,Plur,Neut,Pos,ADJ,individuellen | individueller
industriell,Dat,Sing,Fem,Pos,ADJ,industriellen | industrieller
inländisch,Dat,Sing,Neut,Pos,ADJ,inländischem | inländischen
inner,Acc,Plur,Masc,Pos,ADJ,innere | inneren
innere,Acc,Plur,Fem,Pos,ADJ,innere | inneren
innovativ,Acc,Sing,Fem,Pos,ADJ,innovative | innovativer
innovativ,Acc,Plur,Neut,Pos,ADJ,innovative | innovativen
innovativ,Acc,Plur,Fem,Pos,ADJ,innovative | innovativen
inoffiziell,Dat,Sing,Fem,Pos,ADJ,inoffiziellen | inoffizieller
installieren,Dat,Sing,,Pos,ADJ,installiertem | installierten
installieren,Dat,Sing,Neut,Pos,ADJ,installiertem | installierten
installieren,Dat,Sing,Masc,Pos,ADJ,installiertem | installierten
installieren,Acc,Plur,Neut,Pos,ADJ,installierte | installierten
installieren,Dat,Plur,Neut,Pos,ADJ,installierenden | installierten
installieren,Acc,Plur,Fem,Pos,ADJ,installierende | installierte | installierten
installieren,Acc,Plur,Masc,Pos,ADJ,installierte | installierten
institutionell,Dat,Sing,Fem,Pos,ADJ,institutionellen | institutioneller
integrieren,Dat,Sing,Masc,Pos,ADJ,integriertem | integrierten
integrieren,Dat,Sing,Fem,Pos,ADJ,integrierten | integrierter
integrieren,Acc,Plur,Fem,Pos,ADJ,integrierte | integrierten
integrieren,Acc,Sing,Neut,Pos,ADJ,integrierte | integriertes
integrieren,Dat,Sing,Neut,Pos,ADJ,integriertem | integrierten
integrieren,Dat,Sing,,Pos,ADJ,integriertem | integrierten
integrieren,Acc,Plur,Masc,Pos,ADJ,integrierte | integrierten
intellektuell,Dat,Sing,Neut,Pos,ADJ,intellektuellem | intellektuellen
intelligent,Dat,Sing,Neut,Pos,ADJ,intelligentem | intelligenten
intelligent,Acc,Sing,Neut,Pos,ADJ,intelligente | intelligentes
intelligent,Dat,Plur,Neut,Pos,ADJ,intelligente | intelligenten
intelligent,Dat,Sing,Fem,Pos,ADJ,intelligenten | intelligenter
intensiv,Dat,Sing,Fem,Pos,ADJ,intensiven | intensiver
intensiv,Dat,Sing,Neut,Pos,ADJ,intensivem | intensiven
interaktiv,Acc,Sing,Neut,Pos,ADJ,interaktive | interaktives
interaktiv,Dat,Sing,Neut,Pos,ADJ,interaktivem | interaktiven | interaktives
interaktiv,Dat,Sing,Masc,Pos,ADJ,interaktivem | interaktiven
interaktiv,Dat,Plur,Masc,Pos,ADJ,interaktive | interaktiven
interaktiv,Dat,Plur,Fem,Pos,ADJ,interaktive | interaktiven
interdisziplinär,Dat,Sing,Fem,Pos,ADJ,interdisziplinären | interdisziplinärer
interessant,Acc,Sing,Neut,Pos,ADJ,interessante | interessantes
interessant,Acc,Plur,Neut,Pos,ADJ,interessante | interessanten
interessieren,Dat,Sing,Fem,Pos,ADJ,interessierten | it-interessierten
intern,Acc,Sing,Neut,Pos,ADJ,interne | internes
intern,Dat,Sing,Fem,Pos,ADJ,amazon-internen | internen | interner
intern,Acc,Sing,Masc,Pos,ADJ,icann-internen | internen | microsoft-internen
intern,Acc,Plur,Fem,Pos,ADJ,interne | internen
intern,Acc,Sing,Fem,Pos,ADJ,interne | sap-interne
intern,Acc,Plur,Masc,Pos,ADJ,interne | internen
intern,Dat,Plur,Neut,Pos,ADJ,internen | microsoft-internen
intern,Dat,Sing,Neut,Pos,ADJ,internem | internen
intern,Dat,Sing,Masc,Pos,ADJ,internem | internen
intern,Acc,Plur,Neut,Pos,ADJ,interne | internen
international,Dat,Sing,Masc,Pos,ADJ,internationalem | internationalen
international,Acc,Plur,Fem,Pos,ADJ,internationale | internationalen
international,Dat,Plur,Fem,Pos,ADJ,internationale | internationalen
international,Acc,Sing,Neut,Pos,ADJ,internationale | internationales
international,Dat,Sing,Fem,Pos,ADJ,internationalen | internationaler
international,Dat,Sing,Neut,Pos,ADJ,internationalem | internationalen
international,Dat,Sing,,Pos,ADJ,internationalem | internationalen
international,Acc,Plur,Neut,Pos,ADJ,internationale | internationalen
international,Acc,Plur,Masc,Pos,ADJ,internationale | internationalen
irrsinnig,Dat,Sing,Fem,Pos,ADJ,irrsinnigen | irrsinniger
islamisch,Dat,Sing,Fem,Pos,ADJ,islamischen | islamischer
israelisch,Dat,Sing,Masc,Pos,ADJ,israelischem | israelischen
israelisch,Dat,Sing,Fem,Pos,ADJ,israelischen | pro-israelischen
israelisch,Dat,Plur,Masc,Pos,ADJ,israelischen | pro-israelischen
israelisch,Dat,Sing,Neut,Pos,ADJ,israelischen | mittel-israelischen
israelisch,Acc,Plur,Masc,Pos,ADJ,israelische | pro-israelische
italienisch,Dat,Sing,Neut,Pos,ADJ,italienischem | italienischen
italienisch,Acc,Sing,Masc,Pos,ADJ,italienisch | italienischen
italienisch,Dat,Plur,Masc,Pos,ADJ,italienische | italienischen
jahrelang,Dat,Sing,Fem,Pos,ADJ,jahrelangen | jahrelanger
japanisch,Dat,Sing,Fem,Pos,ADJ,japanischen | japanischer
japanisch,Dat,Sing,Neut,Pos,ADJ,japanische | japanischem | japanischen
japanisch,Dat,Plur,Masc,Pos,ADJ,japanische | japanischen
japanisch,Acc,Plur,Masc,Pos,ADJ,japanische | japanischen
japanisch,Dat,Sing,Masc,Pos,ADJ,japanischem | japanischen
japanisch,Dat,Sing,,Pos,ADJ,japanischem | japanischen
jeder,Acc,Sing,Masc,,DET,jede | jeden
jeder,Dat,Sing,Masc,,DET,jedem | jeden | jeder
jeder,Dat,Sing,Neut,,DET,jedem | jeden
jeder,Acc,Sing,,,DET,jeden | jedes
jemand,Acc,Sing,,,PRON,jemand | jemanden
jemand,Dat,Sing,,,PRON,jemand | jemandem | jemanden
jener,Dat,Sing,Masc,,DET,jenem | jenen
jener,Acc,,,,DET,jenen | jener
jener,Dat,,,,DET,jenem | jener
jetzig,Dat,Sing,Masc,Pos,ADJ,jetzigem | jetzigen
jeweilig,Acc,Plur,Fem,Pos,ADJ,jeweilige | jeweiligen
jeweilig,Dat,Sing,Neut,Pos,ADJ,jeweiligem | jeweiligen
jeweilig,Acc,Sing,Neut,Pos,ADJ,jeweilige | jeweiliges
journalistisch,Dat,Sing,Fem,Pos,ADJ,journalistischen | journalistischer
jung,Dat,Plur,Masc,Pos,ADJ,junge | jungen
jung,Acc,Plur,Masc,Pos,ADJ,junge | jungen
jung,Acc,Sing,Neut,Pos,ADJ,junge | junges
jung,Dat,Sing,Neut,Pos,ADJ,jungem | jungen
jung,Acc,Plur,Neut,Cmp,ADJ,jüngere | jüngeren
jung,Dat,Sing,Fem,Sup,ADJ,jüngsten | jüngster
jung,Acc,Plur,Fem,Sup,ADJ,jüngste | jüngsten
jung,Acc,Plur,Neut,Sup,ADJ,jüngste | jüngsten
jung,Acc,Plur,Fem,Pos,ADJ,junge | jungen
jung,Dat,Sing,Fem,Cmp,ADJ,jüngeren | jüngerer
juristisch,Acc,Plur,Neut,Pos,ADJ,juristische | juristischen
juristisch,Acc,Plur,Masc,Pos,ADJ,juristische | juristischen
juristisch,Dat,Sing,Masc,Pos,ADJ,juristischem | juristischen
juristisch,Dat,Sing,Fem,Pos,ADJ,juristischen | juristischer
juristisch,Acc,Sing,Neut,Pos,ADJ,juristische | juristisches
juristisch,Dat,Sing,Neut,Pos,ADJ,juristischem | juristischen
jährig,Acc,Sing,Fem,Pos,ADJ,20-jährige | 36-jährige | 50-jährige | jährige
jährig,Dat,Sing,Fem,Pos,ADJ,16-jährigen | 19-jährigen | 32-jährigen | 40-jährigen | 44-jährigen | 70-jährigen
jährig,Dat,Sing,Neut,Pos,ADJ,46-jährigen | 50-jährigen
jährig,Acc,Sing,Masc,Pos,ADJ,16-jährigen | 17-jährigen | 20-jährigen | 25-jährigen | 27-jährigen | 33-jährigen | 39-jährigen | 50-jährigen | 61-jährigen
jährig,Dat,Sing,Masc,Pos,ADJ,18-jährigen | 20-jährigen
jährlich,Acc,Sing,Neut,Pos,ADJ,jährliche | jährliches
jährlich,Dat,Sing,Masc,Pos,ADJ,jährlichem | jährlichen
kalifornisch,Dat,Sing,Neut,Pos,ADJ,kalifornischem | kalifornischen
kalifornisch,Acc,Sing,Neut,Pos,ADJ,kalifornische | kalifornisches
kalt,Dat,Sing,Fem,Pos,ADJ,kalten | kalter
kalt,Dat,Sing,Masc,Pos,ADJ,kaltem | kalten
kanadisch,Dat,Sing,Neut,Pos,ADJ,kanadischem | kanadischen
kanadisch,Acc,Sing,Neut,Pos,ADJ,kanadische | kanadisches
kartellrechtlich,Acc,Plur,Fem,Pos,ADJ,kartellrechtliche | kartellrechtlichen
kartellrechtlich,Acc,Sing,Neut,Pos,ADJ,kartellrechtliche | kartellrechtliches
katastrophal,Dat,Sing,Fem,Pos,ADJ,katastrophalen | katastrophaler
katholisch,Dat,Sing,Fem,,PROPN,Katholische | Katholischen
katholisch,Dat,Sing,Masc,Pos,ADJ,katholischem | katholischen
kaufen,Dat,Sing,Fem,Pos,ADJ,gekauften | gekaufter
kaufmännisch,Dat,Sing,Fem,Pos,ADJ,kaufmännischen | kaufmännischer
kein,Dat,Sing,Masc,,DET,keinem | keinen
kein,Acc,Sing,Neut,,DET,kein | keines | keins
kein,Dat,Sing,Neut,,DET,kein | keine | keinem
kein,Acc,Sing,,,DET,keine | keinen
kein,Acc,,,,DET,keiner | keines | keins
kennen,Dat,Sing,Fem,Pos,ADJ,gekannten | gekannter
klar,Dat,Sing,Fem,Pos,ADJ,klaren | klarer
klar,Dat,Sing,Neut,Pos,ADJ,klarem | klaren
klar,Acc,Sing,Neut,Pos,ADJ,klare | klares
klar,Dat,Sing,Masc,Pos,ADJ,klarem | klaren
klassisch,Dat,Sing,Fem,Pos,ADJ,klassischen | klassischer
klassisch,Acc,Sing,Neut,Pos,ADJ,klassische | klassisches
klassisch,Acc,Plur,Neut,Pos,ADJ,klassische | klassischen
klassisch,Dat,Sing,Neut,Pos,ADJ,klassischem | klassischen
klassisch,Dat,Sing,Masc,Pos,ADJ,klassischem | klassischen
klassisch,Acc,Plur,Fem,Pos,ADJ,klassische | klassischen
klein,Acc,Plur,Fem,Pos,ADJ,kleine | kleinen
klein,Dat,Sing,Neut,Pos,ADJ,kleine | kleinem | kleinen
klein,Acc,Plur,Masc,Cmp,ADJ,kleinere | kleineren
klein,Acc,Plur,Neut,Pos,ADJ,kleine | kleinen
klein,Acc,Plur,Masc,Pos,ADJ,kleine | kleinen
klein,Dat,Sing,Fem,Pos,ADJ,kleinen | kleiner
klein,Dat,Sing,Masc,Pos,ADJ,kleinem | kleinen | kleiner
klein,Dat,Sing,Neut,Cmp,ADJ,kleinerem | kleineren
klein,Acc,Sing,Masc,Cmp,ADJ,kleinere | kleineren
klein,Acc,Sing,Fem,Sup,ADJ,kleinste | kleinsten
klein,Acc,Sing,Neut,Pos,ADJ,kleine | kleines
klein,Acc,Plur,Fem,Cmp,ADJ,kleinere | kleineren
klein,Dat,Plur,,Pos,ADJ,kleine | kleinen
klein,Dat,Sing,Fem,Sup,ADJ,kleinsten | kleinster
klein,Dat,Sing,Fem,Cmp,ADJ,kleineren | kleinerer
klein,Acc,Plur,Neut,Cmp,ADJ,kleinere | kleineren
klein,Acc,Sing,Neut,Cmp,ADJ,kleinere | kleineres
klein,Dat,Sing,Masc,Cmp,ADJ,kleinerem | kleineren
knapp,Dat,Sing,Neut,Pos,ADJ,knappem | knappen
knapp,Dat,Sing,Fem,Pos,ADJ,knappen | knapper
kollektiv,Dat,Sing,Fem,Pos,ADJ,kollektiven | kollektiver
komfortabel,Acc,Plur,Fem,Pos,ADJ,komfortable | komfortablen
komfortabel,Dat,Sing,Fem,Pos,ADJ,komfortablen | komfortabler
kommen,Dat,Sing,Masc,Pos,ADJ,gekommenem | gekommenen | kommendem | kommenden
kommen,Dat,Sing,Neut,Pos,ADJ,kommendem | kommenden
kommen,Dat,Sing,Fem,Pos,ADJ,gekommenen | kommenden | kommender
kommen,Acc,Sing,Neut,Pos,ADJ,gekommene | gekommenes | kommende | kommendes
kommen,Dat,Plur,Fem,Pos,ADJ,gekommenen | kommenden
kommen,Acc,Sing,Masc,Pos,ADJ,gekommenen | kommenden
kommen,Acc,Plur,Masc,Pos,ADJ,kommende | kommenden
kommen,Acc,Sing,Fem,Pos,ADJ,gekommene | kommende
kommen,Acc,Plur,Neut,Pos,ADJ,kommende | kommenden
kommen,Acc,Plur,Fem,Pos,ADJ,kommende | kommenden
kommerziell,Acc,Sing,Fem,Pos,ADJ,kommerzielle | nicht-kommerzielle
kommerziell,Dat,Plur,Masc,Pos,ADJ,kommerziellen | nicht-kommerziellen
kommerziell,Acc,Plur,Masc,Pos,ADJ,kommerzielle | nicht-kommerzielle | nicht-kommerziellen
kommerziell,Acc,Sing,Neut,Pos,ADJ,kommerzielle | kommerzielles
kommerziell,Dat,Sing,Masc,Pos,ADJ,kommerziellen | nicht-kommerziellen
kommerziell,Dat,Sing,Fem,Pos,ADJ,kommerziellen | kommerzieller
kommerziell,Acc,Sing,Masc,Pos,ADJ,kommerziellen | nicht-kommerziellen
kommerziell,Acc,Plur,Fem,Pos,ADJ,kommerzielle | kommerziellen | nicht-kommerzielle
kommerziell,Acc,Plur,Neut,Pos,ADJ,kommerzielle | kommerziellen
kommunal,Dat,Sing,Fem,Pos,ADJ,kommunalen | kommunaler
kommunistisch,Dat,Sing,Fem,Pos,ADJ,kommunistischen | kommunistischer
kompakt,Acc,Sing,Neut,Pos,ADJ,kompakte | kompaktes
kompakt,Dat,Sing,Masc,Pos,ADJ,kompaktem | kompakten
kompakt,Dat,Sing,Neut,Pos,ADJ,kompaktem | kompakten
kompetent,Dat,Sing,Fem,Pos,ADJ,kompetenten | kompetenter
komplett,Acc,Sing,Neut,Pos,ADJ,komplette | komplettes
komplett,Dat,Sing,Masc,Pos,ADJ,komplettem | kompletten
komplett,Acc,Plur,Masc,Pos,ADJ,komplette | kompletten
komplex,Acc,Plur,Neut,Pos,ADJ,komplexe | komplexen
komplizieren,Dat,Sing,Fem,Pos,ADJ,komplizierten | komplizierter
komprimieren,Acc,Plur,Neut,Pos,ADJ,komprimierte | komprimierten
komprimieren,Dat,Sing,Neut,Pos,ADJ,komprimierenden | komprimierten
komprimieren,Acc,Plur,Fem,Pos,ADJ,komprimierte | s3tc-komprimierte
konkret,Acc,Plur,Fem,Pos,ADJ,konkrete | konkreten
konkret,Acc,Plur,Neut,Pos,ADJ,konkrete | konkreten
konkret,Acc,Plur,Masc,Pos,ADJ,konkrete | konkreten
konkret,Dat,Sing,Fem,Pos,ADJ,konkreten | konkreter
konkurrieren,Acc,Plur,Neut,Pos,ADJ,konkurrierende | konkurrierenden
konservativ,Dat,Sing,Fem,Pos,ADJ,konservativen | konservativer
konstant,Dat,Sing,Fem,Pos,ADJ,konstanten | konstanter
kontinuierlich,Dat,Sing,Fem,Pos,ADJ,kontinuierlichen | kontinuierlicher
kontinuierlich,Dat,Sing,Neut,Pos,ADJ,kontinuierlichem | kontinuierlichen
konventionell,Dat,Sing,Fem,Pos,ADJ,konventionellen | konventioneller
konventionell,Acc,Plur,Fem,Pos,ADJ,konventionelle | konventionellen
konventionell,Acc,Plur,Masc,Pos,ADJ,konventionelle | konventionellen
koordinieren,Acc,Sing,Fem,Pos,ADJ,koordinierende | koordinierte
kopiergeschützt,Acc,Sing,Neut,Pos,ADJ,kopiergeschützte | kopiergeschütztes
korrekt,Acc,Sing,Neut,Pos,ADJ,korrekte | korrektes
korrekt,Acc,Plur,Fem,Pos,ADJ,korrekte | korrekten
kostenlos,Dat,Sing,Fem,Pos,ADJ,kostenlosen | kostenloser
kostenlos,Dat,Sing,Neut,Pos,ADJ,kostenlosem | kostenlosen
kostenlos,Acc,Plur,Neut,Pos,ADJ,kostenlose | kostenlosen
kostenlos,Acc,Plur,Fem,Pos,ADJ,kostenlose | kostenlosen
kostenlos,Dat,Sing,Masc,Pos,ADJ,kostenlosem | kostenlosen
kostenlos,Acc,Plur,Masc,Pos,ADJ,kostenlose | kostenlosen
kostenlos,Acc,Sing,Neut,Pos,ADJ,kostenlose | kostenloses
krass,Dat,Sing,Masc,Pos,ADJ,krassem | krassen
kreativ,Dat,Sing,Fem,Pos,ADJ,kreativen | kreativer
kreativ,Dat,Sing,Neut,Pos,ADJ,kreativem | kreativen
kreativ,Acc,Plur,Masc,Pos,ADJ,kreative | kreativen
kriminell,Acc,Plur,Fem,Pos,ADJ,kriminelle | kriminellen
kriminell,Dat,Sing,Fem,Pos,ADJ,kriminellen | krimineller
kriminell,Acc,Sing,Neut,Pos,ADJ,kriminelle | kriminelles
kritisch,Dat,Sing,Fem,Pos,ADJ,kritischen | kritischer
kritisch,Dat,Sing,Masc,Pos,ADJ,intel-kritischen | kritischem | kritischen
kritisch,Acc,Sing,Neut,Pos,ADJ,gez-kritisches | kritische | kritisches
kritisch,Acc,Plur,Masc,Pos,ADJ,kritische | kritischen
kritisch,Dat,Plur,Fem,Pos,ADJ,kreml-kritischen | kritischen
kritisch,Acc,Plur,Fem,Pos,ADJ,kritische | kritischen
kräftig,Dat,Sing,Masc,Pos,ADJ,kräftigem | kräftigen
kräftig,Dat,Sing,Neut,Pos,ADJ,kräftigem | kräftigen
kräftig,Dat,Sing,Fem,Pos,ADJ,kräftigen | kräftiger
kulturell,Acc,Plur,Neut,Pos,ADJ,kulturelle | kulturellen
kulturell,Acc,Sing,Neut,Pos,ADJ,kulturelle | kulturelles
kulturell,Acc,Plur,Masc,Pos,ADJ,kulturelle | kulturellen
kurz,Dat,Sing,Neut,Pos,ADJ,kurzem | kurzen
kurz,Dat,Sing,Fem,Pos,ADJ,kurze | kurzem | kurzen | kurzer
kurz,Dat,Sing,Masc,Pos,ADJ,kurzem | kurzen
kurz,Acc,Plur,Fem,Pos,ADJ,kurze | kurzen
kurz,Dat,Sing,Fem,Cmp,ADJ,kürzeren | kürzerer
körperlich,Acc,Plur,Fem,Pos,ADJ,körperliche | körperlichen
künftig,Acc,Plur,Fem,Pos,ADJ,künftige | künftigen
künftig,Acc,Plur,Masc,Pos,ADJ,künftige | künftigen
künstlerisch,Dat,Sing,Fem,Pos,ADJ,künstlerischen | künstlerischer
künstlich,Dat,Sing,Fem,Pos,ADJ,künstlichen | künstlicher
künstlich,Acc,Plur,Masc,Pos,ADJ,künstliche | künstlichen
künstlich,Acc,Sing,Neut,Pos,ADJ,künstliche | künstliches
laden,Dat,Sing,Fem,Pos,ADJ,geladenen | ladenden
laden,Acc,Plur,Masc,Pos,ADJ,geladene | geladenen
lagern,Acc,Sing,Neut,Pos,ADJ,gelagerte | gelagertes
landesweit,Acc,Sing,Neut,Pos,ADJ,landesweite | landesweites
lang,Dat,Sing,Fem,Cmp,ADJ,längerem | längeren | längerer
lang,Dat,Sing,Neut,Pos,ADJ,langem | langen
lang,Acc,Plur,Fem,Pos,ADJ,lange | langen
lang,Dat,Sing,Masc,Cmp,ADJ,längerem | längeren
lang,Dat,Sing,Masc,Pos,ADJ,langem | langen
lang,Dat,Sing,Fem,Pos,ADJ,langen | langer
lang,Dat,Plur,Fem,Pos,ADJ,langen | langer
lang,Acc,Plur,Masc,Pos,ADJ,lange | langen
lang,Acc,Plur,Fem,Cmp,ADJ,längere | längeren
lang,Acc,Sing,Neut,Pos,ADJ,lange | langes
lang,Dat,Sing,Neut,Cmp,ADJ,längerem | längeren
langfristig,Acc,Sing,Neut,Pos,ADJ,langfristige | langfristiges
langfristig,Dat,Sing,Fem,Pos,ADJ,langfristigen | langfristiger
langfristig,Acc,Plur,Masc,Pos,ADJ,langfristige | langfristigen
langjährig,Acc,Plur,Fem,Pos,ADJ,langjährige | langjährigen
langjährig,Dat,Sing,Fem,Pos,ADJ,langjährigen | langjähriger
langjährig,Acc,Sing,Neut,Pos,ADJ,langjährige | langjähriges
langsam,Acc,Plur,Masc,Pos,ADJ,langsame | langsamen
langsam,Dat,Sing,Fem,Pos,ADJ,langsamen | langsamer
langsam,Dat,Sing,Masc,Cmp,ADJ,langsamerem | langsameren
langwierig,Acc,Sing,Neut,Pos,ADJ,langwierige | langwieriges
laufen,Dat,Sing,Neut,Pos,ADJ,laufendem | laufenden
laufen,Acc,Sing,Neut,Pos,ADJ,laufende | laufendes
laufen,Acc,Plur,Fem,Pos,ADJ,laufende | laufenden
laufen,Dat,Sing,Fem,Pos,ADJ,laufenden | laufender
laufen,Acc,Plur,Masc,Pos,ADJ,laufende | laufenden
laufen,Acc,Plur,Neut,Pos,ADJ,laufende | laufenden
laufen,Dat,Sing,,Pos,ADJ,laufendem | laufenden
lebenslang,Dat,Sing,Neut,Pos,ADJ,lebenslangem | lebenslangen
lecker,Acc,Sing,Neut,Pos,ADJ,leckere | leckeres
leer,Dat,Sing,Neut,Pos,ADJ,leerem | leeren
legal,Acc,Plur,Masc,Pos,ADJ,legale | legalen
legal,Dat,Sing,Masc,Pos,ADJ,legalem | legalen
legal,Acc,Sing,Neut,Pos,ADJ,legale | legales
leicht,Dat,Sing,Fem,Pos,ADJ,leichten | leichter
leicht,Dat,Sing,Masc,Pos,ADJ,leichtem | leichten
leistungsfähig,Acc,Plur,Fem,Pos,ADJ,leistungsfähige | leistungsfähigen
leistungsfähig,Dat,Sing,Fem,Pos,ADJ,leistungsfähigen | leistungsfähiger
leiten,Acc,Sing,Fem,Pos,ADJ,geleitete | leitende
letzt,Dat,Sing,Fem,Pos,ADJ,letzten | letzter
letzt,Acc,Sing,Neut,Pos,ADJ,letzte | letztes
letzt,Dat,Plur,Neut,Pos,ADJ,letzen | letzten
letzt,Dat,Sing,Fem,,NOUN,Letzt | letzt
letzte,Dat,Sing,Fem,Pos,ADJ,letzten | letzter
letzte,Dat,Sing,Neut,Pos,ADJ,letztem | letzten
letzte,Acc,Sing,Neut,Pos,ADJ,letzte | letztes
letzte,Dat,Sing,Masc,Sup,ADJ,letztem | letzten
letzte,Dat,Sing,Fem,Sup,ADJ,letzte | letzten | letzter
letzte,Dat,Sing,Neut,Sup,ADJ,letzte | letztem | letzten
letzte,Acc,Plur,Fem,Sup,ADJ,letzte | letzten
letzte,Acc,Sing,Neut,Sup,ADJ,letzte | letztes
liberal,Dat,Sing,Fem,Pos,ADJ,christlich-liberalen | liberalen | liberaler
licht,Dat,Sing,Fem,Pos,ADJ,lichten | lichter
lieferbar,Acc,Plur,Neut,Pos,ADJ,lieferbare | lieferbaren
liegen,Acc,Sing,Fem,Pos,ADJ,gelegene | liegende
liegen,Acc,Plur,Fem,Pos,ADJ,liegende | liegenden
liegen,Acc,Plur,Masc,Pos,ADJ,gelegene | liegende | liegenden
liegen,Acc,Sing,Masc,Pos,ADJ,gelegenen | liegenden
liegen,Dat,Sing,Neut,Pos,ADJ,gelegenen | liegenden
liegend,Dat,Sing,Fem,Pos,ADJ,liegende | liegenden
liegend,Acc,Plur,Neut,Pos,ADJ,liegende | liegenden
link,Dat,Sing,Fem,Pos,ADJ,linken | linker
logisch,Dat,Plur,Fem,Pos,ADJ,logische | logischen
logisch,Dat,Plur,Masc,Pos,ADJ,digital-logischen | logischen
lokal,Dat,Plur,Fem,Pos,ADJ,lokalen | lokaler
lokal,Dat,Sing,Neut,Pos,ADJ,lokalem | lokalen
lokal,Acc,Sing,Masc,Pos,ADJ,lokalen | virtuell-lokalen
lokal,Dat,Sing,Fem,Pos,ADJ,lokale | lokalen | lokaler
lokal,Acc,Plur,Masc,Pos,ADJ,lokale | lokalen
lokal,Acc,Plur,Neut,Pos,ADJ,lokale | lokalen
lokal,Dat,Plur,Masc,Pos,ADJ,lokale | lokalen
lokal,Acc,Plur,Fem,Pos,ADJ,lokale | lokalen
lokal,Acc,Sing,Neut,Pos,ADJ,lokale | lokales
lokalisieren,Acc,Plur,Fem,Pos,ADJ,lokalisierte | lokalisierten
lose,Dat,Sing,Fem,Pos,ADJ,ifa-losen | losen
lukrativ,Acc,Sing,Neut,Pos,ADJ,lukrative | lukratives
lukrativ,Acc,Plur,Neut,Pos,ADJ,lukrative | lukrativen
lukrativ,Acc,Plur,Masc,Cmp,ADJ,lukrativere | lukrativeren
lustig,Acc,Plur,Fem,Pos,ADJ,lustige | lustigen
luxemburgisch,Dat,Sing,Fem,Pos,ADJ,luxemburgischen | luxemburgischer
lächelnd,Dat,Sing,Fem,Pos,ADJ,lächelnden | lächelnder
lästig,Acc,Sing,Neut,Pos,ADJ,lästige | lästiges
machen,Dat,Sing,Fem,Pos,ADJ,gemachten | machenden
mager,Dat,Sing,Fem,Pos,ADJ,mageren | magerer
mager,Acc,Sing,Neut,Pos,ADJ,magere | mageres
magnetisch,Acc,Plur,Neut,Pos,ADJ,magnetische | magnetischen
magnetisch,Dat,Sing,Fem,Pos,ADJ,magnetischen | magnetischer
mancher,Dat,Plur,,,DET,manche | manchen
mancher,Dat,,,,DET,manchem | manches
mangeln,Dat,Sing,Fem,Pos,ADJ,mangelnden | mangelnder
mangeln,Acc,Sing,Neut,Pos,ADJ,mangelnde | mangelndes
mangeln,Acc,Plur,Fem,Pos,ADJ,mangelnde | mangelnden
manuell,Dat,Sing,Fem,Pos,ADJ,manuellen | manueller
marktreif,Acc,Plur,Neut,Pos,ADJ,marktreife | marktreifen
massiv,Dat,Plur,Fem,Pos,ADJ,massive | massiven
massiv,Acc,Plur,Fem,Pos,ADJ,massive | massiven
massiv,Dat,Sing,Masc,Pos,ADJ,massivem | massiven
massiv,Dat,Sing,Neut,Pos,ADJ,massivem | massiven | massives
massiv,Dat,Sing,Fem,Pos,ADJ,massiven | massiver
massiv,Acc,Plur,Masc,Pos,ADJ,massive | massiven
mathematisch,Dat,Sing,Fem,Pos,ADJ,mathematischen | mathematischer
maximal,Dat,Sing,Fem,Pos,ADJ,maximalen | maximaler
mechanisch,Acc,Plur,Masc,Pos,ADJ,mechanische | mechanischen
medizinisch,Acc,Plur,Neut,Pos,ADJ,medizinische | medizinischen
medizinisch,Dat,Sing,Fem,Pos,ADJ,medizinischen | medizinischer
mehr,Dat,Plur,Fem,Cmp,DET,mehreren | mehrerer
mehr,Acc,Plur,Masc,Cmp,DET,mehr | mehrere
mehr,Acc,Plur,Fem,Cmp,DET,mehr | mehrere
mehrjährig,Dat,Sing,Fem,Pos,ADJ,mehrjährige | mehrjährigen | mehrjähriger
mein,Dat,Sing,Neut,,DET,mein | meinem
mein,Dat,Sing,Fem,,DET,meine | meiner
mein,Dat,Plur,,,DET,meine | meinen
menschlich,Acc,Plur,Fem,Pos,ADJ,menschliche | menschlichen
menschlich,Dat,Sing,Neut,Pos,ADJ,menschlichem | menschlichen
menschlich,Acc,Sing,Neut,Pos,ADJ,menschliche | menschliches
menschlich,Acc,Plur,Neut,Pos,ADJ,menschliche | menschlichen
menschlich,Dat,Sing,Fem,Pos,ADJ,menschlichen | menschlicher
messen,Dat,Sing,Fem,Pos,ADJ,gemessenen | gemessener
militärisch,Acc,Sing,Fem,Pos,ADJ,militärische | militärischen
militärisch,Dat,Sing,Neut,Pos,ADJ,militärischen | nicht-militärischen
militärisch,Dat,Sing,Fem,Pos,ADJ,militärischen | militärischer
militärisch,Acc,Plur,Fem,Pos,ADJ,militärische | militärischen
militärisch,Acc,Plur,Neut,Pos,ADJ,militärische | militärischen | nicht-militärische
milliardenschwer,Acc,Sing,Neut,Pos,ADJ,milliardenschwere | milliardenschweres
ministeriell,Dat,Sing,Fem,Pos,ADJ,ministeriellen | ministerieller
mischen,Dat,Sing,Neut,Pos,ADJ,gemischtem | gemischten
mischen,Dat,Sing,Fem,Pos,ADJ,gemischten | gemischter
mitliefern,Acc,Sing,Neut,Pos,ADJ,mitgelieferte | mitgeliefertes
mitliefern,Dat,Sing,Neut,Pos,ADJ,mitgeliefertem | mitgelieferten
mitliefern,Dat,Sing,Masc,Pos,ADJ,mitgeliefertem | mitgelieferten
mittelständisch,Acc,Plur,Neut,Pos,ADJ,mittelständische | mittelständischen
mittlere,Dat,Sing,Fem,Pos,ADJ,mittleren | mittlerer
mittlere,Dat,Sing,Masc,Pos,ADJ,mittlerem | mittleren
mobil,Dat,Sing,Fem,,PROPN,Mobile | Mobiler
mobil,Dat,Sing,Neut,Pos,ADJ,mobil | mobilem | mobilen
mobil,Dat,Sing,Fem,Pos,ADJ,mobile | mobilen | mobiler
mobil,Acc,Sing,Neut,Pos,ADJ,mobile | mobiles
mobil,Acc,Plur,Masc,Pos,ADJ,mobile | mobilen
mobil,Acc,Plur,Neut,Pos,ADJ,mobile | mobilen
modern,Dat,Sing,Fem,Pos,ADJ,moderne | modernen | moderner
modern,Acc,Plur,Neut,Pos,ADJ,moderne | modernen
modern,Acc,Plur,Fem,Pos,ADJ,moderne | modernen
modern,Dat,Sing,Neut,Pos,ADJ,modernem | modernen
momentan,Dat,Sing,Fem,Pos,ADJ,momentanen | momentaner
momentan,Acc,Plur,Neut,Pos,ADJ,momentane | momentanen
monatlich,Dat,Sing,Fem,Pos,ADJ,monatlichen | monatlicher
monatlich,Dat,Sing,Masc,Pos,ADJ,monatlichem | monatlichen
monatlich,Acc,Plur,Neut,Pos,ADJ,monatliche | monatlichen
monatlich,Acc,Sing,Neut,Pos,ADJ,monatliche | monatliches
moralisch,Dat,Sing,Fem,Pos,ADJ,moralischen | moralischer
musikalisch,Acc,Plur,Fem,Pos,ADJ,musikalische | musikalischen
musikalisch,Dat,Sing,Fem,Pos,ADJ,musikalischen | musikalischer
mutmaßlich,Acc,Plur,Masc,Pos,ADJ,mutmaßliche | mutmaßlichen
mächtig,Dat,Sing,Fem,Pos,ADJ,mächtigen | mächtiger
männlich,Acc,Plur,Fem,Pos,ADJ,männliche | männlichen
mäßig,Dat,Sing,Masc,Pos,ADJ,mäßigem | mäßigen
möglich,Acc,Plur,Fem,Pos,ADJ,mögliche | möglichen
möglich,Dat,Sing,Fem,Pos,ADJ,möglichen | möglicher
möglich,Acc,Sing,Neut,Pos,ADJ,mögliche | mögliches
möglich,Acc,Plur,Neut,Pos,ADJ,mögliche | möglichen
möglich,Acc,Plur,Masc,Pos,ADJ,mögliche | möglichen
mörderisch,Dat,Sing,Masc,Pos,ADJ,mörderischem | mörderischen
mündlich,Dat,Sing,Fem,Pos,ADJ,mündlichen | mündlicher
nachlassen,Dat,Sing,Fem,Pos,ADJ,nachlassenden | nachlassender
nachteilig,Acc,Plur,Fem,Pos,ADJ,nachteilige | nachteiligen
nah,Acc,Sing,Fem,Pos,ADJ,fdp-nahe | nahe
nah,Dat,Sing,Masc,Pos,ADJ,cdu-nahen | nahen | nächsten
nah,Dat,Plur,Masc,Pos,ADJ,at&t-nahen | fpö-nahen | nahen
nah,Dat,Sing,Fem,Pos,ADJ,nahen | naher | scientology-nahen
nah,Acc,Sing,Neut,Sup,ADJ,nächste | nächstes
nah,Dat,Sing,Fem,Cmp,ADJ,näheren | näherer
nah,Dat,Sing,Neut,Cmp,ADJ,näherem | näheren
nah,Acc,Sing,Neut,Pos,ADJ,nahe | nächste
nah,Dat,Sing,,Pos,ADJ,microsoft-nahen | nahen
naheliegen,Dat,Sing,Masc,Pos,ADJ,nahegelegenen | naheliegenden
naheliegen,Acc,Sing,Fem,Pos,ADJ,nahegelegene | naheliegende
national,Acc,Plur,Neut,Pos,ADJ,nationale | nationalen
national,Dat,Sing,Fem,,PROPN,National | Nationalen
national,Acc,Plur,Fem,Pos,ADJ,nationale | nationalen
national,Dat,Sing,Neut,Pos,ADJ,nationalem | nationalen
national,Dat,Sing,Fem,Pos,ADJ,nationalen | nationaler
national,Acc,Sing,Neut,Pos,ADJ,nationale | nationales
national,Dat,Sing,Masc,Pos,ADJ,nationalem | nationalen
national,Acc,Plur,Masc,Pos,ADJ,nationale | nationalen
natürlich,Dat,Sing,Fem,Pos,ADJ,natürlichen | natürlicher
natürlich,Dat,Sing,Masc,Pos,ADJ,natürlichem | natürlichen
natürlich,Acc,Sing,Neut,Pos,ADJ,natürliche | natürliches
negativ,Acc,Plur,Fem,Pos,ADJ,negative | negativen
negativ,Acc,Sing,Neut,Pos,ADJ,negative | negatives
negativ,Acc,Plur,Masc,Pos,ADJ,negative | negativen
nennen,Acc,Sing,Neut,Pos,ADJ,genannte | genanntes
nennen,Dat,Sing,Fem,Pos,ADJ,genannte | genannten | genannter
nennen,Acc,Plur,Masc,Pos,ADJ,genannte | genannten
nennen,Dat,Sing,,Pos,ADJ,genanntem | genannten
nennen,Acc,Plur,Neut,Pos,ADJ,genannte | genannten
nennen,Acc,Plur,Fem,Pos,ADJ,genannte | genannten
nennenswert,Acc,Plur,Neut,Pos,ADJ,nennenswerte | nennenswerten
nennenswert,Acc,Plur,Fem,Pos,ADJ,nennenswerte | nennenswerten
nennenswert,Dat,Sing,Masc,Pos,ADJ,nennenswertem | nennenswerten
nett,Dat,Sing,Fem,Pos,ADJ,netten | netter
nett,Acc,Sing,Neut,Pos,ADJ,nette | nettes
neu,Acc,Plur,Fem,Sup,ADJ,neueste | neuesten | neusten
neu,Dat,Plur,Neut,Pos,ADJ,neue | neuen
neu,Dat,Sing,Neut,Pos,ADJ,neuem | neuen
neu,Dat,Plur,Neut,Sup,ADJ,neuesten | neusten
neu,Dat,Sing,Masc,Pos,ADJ,neuem | neuen
neu,Acc,Plur,Masc,Pos,ADJ,neue | neuen
neu,Acc,Sing,Neut,Pos,ADJ,neue | neues
neu,Dat,Sing,Fem,Pos,ADJ,neue | neuen | neuer
neu,Dat,Sing,Fem,,PROPN,Neue | Neuen | Neuer
neu,Acc,Plur,Fem,Pos,ADJ,neue | neuen
neu,Acc,Plur,Neut,Pos,ADJ,neue | neuen
neu,Acc,Sing,Neut,,PROPN,Neue | neues
neu,Dat,Plur,Fem,Pos,ADJ,neue | neuen
neu,Dat,Sing,Fem,Cmp,ADJ,neueren | neuerer
neu,Acc,Plur,Neut,Sup,ADJ,neueste | neuesten | neusten
neu,Dat,Sing,Neut,Sup,ADJ,neuestem | neuesten | neusten
neu,Dat,Sing,,Sup,ADJ,neuestem | neuesten
neu,Acc,Plur,,Pos,ADJ,neue | neuen
neu,Dat,Sing,,Pos,ADJ,neuem | neuen
neu,Dat,Sing,Fem,Sup,ADJ,neuesten | neuester | neusten
neu,Acc,Sing,Neut,Sup,ADJ,neueste | neuestes
neu,Dat,Sing,Masc,Sup,ADJ,neuestem | neuesten | neusten
neu,Acc,Plur,Fem,Cmp,ADJ,neuere | neueren
neuartig,Dat,Sing,Fem,Pos,ADJ,neuartigen | neuartiger
neutral,Dat,Sing,Fem,Pos,ADJ,neutralen | neutraler
neutral,Acc,Sing,Masc,Pos,ADJ,technologie-neutralen | verkäufer-neutralen
niederländisch,Dat,Sing,Neut,Pos,ADJ,niederländischem | niederländischen
niederländisch,Dat,Sing,Masc,Pos,ADJ,niederländischen | niederländischer
niederländisch,Dat,Sing,Fem,Pos,ADJ,deutsch-niederländischen | niederländische | niederländischen | niederländischer
niederländisch,Acc,Plur,Fem,Pos,ADJ,niederländische | niederländischen
niedrig,Dat,Sing,Neut,Pos,ADJ,niedrigem | niedrigen
niedrig,Dat,Sing,Masc,Pos,ADJ,niedrigem | niedrigen
niedrig,Acc,Plur,Fem,Pos,ADJ,niedrige | niedrigen
niedrig,Dat,Sing,Fem,Pos,ADJ,niedrigen | niedriger
niedrig,Acc,Sing,Neut,Sup,ADJ,niedrigste | niedrigstes
niedrig,Dat,Sing,Neut,Sup,ADJ,niedrigstem | niedrigsten
niedrig,Dat,Sing,Neut,Cmp,ADJ,niedrigerem | niedrigeren
niedrig,Acc,Plur,Masc,Cmp,ADJ,niedrigere | niedrigeren
niedrig,Acc,Sing,Neut,Pos,ADJ,niedrige | niedriges
niedrig,Acc,Plur,Masc,Pos,ADJ,niedrige | niedrigen
niedrig,Acc,Plur,Neut,Cmp,ADJ,niedrigere | niedrigeren
niedrig,Dat,Sing,Fem,Cmp,ADJ,niedrigeren | niedrigerer
niedrig,Dat,Plur,Masc,Cmp,ADJ,niedrigeren | niedrigerer
niedrig,Dat,Sing,Masc,Cmp,ADJ,niedrigerem | niedrigeren
niemand,Acc,Sing,,,PRON,niemand | niemanden
niemand,Dat,Sing,,,PRON,niemand | niemandem
nordwestlich,Dat,Sing,Fem,Pos,ADJ,nordwestlichen | nordwestlicher
normal,Dat,Sing,Neut,Pos,ADJ,normalem | normalen
normal,Acc,Sing,Neut,Pos,ADJ,normale | normales
normal,Acc,Plur,Fem,Pos,ADJ,normale | normalen
normal,Dat,Sing,Fem,Pos,ADJ,normalen | normaler
normal,Acc,Plur,Neut,Pos,ADJ,normale | normalen
normal,Dat,Sing,Masc,Pos,ADJ,normalem | normalen
normal,Acc,Plur,Masc,Pos,ADJ,normale | normalen
notwendig,Acc,Plur,Fem,Pos,ADJ,notwendige | notwendigen
notwendig,Acc,Sing,Neut,Pos,ADJ,notwendige | notwendiges
notwendig,Dat,Sing,Neut,Pos,ADJ,notwendigem | notwendigen
notwendig,Acc,Plur,Masc,Pos,ADJ,notwendige | notwendigen
notwendig,Acc,Plur,Neut,Pos,ADJ,notwendige | notwendigen
nuklear,Acc,Plur,Masc,Pos,ADJ,nukleare | nuklearen
null,Dat,Sing,Fem,Sup,ADJ,bestmöglichen | höchsten | höchster | letzten | obersten | oberster | vordersten | vorderster | vorletzten | äußersten | äußerster | übernächsten
null,Dat,Sing,Neut,Sup,ADJ,höchstem | höchsten | letzten | obersten | untersten | übernächsten
null,Dat,Plur,Neut,Sup,ADJ,höchsten | meistverkauften | minimalen
null,Acc,Sing,Fem,Sup,ADJ,allerhöchste | bestmögliche | höchste | höchstmögliche | letzte | minimale | unterste | vorderste | weitestgehende | übernächste
null,Acc,Sing,Neut,Sup,ADJ,höchste | meistbietende | oberste
null,Acc,Sing,Masc,Sup,ADJ,allerneuesten | höchsten | minimalen | obersten
null,Dat,Sing,Masc,Sup,ADJ,höchsten | meistbietenden | minimalem | obersten | vorletzten | äußersten
null,Acc,Plur,Masc,Sup,ADJ,höchsten | minimalen | obersten
null,Dat,Plur,Masc,Sup,ADJ,höchsten | minimalen | obersten | übernächsten
null,Acc,Plur,Fem,Sup,ADJ,höchsten | minimale | obersten
null,Dat,Plur,Fem,Sup,ADJ,meistgesuchten | minimalen
nutzen,Acc,Sing,Neut,Pos,ADJ,genutzte | genutztes
nutzen,Acc,Sing,Masc,Pos,ADJ,genutzten | nutzenden
nutzen,Acc,Plur,Masc,Pos,ADJ,genutzte | genutzten
nächste,Dat,Sing,Neut,Pos,ADJ,nächstem | nächsten
nächste,Dat,Sing,Fem,Pos,ADJ,nächsten | nächster
nächste,Dat,Sing,Masc,Sup,ADJ,nächstem | nächsten
nächste,Acc,Sing,Neut,Pos,ADJ,nächste | nächstes
nächste,Dat,Sing,Fem,Sup,ADJ,nächsten | nächster
nächste,Dat,Sing,Neut,Sup,ADJ,nächstem | nächsten
nächste,Acc,Sing,Neut,Sup,ADJ,nächste | nächstes
nächste,Acc,Sing,Masc,Sup,ADJ,nächste | nächsten
nächste,Dat,Sing,,Sup,ADJ,nächstem | nächsten
nächtlich,Dat,Sing,Fem,Pos,ADJ,nächtlichen | nächtlicher
nördlich,Dat,Sing,Fem,Pos,ADJ,nördlichen | nördlicher
nötig,Acc,Plur,Masc,Pos,ADJ,nötige | nötigen
obig,Dat,Sing,Fem,Pos,ADJ,obigen | obiger
offen,Acc,Plur,Masc,Pos,ADJ,offene | offenen
offen,Dat,Sing,Neut,Pos,ADJ,offenem | offenen
offen,Dat,Sing,Fem,Pos,ADJ,offene | offenen | offener
offen,Acc,Plur,Fem,Cmp,ADJ,offenere | offeneren
offen,Dat,Sing,Masc,Pos,ADJ,offenem | offenen
offen,Acc,Plur,Fem,Pos,ADJ,offene | offenen
offen,Acc,Sing,Neut,Pos,ADJ,offene | offenes
offiziell,Dat,Sing,Fem,Pos,ADJ,offizielle | offiziellen | offizieller
offiziell,Dat,Plur,Fem,Pos,ADJ,nicht-offiziellen | offiziellen
offiziell,Acc,Plur,Masc,Pos,ADJ,offizielle | offiziellen
offiziell,Acc,Sing,Neut,Pos,ADJ,offizielle | offizielles
offiziell,Dat,Sing,Masc,Pos,ADJ,offiziellem | offiziellen
offiziell,Acc,Plur,Fem,Pos,ADJ,offizielle | offiziellen
offiziell,Dat,Plur,,Pos,ADJ,netscape-offiziellen | offiziellen
ominös,Dat,Sing,Neut,Pos,ADJ,ominösem | ominösen
operativ,Acc,Plur,Neut,Pos,ADJ,operative | operativen
operativ,Acc,Sing,Neut,Pos,ADJ,operative | operatives
optimal,Dat,Sing,Fem,Pos,ADJ,optimalen | optimaler
optimieren,Acc,Sing,Fem,Pos,ADJ,optimierte | web-optimierte
optisch,Acc,Plur,Fem,Pos,ADJ,optische | optischen
optisch,Dat,Plur,Neut,Pos,ADJ,magneto-optischen | optischen
optisch,Acc,Sing,Fem,Pos,ADJ,magneto-optische | optische
optisch,Acc,Plur,Neut,Pos,ADJ,optische | optischen
optisch,Dat,Sing,Neut,Pos,ADJ,optischem | optischen
optisch,Dat,Sing,Masc,Pos,ADJ,optischem | optischen
optisch,Acc,Plur,Masc,Pos,ADJ,fiber-optische | magneto-optische | optische
optisch,Dat,Sing,Fem,Pos,ADJ,optischen | optischer
optisch,Dat,Plur,Fem,Pos,ADJ,optische | optischen
organisatorisch,Acc,Plur,Neut,Pos,ADJ,organisatorische | organisatorischen
organisatorisch,Acc,Plur,Fem,Pos,ADJ,organisatorische | organisatorischen
organisch,Acc,Sing,Neut,Pos,ADJ,organische | organisches
organisch,Dat,Plur,Neut,Pos,ADJ,organische | organischen
organisieren,Dat,Sing,Neut,Pos,ADJ,organisierenden | organisierten
organisieren,Dat,Sing,Fem,Pos,ADJ,organisierten | organisierter
organisieren,Acc,Sing,Neut,Pos,ADJ,organisierte | organisiertes
orientieren,Dat,Sing,Fem,Pos,ADJ,internet-orientierten | orientierten | volumen-orientierter
papierlos,Acc,Sing,Neut,Pos,ADJ,papierlose | papierloses
parlamentarisch,Dat,Sing,Fem,Pos,ADJ,parlamentarische | parlamentarischen
passen,Dat,Sing,Fem,Pos,ADJ,passenden | passender
passen,Dat,Sing,Neut,Pos,ADJ,passendem | passenden
passen,Acc,Sing,Neut,Pos,ADJ,passende | passendes
passen,Acc,Plur,Masc,Pos,ADJ,passende | passenden
passen,Acc,Plur,Neut,Pos,ADJ,passende | passenden
passend,Acc,Sing,Neut,Pos,ADJ,passende | passendes
passiv,Dat,Sing,Fem,Pos,ADJ,passiven | passiver
passiv,Dat,Sing,Masc,Pos,ADJ,passivem | passiven
patentieren,Acc,Sing,Neut,Pos,ADJ,patentierte | patentiertes
pauschal,Dat,Sing,Masc,Pos,ADJ,pauschalem | pauschalen
pazifisch,Dat,Sing,Masc,Pos,ADJ,asiatisch-pazifischen | pazifischen
perfekt,Dat,Sing,Fem,Pos,ADJ,perfekten | perfekter
permanent,Dat,Sing,Fem,Pos,ADJ,permanenten | permanenter
personalisieren,Acc,Plur,Fem,Pos,ADJ,personalisierte | personalisierten
personell,Acc,Plur,Fem,Pos,ADJ,personelle | personellen
persönlich,Dat,Sing,Masc,Pos,ADJ,persönlichem | persönlichen
persönlich,Dat,Sing,Fem,Pos,ADJ,persönliche | persönlichen | persönlicher
persönlich,Acc,Sing,Neut,Pos,ADJ,persönliche | persönliches
persönlich,Acc,Plur,Fem,Pos,ADJ,persönliche | persönlichen
persönlich,Acc,Plur,Neut,Pos,ADJ,persönliche | persönlichen
persönlich,Dat,Sing,Neut,Pos,ADJ,persönlichem | persönlichen
persönlich,Acc,Plur,Masc,Pos,ADJ,persönliche | persönlichen
philippinisch,Dat,Sing,Neut,Pos,ADJ,philippinischem | philippinischen
philosophisch,Acc,Plur,Masc,Pos,ADJ,philosophische | philosophischen
physikalisch,Dat,Sing,Fem,Pos,ADJ,physikalischen | physikalischer
physikalisch,Acc,Plur,Fem,Pos,ADJ,physikalische | physikalischen
physisch,Dat,Plur,Neut,Pos,ADJ,nicht-physischen | physischen
physisch,Acc,Plur,Fem,Pos,ADJ,physische | physischen
planen,Dat,Sing,Fem,Pos,ADJ,geplanten | geplanter
planen,Acc,Sing,Neut,Pos,ADJ,geplante | geplantes
planen,Acc,Sing,Fem,Pos,ADJ,geplante | geplanten
planen,Acc,Plur,Fem,Pos,ADJ,geplante | geplanten
planen,Acc,Plur,Neut,Pos,ADJ,geplante | geplanten
planen,Acc,Plur,Masc,Pos,ADJ,geplante | geplanten
plötzlich,Dat,Sing,Fem,Pos,ADJ,plötzlichen | plötzlicher
politisch,Dat,Sing,Masc,Pos,ADJ,politischem | politischen
politisch,Acc,Plur,Fem,Pos,ADJ,politische | politischen
politisch,Dat,Sing,Fem,Pos,ADJ,politischen | politischer
politisch,Dat,Sing,Neut,Pos,ADJ,politischem | politischen
politisch,Acc,Plur,Neut,Pos,ADJ,politische | politischen
politisch,Acc,Sing,Neut,Pos,ADJ,politische | politisches
politisch,Acc,Plur,Masc,Pos,ADJ,politische | politischen
polnisch,Dat,Sing,Neut,Pos,ADJ,polnisch | polnischen
polnisch,Dat,Sing,Masc,Pos,ADJ,polnischem | polnischen
populär,Dat,Sing,,Pos,ADJ,populärem | populären
portabel,Acc,Plur,Neut,Pos,ADJ,portable | portablen
portugiesisch,Dat,Sing,Fem,Pos,ADJ,portugiesischen | portugiesischer
positiv,Dat,Sing,Fem,Pos,ADJ,positiven | positiver
positiv,Acc,Plur,Fem,Pos,ADJ,positive | positiven
positiv,Acc,Sing,Neut,Pos,ADJ,positive | positives
positiv,Dat,Sing,Neut,Pos,ADJ,positivem | positiven
positiv,Acc,Plur,Neut,Pos,ADJ,positive | positiven
potentiell,Acc,Plur,Masc,Pos,ADJ,potentielle | potentiellen
potenziell,Acc,Plur,,Pos,ADJ,potenzielle | potenziellen
potenziell,Acc,Plur,Masc,Pos,ADJ,potenzielle | potenziellen
potenziell,Acc,Plur,Fem,Pos,ADJ,potenzielle | potenziellen
potenziell,Acc,Plur,Neut,Pos,ADJ,potenzielle | potenziellen
praktisch,Acc,Plur,Fem,Pos,ADJ,praktische | praktischen
praktisch,Dat,Sing,Fem,Pos,ADJ,praktischen | praktischer
praktisch,Acc,Plur,Masc,Pos,ADJ,praktische | praktischen
praktisch,Acc,Sing,Neut,Pos,ADJ,praktische | praktisches
praktizieren,Acc,Sing,Neut,Pos,ADJ,praktizierte | praktiziertes
preisgünstig,Dat,Sing,Fem,Pos,ADJ,preisgünstigen | preisgünstiger
preiswert,Acc,Plur,Masc,Pos,ADJ,preiswerte | preiswerten
preiswert,Acc,Plur,Masc,Cmp,ADJ,preiswertere | preiswerteren
preiswert,Dat,Sing,Fem,Pos,ADJ,preiswerten | preiswerter
preußisch,Dat,Sing,Masc,Pos,ADJ,preußischen | preußisches
preußisch,Dat,Sing,Fem,Pos,ADJ,preußischen | preußischer
privat,Acc,Plur,Neut,Pos,ADJ,private | privaten
privat,Acc,Sing,Fem,Pos,ADJ,private | privaten
privat,Acc,Sing,Neut,Pos,ADJ,private | privates
privat,Acc,Plur,Masc,Pos,ADJ,private | privaten
privat,Dat,Sing,Fem,Pos,ADJ,privatem | privaten | privater
privat,Acc,Plur,Fem,Pos,ADJ,private | privaten
privat,Dat,Sing,Masc,Pos,ADJ,privatem | privaten
privat,Dat,Sing,Neut,Pos,ADJ,privatem | privaten
privatisieren,Acc,Sing,Neut,Pos,ADJ,privatisierte | privatisiertes
privatwirtschaftlich,Dat,Sing,Masc,Pos,ADJ,privatwirtschaftlichem | privatwirtschaftlichen
produzieren,Acc,Sing,Masc,Pos,ADJ,produzierenden | produzierten
produzieren,Dat,Sing,Masc,Pos,ADJ,produziertem | produzierten
professionell,Acc,Sing,Neut,Pos,ADJ,professionelle | professionelles
professionell,Dat,Sing,Masc,Pos,ADJ,professionellen | semi-professionellen
professionell,Dat,Sing,Fem,Pos,ADJ,professionellen | professioneller
professionell,Acc,Plur,Fem,Pos,ADJ,professionelle | professionellen
professionell,Dat,Sing,Neut,Pos,ADJ,professionellem | professionellen
profitabel,Acc,Plur,Neut,Pos,ADJ,profitable | profitablen
profitabel,Acc,Sing,Neut,Pos,ADJ,profitable | profitables
programmieren,Acc,Sing,Masc,Pos,ADJ,programmierenden | programmierten
programmieren,Acc,Sing,Fem,Pos,ADJ,programmierende | programmierte
prominent,Dat,Sing,Fem,Pos,ADJ,prominenten | prominenter
proprietär,Dat,Plur,Neut,Pos,ADJ,nicht-proprietären | proprietären
proprietär,Dat,Sing,Masc,Pos,ADJ,proprietärem | proprietären
proprietär,Dat,Sing,Neut,Pos,ADJ,proprietärem | proprietären
proprietär,Dat,Sing,Fem,Pos,ADJ,proprietären | proprietärer
proprietär,Acc,Plur,Neut,Pos,ADJ,proprietäre | proprietären
prozentig,Acc,Sing,Fem,Pos,ADJ,100-prozentige | 11-prozentige | 20-prozentige | 300-prozentige | 50-prozentige | 75-prozentige
prozentig,Acc,Sing,Masc,Pos,ADJ,"17,8-prozentigen | 18-prozentigen | 2,5-prozentigen | 33-prozentigen | 49-prozentigen | 5-prozentigen | 50-prozentigen | 58-prozentigen | 67-prozentigen"
prozentig,Dat,Sing,Fem,Pos,ADJ,10-prozentigen | 100-prozentigen | 20-prozentigen | 40-prozentiger | 5-prozentigen | 50-prozentigen | 51-prozentigen | 54-prozentigen | 7-prozentigen
prozentig,Dat,Sing,Masc,Pos,ADJ,19-prozentigen | 20-prozentigen | 40-prozentigen
prägen,Dat,Plur,Neut,Pos,ADJ,geprägten | t-dsl-prägenden
psychologisch,Dat,Sing,Masc,Pos,ADJ,psychologischem | psychologischen
pädagogisch,Dat,Sing,Fem,Pos,ADJ,pädagogischen | pädagogischer
qualifizieren,Acc,Plur,Masc,Pos,ADJ,qualifizierte | qualifizierten
qualifizieren,Acc,Plur,Fem,Pos,ADJ,qualifizierte | qualifizierten
qualifizieren,Dat,Sing,Fem,Pos,ADJ,qualifizierten | qualifizierter
radikal,Acc,Sing,Neut,Pos,ADJ,radikale | radikales
rasant,Acc,Sing,Neut,Pos,ADJ,rasante | rasantes
rasant,Dat,Sing,Fem,Pos,ADJ,rasanten | rasanter
rasant,Dat,Sing,Neut,Pos,ADJ,rasantem | rasanten
rasant,Dat,Sing,Masc,Pos,ADJ,rasantem | rasanten
rasch,Acc,Plur,Fem,Pos,ADJ,rasche | raschen
rasch,Dat,Sing,Fem,Pos,ADJ,raschen | rascher
raten,Acc,Plur,Fem,Pos,ADJ,geratene | geratenen
rauh,Dat,Sing,Fem,Pos,ADJ,rauhen | rauher
real,Dat,Sing,Neut,Pos,ADJ,realem | realen
real,Dat,Plur,Masc,Pos,ADJ,reale | realen
real,Dat,Sing,Fem,Pos,ADJ,realen | realer
real,Dat,Sing,Masc,Pos,ADJ,realem | realen
realistisch,Dat,Sing,Fem,Pos,ADJ,realistischen | realistischer
recht,Dat,Sing,Fem,Pos,ADJ,rechten | rechter
rechtlich,Dat,Plur,Fem,Pos,ADJ,rechtlichen | öffentlich-rechtlichen
rechtlich,Dat,Sing,Fem,Pos,ADJ,rechtlichen | rechtlicher
rechtlich,Acc,Plur,Neut,Pos,ADJ,rechtlichen | öffentlich-rechtliche | öffentlich-rechtlichen
rechtlich,Acc,Sing,Fem,Pos,ADJ,rechtliche | öffentlich-rechtliche
rechtlich,Acc,Plur,Masc,Pos,ADJ,rechtliche | rechtlichen | öffentlich-rechtliche | öffentlich-rechtlichen
rechtlich,Dat,Sing,Masc,Pos,ADJ,rechtlichen | öffentlich-rechtlichen
rechtlich,Acc,Plur,Fem,Pos,ADJ,rechtliche | rechtlichen | öffentlich-rechtlichen
rechtlich,Acc,Sing,Masc,Pos,ADJ,rechtlichen | öffentlich-rechtlichen
rechtlich,Dat,Plur,Masc,Pos,ADJ,materiell-rechtlichen | rechtliche | rechtlichen | öffentlich-rechtlichen
rechtlich,Acc,Sing,Neut,Pos,ADJ,rechtliche | öffentlich-rechtliche
rechtskräftig,Acc,Sing,Neut,Pos,ADJ,rechtskräftige | rechtskräftiges
rechtskräftig,Dat,Sing,Neut,Pos,ADJ,rechtskräftigem | rechtskräftigen
rechtsradikal,Dat,Sing,Masc,Pos,ADJ,rechtsradikalem | rechtsradikalen
rechtsradikal,Dat,Sing,Neut,Pos,ADJ,rechtsradikalem | rechtsradikalen
rechtsradikal,Acc,Plur,Masc,Pos,ADJ,rechtsradikale | rechtsradikalen
rechtsstaatlich,Acc,Plur,Masc,Pos,ADJ,rechtsstaatliche | rechtsstaatlichen
rechtzeitig,Dat,Sing,Fem,Pos,ADJ,rechtzeitigen | rechtzeitiger
redaktionell,Dat,Sing,,Pos,ADJ,redaktionellem | redaktionellen
redaktionell,Acc,Plur,Masc,Pos,ADJ,redaktionelle | redaktionellen
reduzieren,Acc,Plur,Fem,Pos,ADJ,reduzierte | reduzierten
reduzieren,Dat,Sing,Fem,Pos,ADJ,reduzierten | reduzierter
regelmäßig,Acc,Plur,Masc,Pos,ADJ,regelmässige | regelmäßige
regelrecht,Dat,Sing,Fem,Pos,ADJ,regelrechten | regelrechter
regional,Acc,Plur,Fem,Pos,ADJ,regionale | regionalen
regional,Dat,Sing,Fem,Pos,ADJ,regionalen | regionaler
regional,Acc,Plur,Neut,Pos,ADJ,regionale | regionalen
regional,Dat,Sing,Neut,Pos,ADJ,regionalem | regionalen
regional,Acc,Sing,Neut,Pos,ADJ,regionale | regionales
regional,Acc,Plur,Masc,Pos,ADJ,regionale | regionalen
registrieren,Dat,Plur,Masc,Pos,ADJ,registrierenden | registrierten
registrieren,Acc,Plur,Masc,Pos,ADJ,registrierte | registrierten
registrieren,Dat,Sing,Masc,Pos,ADJ,registriertem | registrierten
regulär,Acc,Plur,Masc,Pos,ADJ,reguläre | regulären
regulär,Acc,Plur,Neut,Pos,ADJ,reguläre | regulären
regulär,Dat,Sing,Neut,Pos,ADJ,regulärem | regulären
reich,Dat,Sing,Fem,Pos,ADJ,reichen | reicher
rein,Dat,Sing,Fem,Pos,ADJ,reine | reinen | reiner
rein,Dat,Sing,Neut,Pos,ADJ,reinem | reinen
rein,Dat,Sing,Masc,Pos,ADJ,reinem | reinen
rein,Acc,Sing,Neut,Pos,ADJ,reine | reines
rein,Acc,Plur,Masc,Pos,ADJ,reine | reinen
relevant,Acc,Plur,Masc,Pos,ADJ,relevante | relevanten
relevant,Acc,Plur,Fem,Pos,ADJ,nerd-relevante | relevante | relevanten
relevant,Dat,Plur,Neut,Pos,ADJ,internet-relevanten | relevanten
relevant,Acc,Plur,Neut,Pos,ADJ,castor-relevante | internet-relevanten | relevante
renommiert,Acc,Sing,Neut,Pos,ADJ,renommierte | renommiertes
repräsentativ,Dat,Sing,Fem,Pos,ADJ,repräsentativen | repräsentativer
repräsentativ,Acc,Sing,Fem,Pos,ADJ,repräsentative | repräsentativen
republikanisch,Dat,Sing,Fem,Pos,ADJ,republikanischen | republikanischer
revolutionär,Acc,Sing,Neut,Pos,ADJ,revolutionäre | revolutionäres
richten,Acc,Sing,Neut,Pos,ADJ,gerichtete | gerichtetes
richterlich,Dat,Sing,Fem,Pos,ADJ,richterlichen | richterlicher
richterlich,Dat,Sing,Masc,Pos,ADJ,richterlichem | richterlichen
richtig,Dat,Sing,Fem,Pos,ADJ,richtigen | richtiger
richtig,Acc,Sing,Neut,Pos,ADJ,richtige | richtiges
richtig,Acc,Plur,Neut,Pos,ADJ,richtige | richtigen
richtig,Dat,Sing,Masc,Pos,ADJ,richtigem | richtigen
riesig,Acc,Sing,Neut,Pos,ADJ,riesige | riesiges
riesig,Dat,Sing,Masc,Pos,ADJ,riesigem | riesigen
riesig,Dat,Sing,Neut,Pos,ADJ,riesigem | riesigen
riesig,Acc,Plur,Fem,Pos,ADJ,riesige | riesigen
rosig,Dat,Sing,Neut,Pos,ADJ,rosigem | rosigen
rot,Acc,Plur,Fem,Pos,ADJ,rote | roten
rot,Acc,Sing,Masc,Pos,ADJ,rot | roten
rot,Dat,Sing,Masc,Pos,ADJ,rotem | roten
rot,Dat,Sing,Neut,Pos,ADJ,rotem | roten
rot,Acc,Sing,Neut,Pos,ADJ,rote | rotes
rot,Dat,Sing,Fem,,PROPN,Rote | Roten
rot,Dat,Sing,Fem,Pos,ADJ,roten | roter
rund,Acc,Sing,Neut,Pos,ADJ,runde | rundes
russisch,Acc,Plur,Fem,Pos,ADJ,russische | russischen
russisch,Dat,Plur,Masc,Pos,ADJ,russische | russischen
russisch,Acc,Sing,Neut,Pos,ADJ,russische | russisches
russisch,Dat,Sing,Fem,Pos,ADJ,russischen | russischer
russisch,Acc,Plur,Neut,Pos,ADJ,russische | russischen
räumlich,Acc,Sing,Neut,Pos,ADJ,räumliche | räumliches
römisch,Dat,Sing,Fem,Pos,ADJ,römischen | römischer
römisch,Acc,Sing,Masc,Pos,ADJ,römischen | römischer
römisch,Dat,Sing,Neut,Pos,ADJ,römisch | römischen
römisch,Acc,Plur,Fem,Pos,ADJ,römische | römischen
römisch,Acc,Sing,Neut,Pos,ADJ,römische | römisches
rückläufig,Acc,Plur,Masc,Pos,ADJ,rückläufige | rückläufigen
rückläufig,Dat,Sing,Fem,Pos,ADJ,rückläufigen | rückläufiger
rückläufig,Acc,Plur,Fem,Pos,ADJ,rückläufige | rückläufigen
rückläufig,Dat,Sing,Masc,Pos,ADJ,rückläufigem | rückläufigen
schaffen,Acc,Sing,Fem,Pos,ADJ,geschaffene | schaffende
schaffen,Acc,Plur,Masc,Pos,ADJ,geschaffenen | schaffenden
schalten,Acc,Plur,Fem,Pos,ADJ,geschaltete | geschalteten
scharf,Dat,Sing,Masc,Pos,ADJ,scharfem | scharfen
scharf,Dat,Sing,Fem,Pos,ADJ,scharfen | scharfer
scharf,Acc,Plur,Fem,Pos,ADJ,scharfe | scharfen
scharf,Dat,Sing,Masc,Sup,ADJ,schärfstem | schärfsten
scharf,Acc,Sing,Neut,Pos,ADJ,scharfe | scharfes
scheitern,Dat,Sing,Fem,Pos,ADJ,gescheiterten | scheiternden
scheitern,Acc,Sing,Masc,Pos,ADJ,gescheiterten | scheiternden
scheitern,Acc,Plur,Masc,Pos,ADJ,gescheiterte | gescheiterten
schick,Dat,Sing,Neut,Pos,ADJ,schickem | schicken
schlagen,Acc,Sing,Neut,Pos,ADJ,schlagende | schlagendes
schlecht,Acc,Sing,Neut,Pos,ADJ,schlechte | schlechtes
schlecht,Acc,Plur,Fem,Pos,ADJ,schlechte | schlechten
schlecht,Dat,Sing,Fem,Pos,ADJ,schlechte | schlechten | schlechter
schlecht,Dat,Sing,Masc,Pos,ADJ,schlechtem | schlechten
schlecht,Acc,Plur,Neut,Pos,ADJ,schlechte | schlechten
schlecht,Dat,Sing,Neut,Pos,ADJ,schlechtem | schlechten
schlecht,Acc,Plur,Masc,Pos,ADJ,schlechte | schlechten
schlecht,Acc,Sing,Neut,Cmp,ADJ,schlechtere | schlechteres
schließen,Dat,Sing,Masc,Pos,ADJ,geschlossenen | schließenden
schließen,Dat,Sing,Fem,Pos,ADJ,geschlossenen | schließenden
schließen,Acc,Sing,Fem,Pos,ADJ,geschlossene | schließende
schnell,Dat,Sing,Fem,Pos,ADJ,schnelle | schnellen | schneller
schnell,Acc,Plur,Fem,Pos,ADJ,schnelle | schnellen
schnell,Acc,Sing,Neut,Pos,ADJ,schnelle | schnelles
schnell,Dat,Sing,Fem,Cmp,ADJ,schnelleren | schnellerer
schnell,Dat,Plur,Masc,Pos,ADJ,400-kbit-schnellen | schnellen
schnell,Acc,Plur,Masc,Pos,ADJ,schnelle | schnellen
schnell,Acc,Plur,Masc,Cmp,ADJ,schnellere | schnelleren
schnell,Acc,Plur,Neut,Pos,ADJ,2-mbit/s-schnellen | megabit-schnelle | schnelle | schnellen
schnell,Dat,Sing,Masc,Pos,ADJ,schnellem | schnellen
schnell,Dat,Sing,Masc,Cmp,ADJ,schnellerem | schnelleren
schnell,Dat,Sing,Neut,Pos,ADJ,schnellem | schnellen
schnell,Dat,Sing,,Pos,ADJ,schnellem | schnellen
schnell,Dat,Sing,Fem,Sup,ADJ,schnellsten | schnellster
schnurlos,Acc,Sing,Neut,Pos,ADJ,schnurlose | schnurloses
schnöde,Acc,Sing,Neut,Pos,ADJ,schnöde | schnödes
schreiben,Dat,Sing,Fem,Pos,ADJ,geschriebenen | geschriebener
schriftlich,Dat,Sing,Fem,Pos,ADJ,schriftlichen | schriftlicher
schriftlich,Acc,Plur,Fem,Pos,ADJ,schriftliche | schriftlichen
schrumpfen,Dat,Sing,Fem,Pos,ADJ,geschrumpften | schrumpfenden
schrumpfen,Dat,Sing,Masc,Pos,ADJ,geschrumpften | schrumpfenden
schrumpfen,Dat,Plur,Fem,Pos,ADJ,geschrumpften | schrumpfenden
schräg,Dat,Sing,Fem,Pos,ADJ,schrägen | schräger
schulisch,Acc,Plur,Fem,Pos,ADJ,schulische | schulischen
schwach,Acc,Sing,Neut,Pos,ADJ,schwache | schwaches
schwach,Dat,Sing,Masc,Pos,ADJ,schwachem | schwachen
schwach,Dat,Sing,Fem,Cmp,ADJ,schwächeren | schwächerer
schwach,Acc,Plur,Fem,Pos,ADJ,schwache | schwachen
schwach,Acc,Plur,Masc,Pos,ADJ,schwache | schwachen
schwach,Dat,Sing,Fem,Pos,ADJ,schwachen | schwacher
schwarz,Dat,Sing,Neut,,PROPN,Schwarzem | Schwarzen
schwarz,Dat,Sing,Masc,Pos,ADJ,schwarzem | schwarzen
schwarz,Acc,Plur,Fem,Pos,ADJ,schwarze | schwarzen
schwarz,Acc,Plur,Masc,Pos,ADJ,schwarze | schwarzen
schwarz,Dat,Sing,Neut,Pos,ADJ,schwarzem | schwarzen
schwedisch,Dat,Sing,Fem,Pos,ADJ,norwegisch-schwedischen | schwedischen | schwedischer
schwedisch,Acc,Plur,Fem,Pos,ADJ,schwedische | schwedischen
schweizerisch,Acc,Sing,Fem,Pos,ADJ,deutsch-schweizerische | schweizerische
schwenkbar,Dat,Sing,Neut,Pos,ADJ,schwenkbarem | schwenkbaren
schwer,Acc,Sing,Fem,Pos,ADJ,2-milliarden-dollar-schwere | millionen-schwere | schwere
schwer,Acc,Plur,Fem,Pos,ADJ,schwere | schweren
schwer,Dat,Sing,Masc,Pos,ADJ,schwerem | schweren
schwer,Dat,Sing,Fem,Pos,ADJ,schweren | schwerer
schwer,Dat,Sing,Neut,Pos,ADJ,schwerem | schweren
schwer,Acc,Plur,Neut,Pos,ADJ,schwere | schweren
schwer,Acc,Sing,Neut,Pos,ADJ,schwere | schweres
schwerwiegend,Dat,Sing,Fem,Pos,ADJ,schwerwiegenden | schwerwiegender
schwierig,Dat,Sing,Fem,Pos,ADJ,schwierigen | schwieriger
schwierig,Dat,Sing,Neut,Pos,ADJ,schwierigem | schwierigen
schätzen,Acc,Plur,Masc,Pos,ADJ,geschätzte | geschätzten
schön,Dat,Sing,Neut,Pos,ADJ,schönem | schönen
schön,Acc,Plur,Fem,Pos,ADJ,schöne | schönen
schön,Acc,Sing,Neut,Pos,ADJ,schöne | schönes
schützen,Acc,Sing,Neut,Pos,ADJ,geschützte | geschütztes
schützen,Dat,Plur,Neut,Pos,ADJ,copyright-geschützten | geschützten
schützen,Dat,Sing,Neut,Pos,ADJ,geschütztem | geschützten
schützen,Dat,Sing,Fem,Pos,ADJ,copyright-geschützter | geschützten
schützen,Acc,Plur,Masc,Pos,ADJ,geschützte | geschützten
schützen,Acc,Sing,Fem,Pos,ADJ,geschützte | schützende | ssl-geschützter
sechste,Dat,Sing,Fem,Pos,ADJ,sechsten | sechster
sein,Dat,Sing,Masc,,DET,seinem | seinen
sein,Dat,Sing,Neut,,DET,seinem | seines
sein,Dat,Plur,Masc,,DET,seine | seinen | seiner
sein,Dat,Sing,Fem,,DET,seine | seiner
sein,Dat,Plur,Neut,,DET,seine | seinen
sein,Dat,Plur,,,DET,seine | seinen
sein,Dat,,,,DET,seine | seinem
seitig,Dat,Sing,Neut,Pos,ADJ,17-seitigen | 20-seitigen
selb,Dat,Sing,Masc,Pos,ADJ,selbem | selben
selbständig,Dat,Plur,Fem,Pos,ADJ,selbstständigen | selbständigen
selten,Dat,Sing,Fem,Pos,ADJ,seltenen | seltener
selten,Dat,,,Pos,ADJ,selten | seltener
selten,Acc,Sing,Neut,Pos,ADJ,seltene | seltenes
sensibel,Dat,Sing,Masc,Pos,ADJ,sensiblem | sensiblen
sensibel,Acc,Plur,Neut,Pos,ADJ,sensible | sensiblen
separat,Dat,Sing,Masc,Pos,ADJ,separatem | separaten
separat,Dat,Sing,Fem,Pos,ADJ,separaten | separater
separat,Acc,Plur,Masc,Pos,ADJ,separate | separaten
serbisch,Dat,Sing,Masc,Pos,ADJ,serbischem | serbischen
serbisch,Dat,Sing,Fem,Pos,ADJ,serbischen | serbischer
seriell,Dat,Sing,Fem,Pos,ADJ,seriellen | serieller
seriell,Dat,Plur,Fem,Pos,ADJ,serielle | seriellen
seriös,Acc,Plur,Fem,Pos,ADJ,seriöse | seriösen
setzen,Acc,Sing,Neut,Pos,ADJ,gesetzte | gesetztes
sexuell,Dat,Sing,Masc,Pos,ADJ,sexuellem | sexuellen
sexuell,Dat,Sing,Fem,Pos,ADJ,sexuellen | sexueller
sexuell,Acc,Plur,Fem,Pos,ADJ,sexuelle | sexuellen
sicher,Dat,Sing,Fem,Pos,ADJ,sicheren | sicherer
sicher,Acc,Sing,Neut,Pos,ADJ,sichere | sicheres
sicher,Dat,Sing,Neut,Pos,ADJ,sicherem | sicheren
sichtbar,Dat,Sing,Fem,Pos,ADJ,sichtbaren | sichtbarer
simulieren,Acc,Sing,Neut,Pos,ADJ,simulierte | simuliertes
sinken,Dat,Plur,Masc,Pos,ADJ,gesunkenen | sinkenden
sinken,Acc,Plur,Masc,Pos,ADJ,gesunkene | sinkende | sinkenden
sinken,Acc,Plur,Fem,Pos,ADJ,gesunkenen | sinkende
sinken,Acc,Sing,Masc,Pos,ADJ,gesunkenen | sinkenden
sinken,Dat,Sing,Fem,Pos,ADJ,gesunkenen | sinkenden
skeptisch,Acc,Plur,Masc,Pos,ADJ,skeptische | skeptischen
sofortig,Dat,Sing,Fem,Pos,ADJ,sofortigen | sofortiger
sofortig,Dat,Sing,Neut,Pos,ADJ,sofortigem | sofortigen
sofortig,Acc,Sing,Neut,Pos,ADJ,sofortige | sofortiges
sogenannt,Acc,Plur,Fem,Pos,ADJ,sogenannte | sogenannten
sogenannt,Dat,Sing,Masc,Pos,ADJ,sogenannte | sogenannten
sogenannte,Acc,Sing,Neut,Pos,ADJ,sogenannte | sogenanntes
sogenannte,Acc,Plur,Fem,Pos,ADJ,sogenannte | sogenannten
sogenannte,Acc,Plur,Neut,Pos,ADJ,sogenannte | sogenannten
solch,Dat,Sing,Masc,,ADJ,solchem | solchen
solch,Dat,Sing,Fem,,ADJ,ebensolchen | solchen | solcher
solch,Acc,Plur,,,ADJ,solche | solchen
solch,Dat,Plur,,,ADJ,solche | solchen
solcher,Acc,Plur,,,DET,ebensolche | solche | solchen
solcher,Dat,Sing,Fem,,DET,solch | solchen | solcher
solcher,Dat,Plur,,,DET,solche | solchen
solcher,Dat,Sing,Neut,,DET,solchem | solchen
sonstige,Dat,Plur,Fem,Pos,ADJ,sonstige | sonstigen
sonstige,Acc,Sing,Neut,Pos,ADJ,sonstige | sonstiges
souverän,Acc,Plur,Fem,Pos,ADJ,souveräne | souveränen
sozial,Acc,Plur,Fem,Pos,ADJ,soziale | sozialen
sozial,Acc,Plur,Neut,Pos,ADJ,soziale | sozialen
sozial,Acc,Sing,Neut,Pos,ADJ,soziale | soziales
sozial,Dat,Sing,Fem,Pos,ADJ,sozialen | sozialer
sozial,Acc,Plur,Masc,Pos,ADJ,soziale | sozialen
spanisch,Dat,Sing,Fem,Pos,ADJ,spanischen | spanischer
spanisch,Dat,Sing,Neut,Pos,ADJ,spanisch | spanischem | spanischen
spanisch,Acc,Plur,Masc,Pos,ADJ,spanische | spanischen
sparen,Acc,Plur,Masc,Pos,ADJ,gesparten | sparenden
speichern,Acc,Sing,Neut,Pos,ADJ,gespeicherte | gespeichertes
speichern,Acc,Plur,Fem,Pos,ADJ,gespeicherte | gespeicherten
speichern,Acc,Sing,Masc,Pos,ADJ,gespeicherten | speichernden
spektakulär,Dat,Sing,Fem,Pos,ADJ,spektakulären | spektakulärer
spekulativ,Acc,Plur,Fem,Pos,ADJ,spekulative | spekulativen
speziell,Acc,Plur,Neut,Pos,ADJ,spezielle | speziellen
speziell,Acc,Plur,Masc,Pos,ADJ,spezielle | speziellen
speziell,Acc,Plur,Fem,Pos,ADJ,spezielle | speziellen
speziell,Dat,Sing,Neut,Pos,ADJ,speziellem | speziellen
speziell,Acc,Sing,Neut,Pos,ADJ,spezielle | spezielles
speziell,Dat,Plur,Neut,Pos,ADJ,spezielle | speziellen
speziell,Dat,Sing,Fem,Pos,ADJ,speziellen | spezieller
spezifisch,Acc,Plur,Neut,Pos,ADJ,internet-spezifische | oldtimer-spezifischen | spezifische
spezifisch,Dat,Sing,Neut,Pos,ADJ,spezifischem | spezifischen
spezifisch,Dat,Plur,Fem,Pos,ADJ,oem-spezifischen | spezifischen | windows-spezifischen
spezifisch,Dat,Sing,Fem,Pos,ADJ,athlon-spezifischen | spezifischen
spezifizieren,Dat,Sing,Fem,Pos,ADJ,spezifizierten | spezifizierter
spezifizieren,Acc,Sing,Neut,Pos,ADJ,spezifizierendes | spezifizierte
sprachlich,Acc,Plur,Fem,Pos,ADJ,sprachliche | sprachlichen
sprachlich,Dat,Plur,Masc,Pos,ADJ,nicht-sprachlichen | sprachlichen
sprechen,Dat,Plur,Neut,Pos,ADJ,gesprochenen | sprechenden
sprechen,Dat,Sing,Fem,Pos,ADJ,gesprochenen | gesprochener | sprechenden
sprechen,Acc,Plur,Neut,Pos,ADJ,gesprochene | gesprochenen
spät,Dat,Sing,Fem,Cmp,ADJ,späteren | späterer
spät,Acc,Plur,Masc,Cmp,ADJ,spätere | späteren
spät,Acc,Plur,Fem,Cmp,ADJ,spätere | späteren
staatlich,Dat,Sing,Fem,Pos,ADJ,staatlichen | staatlicher
staatlich,Dat,Sing,Masc,Pos,ADJ,staatlichem | staatlichen
staatlich,Acc,Plur,Neut,Pos,ADJ,staatliche | staatlichen
staatlich,Acc,Plur,Fem,Pos,ADJ,staatliche | staatlichen
staatlich,Dat,Plur,Fem,Pos,ADJ,staatliche | staatlichen
staatlich,Dat,Sing,Neut,Pos,ADJ,staatlichem | staatlichen
staatlich,Acc,Sing,Neut,Pos,ADJ,staatliche | staatliches
standardisieren,Dat,Plur,Fem,Pos,ADJ,iso-standardisierten | standardisierte
stark,Dat,Sing,Fem,Pos,ADJ,starken | starker
stark,Dat,Plur,Masc,Pos,ADJ,starken | starker
stark,Dat,Sing,Masc,Pos,ADJ,starkem | starken
stark,Acc,Plur,Fem,Pos,ADJ,starke | starken
stark,Dat,Sing,Neut,Pos,ADJ,starkem | starken
stark,Acc,Sing,Neut,Pos,ADJ,starke | starkes
stark,Acc,Plur,Masc,Pos,ADJ,starke | starken
stark,Dat,Sing,Fem,Cmp,ADJ,stärkere | stärkeren | stärkerer
stark,Acc,Sing,Neut,Cmp,ADJ,stärkere | stärkeres
stark,Dat,Sing,Neut,Cmp,ADJ,stärkerem | stärkeren
starten,Dat,Sing,Neut,Pos,ADJ,gestartetem | gestarteten | startenden
starten,Acc,Sing,Masc,Pos,ADJ,gestarteten | startenden
starten,Acc,Sing,Neut,Pos,ADJ,gestartete | gestartetes
statistisch,Dat,Sing,Neut,Pos,ADJ,statistischem | statistischen
statistisch,Acc,Plur,Fem,Pos,ADJ,statistische | statistischen
stattfinden,Dat,Sing,Fem,Pos,ADJ,stattfindende | stattfindenden | stattfindender | stattgefundenen
stecken,Acc,Sing,Neut,Pos,ADJ,gesteckte | steckende
stecken,Dat,Sing,Masc,Pos,ADJ,gesteckten | steckenden
stehen,Acc,Sing,Neut,Pos,ADJ,gestandenes | stehende
stehen,Dat,Sing,Fem,Pos,ADJ,stehenden | stehender
stehen,Acc,Plur,Masc,Pos,ADJ,gestandenen | stehende
steigen,Dat,Plur,Masc,Pos,ADJ,gestiegenen | steigenden
steigen,Dat,Plur,Neut,Pos,ADJ,gestiegenen | steigenden
steigen,Acc,Plur,Neut,Pos,ADJ,gestiegenen | steigende | steigenden
steigen,Acc,Sing,Fem,Pos,ADJ,gestiegene | steigende
steigen,Dat,Sing,Masc,Pos,ADJ,gestiegenem | gestiegenen | steigendem | steigenden
steigen,Dat,Sing,Fem,Pos,ADJ,gestiegenen | steigenden | steigender
steigen,Dat,Plur,Fem,Pos,ADJ,gestiegenen | steigenden
steigen,Acc,Sing,Masc,Pos,ADJ,gestiegenen | steigenden
steigen,Acc,Plur,Masc,Pos,ADJ,gestiegene | gestiegenen | steigende | steigenden
steigen,Acc,Sing,Neut,Pos,ADJ,gestiegene | steigendes
steigen,Acc,Plur,Fem,Pos,ADJ,gestiegene | steigende | steigenden
steigern,Dat,Sing,Fem,Pos,ADJ,gesteigerten | gesteigerter
steigern,Acc,Sing,Neut,Pos,ADJ,gesteigerte | gesteigertes
steil,Dat,Sing,Masc,Pos,ADJ,steilem | steilen
steinig,Dat,Sing,Masc,Pos,ADJ,steinigem | steinigen
stellen,Acc,Plur,Masc,Pos,ADJ,gestellte | gestellten
stellen,Acc,Plur,Fem,Pos,ADJ,gestellte | gestellten
stellen,Acc,Sing,Fem,Pos,ADJ,gestellte | stellende
stellen,Acc,Sing,Neut,Pos,ADJ,gestellte | gestelltes
stellvertretend,Dat,Sing,Masc,Pos,ADJ,stellvertretendem | stellvertretenden
steuerlich,Acc,Plur,Masc,Pos,ADJ,steuerliche | steuerlichen
steuern,Dat,Sing,Fem,Pos,ADJ,gesteuerten | internet-gesteuerten
steuern,Dat,Plur,Neut,Pos,ADJ,internet-gesteuerten | rechner-gesteuerten
strafbar,Dat,Sing,Fem,Pos,ADJ,strafbare | strafbaren
strafrechtlich,Dat,Sing,Masc,Pos,ADJ,strafrechtlichem | strafrechtlichen
strafrechtlich,Dat,Sing,Fem,Pos,ADJ,strafrechtlichen | strafrechtlicher
strategisch,Dat,Sing,Neut,Pos,ADJ,strategischem | strategischen
strategisch,Acc,Plur,Fem,Pos,ADJ,strategische | strategischen
strategisch,Dat,Sing,Masc,Pos,ADJ,strategischem | strategischen
strategisch,Acc,Sing,Neut,Pos,ADJ,strategische | strategisches
strategisch,Dat,Sing,Fem,Pos,ADJ,strategischen | strategischer
strategisch,Dat,Plur,Fem,Pos,ADJ,nicht-strategischen | strategischen
streng,Dat,Sing,Masc,Pos,ADJ,strengem | strengen
streng,Acc,Plur,Masc,Pos,ADJ,strenge | strengen
streng,Acc,Plur,Fem,Pos,ADJ,strenge | strengen
streng,Acc,Sing,Neut,Pos,ADJ,strenge | strenges
strikt,Dat,Sing,Fem,Pos,ADJ,strikten | strikter
strikt,Acc,Sing,Neut,Pos,ADJ,strikte | striktes
strukturell,Acc,Plur,Neut,Pos,ADJ,strukturelle | strukturellen
städtisch,Dat,Sing,Fem,Pos,ADJ,städtischen | städtischer
ständig,Acc,Plur,Masc,Pos,ADJ,ständige | ständigen
ständig,Dat,Sing,Fem,Pos,ADJ,ständigen | ständiger
ständig,Acc,Plur,Fem,Pos,ADJ,ständige | ständigen
ständig,Acc,Sing,Neut,Pos,ADJ,ständige | ständiges
ständig,Acc,Sing,Masc,Pos,ADJ,nicht-ständigen | ständigen
ständig,Dat,Sing,Masc,Pos,ADJ,ständigem | ständigen
stören,Acc,Sing,Masc,Pos,ADJ,gestörten | störenden
stützen,Acc,Sing,Fem,Pos,ADJ,internet-gestützte | pc-gestützte | xml-gestützte
stützen,Acc,Plur,Neut,Pos,ADJ,it-gestützte | mikroprozessor-gestützte
stützen,Dat,Plur,,Pos,ADJ,beia-gestützten | chipkarten-gestützten
stützen,Acc,Sing,Neut,Pos,ADJ,beia-gestütztes | gps-gestütztes | pc-gestütztes | satelliten-gestützte
stützen,Acc,Sing,Masc,Pos,ADJ,satelliten-gestützten | wizard-gestützten
stützen,Acc,Plur,Fem,Pos,ADJ,hardware-gestützte | tib-gestützte
subventionieren,Acc,Plur,Neut,Pos,ADJ,subventionierte | subventionierten
systematisch,Dat,Sing,Fem,Pos,ADJ,systematischen | systematischer
säumig,Acc,Plur,Masc,Pos,ADJ,säumige | säumigen
taiwanisch,Acc,Sing,Neut,Pos,ADJ,taiwanische | taiwanisches
taktisch,Acc,Sing,Neut,Pos,ADJ,taktische | taktisches
tarnen,Acc,Plur,Neut,Pos,ADJ,getarnte | getarnten
tatsächlich,Dat,Sing,Masc,Pos,ADJ,tatsächlichem | tatsächlichen
tatsächlich,Dat,Sing,Fem,Pos,ADJ,tatsächlichen | tatsächlicher
tatsächlich,Dat,Sing,Neut,Pos,ADJ,tatsächlichem | tatsächlichen
tauglich,Acc,Sing,Fem,Pos,ADJ,stereo-tv-taugliche | taugliche | tualatin-taugliche
tauglich,Acc,Sing,Masc,Pos,ADJ,ddr-sdram-tauglichen | ddr-tauglichen | dual-tualatin-tauglichen | internet-tauglichen | rdram-tauglichen
tauglich,Dat,Plur,Masc,Pos,ADJ,ddr-tauglichen | multimedia-tauglichen | usb-2.0-tauglichen
technisch,Dat,Sing,Masc,Pos,ADJ,technischem | technischen | wissenschaftlich-technischem
technisch,Dat,Plur,Fem,Pos,ADJ,technische | technischen
technisch,Dat,Sing,Fem,,PROPN,Technische | Technischen
technisch,Dat,Sing,Fem,Pos,ADJ,physikalisch-technische | technische | technischen | technischer
technisch,Acc,Plur,Masc,Pos,ADJ,it-technischen | pharmazeutisch-technische | technische | technischen
technisch,Acc,Plur,Fem,Pos,ADJ,technische | technischen | wissenschaftlich-technische
technisch,Acc,Plur,Neut,Pos,ADJ,technische | technischen
technisch,Acc,Sing,Neut,Pos,ADJ,technische | technisches
technisch,Dat,Plur,Masc,Pos,ADJ,naturwissenschaftlich-technischen | technischen
technologisch,Acc,Plur,Fem,Pos,ADJ,technologische | technologischen
technologisch,Dat,Sing,Masc,Pos,ADJ,technologischem | technologischen
technologisch,Dat,Sing,Neut,Pos,ADJ,technologischem | technologischen
technologisch,Dat,Sing,Fem,Pos,ADJ,technologischen | technologischer
telefonisch,Dat,Sing,Fem,Pos,ADJ,telefonische | telefonischen | telefonischer
terroristisch,Acc,Plur,Fem,Pos,ADJ,anti-terroristische | terroristische | terroristischen
terroristisch,Acc,Sing,Masc,Pos,ADJ,cyber-terroristischen | terroristischen
teuer,Acc,Sing,Neut,Pos,ADJ,teuere | teueres | teure | teures
teuer,Acc,Plur,Fem,Pos,ADJ,teure | teuren
teuer,Acc,Plur,Neut,Pos,ADJ,teure | teuren
teuer,Dat,Sing,Masc,Pos,ADJ,teurem | teuren
theoretisch,Dat,Sing,Fem,Pos,ADJ,theoretischen | theoretischer
thermisch,Dat,Sing,Fem,Pos,ADJ,nicht-thermischen | thermischen
thermisch,Dat,Plur,Masc,Pos,ADJ,nicht-thermischen | thermischen
thermisch,Acc,Plur,Fem,Pos,ADJ,nicht-thermische | nicht-thermischen
tief,Acc,Plur,Fem,Pos,ADJ,tiefe | tiefen
tief,Acc,Sing,Neut,Pos,ADJ,tiefe | tiefes
tief,Dat,Sing,Masc,Sup,ADJ,tiefstem | tiefsten
tief,Dat,Sing,Fem,Pos,ADJ,tiefen | tiefer
tief,Dat,Sing,Neut,Pos,ADJ,tiefen | tiefsten
tief,Dat,Sing,Fem,Cmp,ADJ,tieferen | tieferer
tiefrot,Acc,Plur,Fem,Pos,ADJ,tiefrote | tiefroten
toll,Dat,Sing,Fem,Pos,ADJ,tolle | tollen | toller
toll,Acc,Sing,Masc,Pos,ADJ,toll | tollen
traditionell,Acc,Plur,Fem,Pos,ADJ,traditionelle | traditionellen
traditionell,Acc,Plur,Neut,Pos,ADJ,traditionelle | traditionellen
traditionell,Dat,Sing,Masc,Pos,ADJ,traditionellem | traditionellen
traditionell,Acc,Sing,Neut,Pos,ADJ,traditionelle | traditionelles
traditionell,Acc,Plur,Masc,Pos,ADJ,traditionelle | traditionellen
tragbar,Acc,Plur,Neut,Pos,ADJ,tragbare | tragbaren
tragbar,Acc,Sing,Neut,Pos,ADJ,tragbare | tragbares
tragen,Dat,Sing,Fem,Pos,ADJ,getragenen | tragenden
treu,Acc,Plur,,Pos,ADJ,treue | treuen
tropisch,Dat,Sing,Masc,Pos,ADJ,tropischem | tropischen
tropisch,Acc,Plur,Fem,Pos,ADJ,tropische | tropischen
trügerisch,Dat,Sing,Fem,Pos,ADJ,trügerischen | trügerischer
tschechisch,Dat,Sing,Fem,Pos,ADJ,tschechischen | tschechischer
typisch,Dat,Sing,Fem,Pos,ADJ,adobe-typischen | palm-os-typischen | typischen | typischer
typisch,Dat,Plur,Fem,Pos,ADJ,typische | typischen
typisch,Acc,Sing,Masc,Pos,ADJ,mainframe-typischen | typischen
typisch,Dat,Plur,Neut,Pos,ADJ,handy-typischen | typischen
typisch,Acc,Sing,Fem,Pos,ADJ,mac-typische | typische
typisch,Acc,Sing,Neut,Pos,ADJ,typische | typisches
typisch,Acc,Plur,Fem,Pos,ADJ,typische | typischen
typisch,Dat,Sing,,Pos,ADJ,adobe-typischem | typischem
täglich,Acc,Sing,Neut,Pos,ADJ,tägliche | tägliches
tätig,Acc,Plur,Fem,Pos,ADJ,tätige | tätigen
tätig,Acc,Plur,Masc,Pos,ADJ,tätige | tätigen
ukrainisch,Dat,Sing,Fem,Pos,ADJ,ukrainischen | ukrainischer
umfangreich,Acc,Plur,Fem,Pos,ADJ,umfangreiche | umfangreichen
umfangreich,Acc,Plur,Masc,Pos,ADJ,umfangreiche | umfangreichen
umfangreich,Acc,Sing,Neut,Pos,ADJ,umfangreiche | umfangreiches
umfassen,Dat,Sing,Fem,Pos,ADJ,umfassenden | umfassender
umfassen,Acc,Sing,Neut,Pos,ADJ,umfassende | umfassendes
umfassen,Dat,Sing,Neut,Pos,ADJ,umfassendem | umfassenden
umfassend,Acc,Sing,Neut,Pos,ADJ,umfassende | umfassendes
umgebend,Acc,Sing,Fem,Pos,ADJ,umgebende | umgebenden
umsetzen,Acc,Sing,Masc,Pos,ADJ,umgesetzten | umzusetzenden
umstritten,Acc,Sing,Neut,Pos,ADJ,umstrittene | umstrittenes
umstritten,Acc,Plur,Masc,Pos,ADJ,umstrittene | umstrittenen
unabhängig,Acc,Plur,Neut,Pos,ADJ,unabhängige | unabhängigen
unabhängig,Acc,Sing,Fem,Pos,ADJ,hersteller-unabhängige | unabhängige
unabhängig,Dat,Sing,Fem,Pos,ADJ,hersteller-unabhängigen | unabhängigen
unabhängig,Acc,Sing,Neut,Pos,ADJ,gui-unabhängiges | unabhängige | unabhängiges
unangenehm,Dat,Sing,Fem,Pos,ADJ,unangenehmen | unangenehmer
unbeabsichtigt,Dat,Sing,Neut,Pos,ADJ,unbeabsichtigtem | unbeabsichtigten
unbedarft,Acc,Plur,Masc,Pos,ADJ,unbedarfte | unbedarften
unbefugt,Dat,Sing,Fem,Pos,ADJ,unbefugten | unbefugter
unbegrenzt,Acc,Sing,Neut,Pos,ADJ,unbegrenzte | unbegrenztes
unbegrenzt,Dat,Sing,Masc,Pos,ADJ,unbegrenztem | unbegrenzten
unbekannt,Dat,Sing,Fem,Pos,ADJ,unbekannten | unbekannter
unbekannt,Dat,Sing,Masc,Pos,ADJ,unbekanntem | unbekannten
unbekannt,Acc,Plur,Neut,Pos,ADJ,unbekannte | unbekannten
unbekannt,Dat,Sing,Neut,Pos,ADJ,unbekanntem | unbekannten
undurchsichtig,Dat,Sing,Fem,Pos,ADJ,undurchsichtigen | undurchsichtiger
unerlaubt,Acc,Plur,Fem,Pos,ADJ,unerlaubte | unerlaubten
unerwartet,Dat,Sing,Fem,Pos,ADJ,unerwarteten | unerwarteter
unerwünscht,Acc,Plur,Fem,Pos,ADJ,unerwünschte | unerwünschten
unerwünscht,Dat,Sing,Masc,Pos,ADJ,unerwünschtem | unerwünschten
unerwünscht,Acc,Plur,Masc,Pos,ADJ,unerwünschte | unerwünschten
unerwünscht,Dat,Sing,Fem,Pos,ADJ,unerwünschten | unerwünschter
ungehindert,Dat,Sing,Masc,Pos,ADJ,ungehindertem | ungehinderten
ungeklärt,Dat,Sing,Fem,Pos,ADJ,ungeklärten | ungeklärter
ungenannt,Dat,Sing,Fem,Pos,ADJ,ungenannten | ungenannter
ungewöhnlich,Acc,Sing,Neut,Pos,ADJ,ungewöhnliche | ungewöhnliches
ungewöhnlich,Dat,Sing,Fem,Pos,ADJ,ungewöhnliche | ungewöhnlichen | ungewöhnlicher
ungünstig,Dat,Sing,Fem,Pos,ADJ,ungünstigen | ungünstiger
unknown,Dat,,,,NOUN,1133-MHz-Pentium | 3.10a | Backups | Beiteiligten | Beschenkten | Bonnern | Boygroups | Breathe | Browser-Release | CCDs | Celera | Cern | Chattern | Clients | Colorama | Comdirect | Connectivity | Crusoe | Cyber-Entrepeneuren | Dauer-Rennerin | Desktop-Coppermines | Deut | Dot.Com-Companies | E-Commercelern | ECMA | ECommerce | EFF | Einzelnen | Entrechtung | Excite.de | Firmenehe | GFlops | GMD | Gebaren | Gehetzten | Gehörlosen | Guides | Heavyweights | Heise-Ticker | Herstellter | Hightech | ICANN | ISPs | Internet-Appliances | Internetties | Iridium | Itanium | Jüngsten | Krawattis | Kriminellen | Kritischeres | LANL | Lingubot | Lyan | Lüfter | MRJ-Plugin | Matloff | NCs | NSA | Nahost | Navigator | Nicht-Windows-Clients | Nneben | Object | PC-Videobegeisterten | Password-Sniffern | Paybox | Pentium | Philanthropie | Plugin | Rechteverletzer | Registries | Resellern | S/390-Mainframes | Salinger | Schnellebigkeit | Schwerhörigen | Startup-Companies | Symbian | Taiwanern | Text-Mining | Threads | Tumorart | Tux | USB | VRML | Verleiher | Vice-President | W3C | Wang | What's | iCast-Clients | Ältestenrat | Öffentlich-Rechtlichen
unknown,Acc,Sing,Neut,,NOUN,48bittige | COmputergestütztes
unknown,Acc,,,,NOUN,G3-Minitower | IE | Java-VM | Nachfrager | Newsgroups | Pf./Min. | Pf/Min. | TLD | URL | Zersplitterung
unmittelbar,Dat,Sing,Fem,Pos,ADJ,unmittelbaren | unmittelbarer
unmittelbar,Dat,Sing,Masc,Pos,ADJ,unmittelbarem | unmittelbaren
unser,Acc,Sing,Neut,,DET,unser | unsere
unser,Dat,Sing,Fem,,DET,unsere | unserer
unser,Dat,Plur,Fem,,DET,unseren | unsern
untere,Dat,Sing,Neut,Pos,ADJ,unterem | unteren
unternehmensnah,Dat,Plur,Masc,Pos,ADJ,unternehmensnahe | unternehmensnahen
unterschiedlich,Acc,Plur,Masc,Pos,ADJ,unterschiedliche | unterschiedlichen
unterschiedlich,Acc,Plur,Fem,Pos,ADJ,unterschiedliche | unterschiedlichen
unterschiedlich,Dat,Sing,Fem,Pos,ADJ,unterschiedlichen | unterschiedlicher
unterschiedlich,Dat,Plur,Fem,Pos,ADJ,unterschiedliche | unterschiedlichen
unterschiedlich,Acc,Plur,,Pos,ADJ,unterschiedliche | unterschiedlichen
unterschiedlich,Acc,Plur,Neut,Pos,ADJ,unterschiedliche | unterschiedlichen
unterstützen,Acc,Plur,Fem,Pos,ADJ,unterstützende | unterstützte | unterstützten
unterstützen,Dat,Plur,Fem,Pos,ADJ,netzwerk-unterstützenden | unterstützten
unterstützen,Dat,Sing,Neut,Pos,ADJ,unterstützende | unterstütztem | unterstützten
unvollständig,Dat,Sing,Fem,Pos,ADJ,unvollständigen | unvollständiger
unzulässig,Dat,Sing,Fem,Pos,ADJ,unzulässigen | unzulässiger
unzählig,Acc,Plur,Fem,Pos,ADJ,unzählige | unzähligen
ursprünglich,Dat,Sing,Fem,Pos,ADJ,ursprünglichen | ursprünglicher
ursprünglich,Acc,Plur,Fem,Pos,ADJ,ursprüngliche | ursprünglichen
veralten,Acc,Sing,Neut,Pos,ADJ,veraltete | veraltetes
veranschlagen,Dat,Sing,Masc,Pos,ADJ,veranschlagenden | veranschlagten
verbessern,Acc,Sing,Neut,Pos,ADJ,verbesserte | verbessertes
verbessern,Dat,Sing,Fem,Pos,ADJ,verbesserten | verbesserter
verbessern,Dat,Sing,Neut,Pos,ADJ,verbessertem | verbesserten
verbessern,Dat,Sing,Masc,Pos,ADJ,verbessertem | verbesserten
verbessern,Acc,Plur,Fem,Pos,ADJ,verbesserte | verbesserten
verbieten,Acc,Plur,Masc,Pos,ADJ,verbotene | verbotenen
verbinden,Dat,Plur,Fem,Pos,ADJ,verbindenden | verbundenen
verbinden,Acc,Plur,Masc,Pos,ADJ,verbundene | verbundenen
verbleiben,Dat,Plur,Masc,Pos,ADJ,verbleibenden | verbliebenen
verbleiben,Acc,Plur,Fem,Pos,ADJ,verbleibenden | verbliebenen
verbleiben,Acc,Plur,Masc,Pos,ADJ,verbleibenden | verbliebenen
verbleiben,Acc,Sing,Neut,Pos,ADJ,verbleibende | verbleibendes
verbleiben,Acc,Sing,Fem,Pos,ADJ,verbleibende | verbliebene
verbleiben,Acc,Plur,Neut,Pos,ADJ,verbleibende | verbleibenden
verbleiben,Dat,Plur,Fem,Pos,ADJ,verbleibenden | verbliebenen
verbreiten,Dat,Sing,Fem,Pos,ADJ,verbreiteten | verbreiteter
verbreiten,Acc,Sing,Neut,Pos,ADJ,verbreitete | verbreitetes
verbreiten,Acc,Plur,Neut,Pos,ADJ,verbreitete | verbreiteten
vereinen,Dat,Sing,Fem,Pos,ADJ,vereinten | vereinter
vereinfachen,Acc,Sing,Neut,Pos,ADJ,vereinfachte | vereinfachtes
vereinigt,Dat,Sing,Neut,,PROPN,Vereinigten | Vereinigtes
vereinigt,Dat,Sing,Neut,Pos,ADJ,vereinigen | vereinigten
verfrüht,Dat,Sing,Fem,Pos,ADJ,verfrühten | verfrühter
verfügbar,Acc,Plur,Masc,Pos,ADJ,verfügbare | verfügbaren
verfügbar,Dat,Sing,Fem,Pos,ADJ,verfügbaren | verfügbarer
verfügbar,Acc,Plur,Neut,Pos,ADJ,verfügbare | verfügbaren
vergeben,Dat,Plur,Neut,Pos,ADJ,vergebenden | vergebenen
vergeben,Acc,Plur,Fem,Pos,ADJ,vergebenden | vergebene | vergebenen
vergeblich,Dat,Sing,Masc,Pos,ADJ,vergeblichem | vergeblichen
vergehen,Dat,Sing,Fem,Pos,ADJ,vergangenen | vergangener
vergehen,Dat,Sing,Neut,Pos,ADJ,vergangenem | vergangenen
vergehen,Dat,Sing,Masc,Pos,ADJ,vergangenem | vergangenen
vergehen,Acc,Sing,Neut,Pos,ADJ,vergangene | vergangenes
vergehen,Acc,Plur,Fem,Pos,ADJ,vergangene | vergangenen
vergleichbar,Dat,Sing,Fem,Pos,ADJ,vergleichbaren | vergleichbarer
vergleichbar,Dat,Plur,Neut,Pos,ADJ,vergleichbare | vergleichbaren
vergleichbar,Acc,Sing,Neut,Pos,ADJ,vergleichbare | vergleichbares
vergleichbar,Dat,Sing,Masc,Pos,ADJ,vergleichbarem | vergleichbaren
verhalten,Acc,Sing,Neut,Pos,ADJ,verhaltene | verhaltenes
verhandeln,Acc,Plur,Masc,Pos,ADJ,verhandelnden | verhandelten
verkaufen,Acc,Plur,Masc,Pos,ADJ,verkaufte | verkauften
verkaufen,Acc,Plur,Fem,Pos,ADJ,verkaufte | verkauften
verkaufen,Acc,Plur,Neut,Pos,ADJ,verkaufte | verkauften
verkaufen,Dat,Sing,Fem,Pos,ADJ,verkauften | verkaufter
verkaufen,Dat,Sing,Masc,Pos,ADJ,verkauftem | verkauften
verkaufen,Dat,Sing,Neut,Pos,ADJ,verkauftem | verkauften
verkürzen,Dat,Sing,Fem,Pos,ADJ,verkürzten | verkürzter
vermindern,Dat,Sing,Fem,Pos,ADJ,verminderten | verminderter
vermitteln,Acc,Sing,Fem,Pos,ADJ,vermittelnde | vermittelte
vermitteln,Dat,Sing,Masc,Pos,ADJ,vermitteltem | vermittelten
vermuten,Dat,Sing,Masc,Pos,ADJ,vermutetem | vermuteten
vernetzen,Acc,Plur,Masc,Pos,ADJ,vernetzte | vernetzten
vernetzen,Acc,Plur,Fem,Pos,ADJ,vernetzte | vernetzten
vernetzen,Acc,Sing,Neut,Pos,ADJ,vernetzte | vernetztes
vernetzen,Acc,Plur,Neut,Pos,ADJ,vernetzte | vernetzten
vernünftig,Dat,Sing,Fem,Pos,ADJ,vernünftigen | vernünftiger
verscheiden,Dat,Plur,Neut,Pos,ADJ,verschiedenen | verschiedener
verscheiden,Acc,Plur,Neut,Pos,ADJ,verschiedene | verschiedenen
verscheiden,Acc,Plur,Fem,Pos,ADJ,verschiedene | verschiedenen
verscheiden,Dat,Plur,Fem,Pos,ADJ,verschiedene | verschiedenen
verscheiden,Acc,Plur,Masc,Pos,ADJ,verschiedene | verschiedenen
verschicken,Dat,Sing,Fem,Pos,ADJ,verschickten | verschickter
verschieden,Acc,Plur,Neut,Pos,ADJ,verschiedene | verschiedenen
verschieden,Acc,Plur,Fem,Pos,ADJ,verschiedene | verschiedenen
verschieden,Dat,Plur,Fem,Pos,ADJ,verschieden | verschiedene | verschiedenen
verschieden,Dat,Sing,Fem,Pos,ADJ,verschiedenen | verschiedener
verschieden,Acc,Plur,Masc,Pos,ADJ,verschiedene | verschiedenen
verschieden,Acc,Plur,Neut,Sup,ADJ,verschiedenste | verschiedensten
verschieden,Acc,Plur,Masc,Sup,ADJ,verschiedenste | verschiedensten
verschlüsseln,Dat,Sing,Fem,Pos,ADJ,ssl-verschlüsselter | verschlüsselten | verschlüsselter
verschlüsseln,Acc,Sing,Fem,Pos,ADJ,ssl-verschlüsselte | verschlüsselte
verschlüsseln,Acc,Plur,Neut,Pos,ADJ,verschlüsselte | verschlüsselten
verschlüsseln,Acc,Plur,Masc,Pos,ADJ,verschlüsselnde | verschlüsselten
verschlüsseln,Acc,Plur,Fem,Pos,ADJ,verschlüsselte | verschlüsselten
verschärfen,Acc,Sing,Masc,Pos,ADJ,verschärfenden | verschärften
verschärfen,Acc,Plur,Fem,Pos,ADJ,verschärfende | verschärfte
verschärfen,Dat,Sing,Masc,Pos,ADJ,verschärftem | verschärften
versehen,Acc,Sing,Neut,Pos,ADJ,versehene | versehenes
versehentlich,Acc,Sing,Neut,Pos,ADJ,versehentliche | versehentliches
versprechen,Acc,Sing,Fem,Pos,ADJ,versprechende | versprochene
versprechen,Dat,Plur,Fem,Pos,ADJ,versprechenden | versprochenen
versprechen,Acc,Plur,Fem,Pos,ADJ,versprechenden | versprochenen
versprechen,Acc,Sing,Masc,Pos,ADJ,versprechenden | versprochenen
versprechen,Acc,Plur,Masc,Pos,ADJ,versprochene | versprochenen
verspätet,Acc,Sing,Neut,Pos,ADJ,verspätete | verspätetes
verspätet,Dat,Sing,Fem,Pos,ADJ,verspäteten | verspäteter
verstecken,Acc,Plur,Fem,Pos,ADJ,versteckte | versteckten
verstecken,Dat,Sing,Fem,Pos,ADJ,versteckten | versteckter
verständigen,Acc,Sing,Fem,Pos,ADJ,verständigende | verständigte
verständlich,Dat,Sing,Fem,Pos,ADJ,verständlichen | verständlicher
verstärken,Acc,Sing,Neut,Pos,ADJ,verstärkte | verstärktes
verstärken,Dat,Sing,Masc,Pos,ADJ,verstärkenden | verstärktem | verstärkten
verstärken,Acc,Sing,Masc,Pos,ADJ,verstärkenden | verstärkten
verstärken,Dat,Sing,Fem,Pos,ADJ,verstärkenden | verstärkten | verstärkter
verstärken,Dat,Sing,Neut,Pos,ADJ,titan-verstärkten | verstärktem
verteilen,Dat,Sing,Fem,Pos,ADJ,verteilten | verteilter
vertikal,Dat,Sing,Fem,Pos,ADJ,vertikalen | vertikaler
vertraulich,Acc,Plur,Fem,Pos,ADJ,vertrauliche | vertraulichen
verwenden,Dat,Sing,Fem,Pos,ADJ,verwendeten | verwendeter
verwenden,Acc,Sing,Fem,Pos,ADJ,verwandte | verwendete
verwenden,Dat,Sing,Neut,Pos,ADJ,verwandten | verwendetem | verwendeten
verwenden,Dat,Plur,Masc,Pos,ADJ,verwandten | verwendeten
verwenden,Dat,Plur,Neut,Pos,ADJ,verwandten | verwendeten
verwenden,Acc,Plur,Fem,Pos,ADJ,verwendete | verwendeten
verwenden,Acc,Plur,Neut,Pos,ADJ,verwandte | verwendeten
verwirren,Acc,Sing,Neut,Pos,ADJ,verwirrende | verwirrendes
verzögern,Dat,Sing,Fem,Pos,ADJ,verzögerten | verzögerter
verändern,Dat,Plur,Neut,Pos,ADJ,gentechnisch-veränderten | veränderten
verändern,Dat,Sing,Fem,Pos,ADJ,veränderten | veränderter
verändern,Dat,Sing,Neut,Pos,ADJ,verändertem | veränderten
verändern,Dat,Plur,Masc,Pos,ADJ,verändernden | veränderten
verändern,Acc,Plur,Fem,Pos,ADJ,veränderte | veränderten
verändern,Acc,Plur,Masc,Pos,ADJ,verändernden | veränderten
verändern,Dat,Sing,Masc,Pos,ADJ,verändernden | verändertem | veränderten
veröffentlichen,Dat,Sing,Neut,Pos,ADJ,veröffentlichtem | veröffentlichten
veröffentlichen,Dat,Sing,Fem,Pos,ADJ,veröffentlichten | veröffentlichter
veröffentlichen,Acc,Sing,Neut,Pos,ADJ,veröffentlichte | veröffentlichtes
veröffentlichen,Acc,Plur,Neut,Pos,ADJ,veröffentlichte | veröffentlichten
viel,Acc,Sing,Masc,,DET,viel | vielen
viel,Acc,Plur,Fem,,DET,viele | vielen
viel,Dat,Plur,,,DET,viele | vielen
viel,Dat,,,,DET,viel | vielen
viel,Acc,Plur,Neut,,DET,viele | vielen
viel,Acc,Plur,Masc,,DET,viele | vielen
viel,Acc,Plur,,,DET,viele | vielen
viel,Dat,Sing,Neut,,DET,viel | vielem
viel,Dat,Sing,,,DET,viel | vielen
viel,Acc,,,,DET,viel | viele | vielen | vieles
vielfältig,Acc,Plur,Fem,Pos,ADJ,vielfältige | vielfältigen
vielfältig,Dat,Sing,Fem,Pos,ADJ,vielfältigen | vielfältiger
vierte,Dat,Sing,Neut,Pos,ADJ,viertem | vierten
vierte,Acc,Sing,Neut,Pos,ADJ,vierte | viertes
vierte,Dat,Sing,Fem,Pos,ADJ,vierte | vierten | vierter
virtuell,Dat,Sing,Fem,Pos,ADJ,nicht-virtuellen | virtuelle | virtuellen | virtueller
virtuell,Acc,Sing,Neut,Pos,ADJ,virtuelle | virtuelles
virtuell,Acc,Plur,Masc,Pos,ADJ,virtuelle | virtuellen
virtuell,Dat,Sing,Masc,Pos,ADJ,virtuellem | virtuellen
virtuell,Acc,Plur,Fem,Pos,ADJ,virtuelle | virtuellen
virtuell,Dat,Sing,Neut,Pos,ADJ,virtuellem | virtuellen
virtuell,Acc,Plur,Neut,Pos,ADJ,virtuelle | virtuellen
virtuell,Dat,Sing,,Pos,ADJ,virtuellem | virtuellen
visuell,Dat,Sing,Fem,Pos,ADJ,visuellen | visueller
visuell,Dat,Plur,Neut,Pos,ADJ,audio-visuellen | visuellen
voll,Acc,Plur,Fem,Pos,ADJ,volle | vollen
voll,Dat,Sing,Fem,Pos,ADJ,vollen | voller
voll,Acc,Plur,Neut,Pos,ADJ,volle | vollen
voll,Dat,Sing,Masc,Pos,ADJ,vollem | vollen
voll,Acc,Sing,Neut,Pos,ADJ,volle | volles
voll,Dat,Sing,Neut,Pos,ADJ,vollem | vollen
vollständig,Dat,Sing,Fem,Pos,ADJ,vollständigem | vollständigen | vollständiger
vollständig,Dat,Sing,Masc,Pos,ADJ,vollständigem | vollständigen
vollständig,Acc,Sing,Neut,Pos,ADJ,vollständige | vollständiges
vorangehen,Dat,Sing,Fem,Pos,ADJ,vorangegangenen | vorangehender
voraussichtlich,Dat,Sing,Masc,Pos,ADJ,voraussichtlichem | voraussichtlichen
vorgeben,Dat,Sing,Masc,Pos,ADJ,vorgegebenem | vorgegebenen
vorhalten,Dat,Sing,Fem,Pos,ADJ,vorgehaltenen | vorgehaltener
vorhanden,Acc,Plur,Fem,Pos,ADJ,vorhandene | vorhandenen
vorhanden,Dat,Plur,Fem,Pos,ADJ,vorhandene | vorhandenen
vorhanden,Acc,Plur,Neut,Pos,ADJ,vorhandene | vorhandenen
vorhanden,Dat,Sing,Fem,Pos,ADJ,vorhandene | vorhandenen | vorhandener
vorhanden,Acc,Sing,Neut,Pos,ADJ,vorhandene | vorhandenes
vorhanden,Acc,Plur,Masc,Pos,ADJ,vorhandene | vorhandenen
vorhergehend,Dat,Sing,Fem,Pos,ADJ,vorhergehenden | vorhergehender
vorhergehend,Dat,Sing,Neut,Pos,ADJ,vorhergehendem | vorhergehenden
vorherig,Acc,Sing,Neut,Pos,ADJ,vorherige | vorheriges
vorherig,Dat,Sing,Fem,Pos,ADJ,vorherigen | vorheriger
vorig,Dat,Sing,Neut,Pos,ADJ,vorigem | vorigen
vorinstallieren,Dat,Sing,Fem,Pos,ADJ,vorinstallierten | vorinstallierter
vorlegen,Dat,Sing,Masc,Pos,ADJ,vorgelegtem | vorgelegten
vorlegen,Acc,Plur,Neut,Pos,ADJ,vorgelegte | vorgelegten
vorliegen,Acc,Sing,Neut,Pos,ADJ,vorliegende | vorliegendes
vorläufig,Acc,Sing,Neut,Pos,ADJ,vorläufige | vorläufiges
vorläufig,Dat,Sing,Fem,Pos,ADJ,vorläufigen | vorläufiger
vorläufig,Acc,Plur,Fem,Pos,ADJ,vorläufige | vorläufigen
vorläufig,Dat,Sing,Masc,Pos,ADJ,vorläufigem | vorläufigen
vornehm,Dat,Sing,Fem,Pos,ADJ,vornehmen | vornehmer
vorschlagen,Acc,Sing,Neut,Pos,ADJ,vorgeschlagene | vorgeschlagenes
vorsehen,Dat,Sing,Masc,Pos,ADJ,vorgesehenem | vorgesehenen
vorsehen,Acc,Plur,Masc,Pos,ADJ,vorgesehene | vorgesehenen
vorsehen,Dat,Sing,Fem,Pos,ADJ,vorgesehene | vorgesehenen
vorsehen,Acc,Sing,Neut,Pos,ADJ,vorgesehene | vorgesehenes
vorsehen,Acc,Plur,Fem,Pos,ADJ,vorgesehene | vorgesehenen
vorsichtig,Dat,Sing,Fem,Pos,ADJ,vorsichtigen | vorsichtiger
vorsichtig,Dat,Sing,Masc,Pos,ADJ,vorsichtigem | vorsichtigen
vorstellen,Acc,Plur,Neut,Pos,ADJ,vorgestellte | vorgestellten
vorzeitig,Acc,Sing,Neut,Pos,ADJ,vorzeitige | vorzeitiges
völlig,Dat,Sing,Fem,Pos,ADJ,völligen | völliger
wachsen,Acc,Sing,Fem,Pos,ADJ,gewachsene | wachsende
wachsen,Acc,Sing,Masc,Pos,ADJ,gewachsenen | wachsenden
wachsen,Dat,Sing,Masc,Pos,ADJ,gewachsenen | wachsendem | wachsenden
wachsen,Acc,Plur,Masc,Pos,ADJ,wachsende | wachsenden
wachsen,Dat,Sing,Neut,Pos,ADJ,wachsendem | wachsenden
wachsen,Acc,Plur,Fem,Pos,ADJ,wachsende | wachsenden
wachsen,Dat,Sing,Fem,Pos,ADJ,gewachsenen | wachsende | wachsenden | wachsender
wachsen,Acc,Sing,Neut,Pos,ADJ,gewachsene | wachsende | wachsendes
wachsen,Dat,Plur,Masc,Pos,ADJ,gewachsenen | wachsenden
wahr,Acc,Sing,Neut,Pos,ADJ,wahre | wahres
wahr,Dat,,,,ADJ,wahr | wahren
was,Acc,Sing,Neut,,PRON,was | watt
weiblich,Dat,Plur,Fem,Pos,ADJ,weibliche | weiblichen
weiblich,Dat,Sing,Fem,Pos,ADJ,weiblichen | weiblicher
weiblich,Dat,Sing,Neut,Pos,ADJ,weiblichem | weiblichen
weich,Acc,Sing,Masc,Pos,ADJ,weichen | wuschelig-weichen
weise,Dat,Sing,Fem,Pos,ADJ,weisen | weiser
weit,Dat,Sing,Fem,Cmp,ADJ,weiteren | weiterer
weit,Dat,Plur,Fem,Cmp,ADJ,weitere | weiteren
weit,Acc,Sing,Neut,Cmp,ADJ,weitere | weiteres
weit,Acc,Plur,Neut,Cmp,ADJ,weitere | weiteren
weit,Acc,Plur,Fem,Cmp,ADJ,weitere | weiteren
weit,Acc,Plur,,Cmp,ADJ,weitere | weiteren
weit,Acc,Plur,Masc,Cmp,ADJ,weitere | weiteren
weit,Dat,Plur,Masc,Cmp,ADJ,weiteren | weiterer
weit,Dat,Sing,Masc,Cmp,ADJ,weiterem | weiteren
weit,Dat,Sing,Neut,,NOUN,weitem | weitesten
weit,Dat,Sing,Neut,Cmp,ADJ,weiterem | weiteren
weit,Dat,Sing,Fem,Pos,ADJ,eu-weiten | weiten | weiter
weit,Acc,Sing,Neut,Pos,ADJ,eu-weite | eu-weites | weite | weites
weit,Acc,Sing,Masc,Pos,ADJ,us-weiten | web-weiten | weiten
weit,Acc,Sing,Fem,Pos,ADJ,eu-weite | weite
weit,Acc,Plur,Fem,Pos,ADJ,eu-weite | weite
weit,Dat,Sing,Masc,Pos,ADJ,weitem | weiten
weit,Dat,Sing,Neut,Pos,ADJ,us-weiten | weitem
weiterführen,Acc,Plur,Fem,Pos,ADJ,weiterführende | weiterführenden
weitgehend,Dat,Sing,Fem,Pos,ADJ,weitgehenden | weitgehender
weitreichend,Dat,Sing,Fem,Pos,ADJ,weitreichenden | weitreichender
weitreichend,Acc,Plur,Fem,Pos,ADJ,weitreichende | weitreichenden
weiß,Acc,Plur,Fem,Pos,ADJ,weissen | weiße
weiß,Dat,Sing,Masc,Pos,ADJ,weissem | weißem | weißen
weiß,Dat,Sing,Neut,Pos,ADJ,blau-weißen | weißem | weißen
weiß,Dat,Sing,Fem,Pos,ADJ,weißen | weißer
welcher,Dat,Sing,Fem,,DET,welchem | welcher
welcher,Dat,Sing,Masc,,DET,welche | welchem
welcher,Dat,Sing,Neut,,DET,welchem | welches
welcher,Acc,,,,DET,welche | welches
weltumspannend,Acc,Sing,Neut,Pos,ADJ,weltumspannende | weltumspannendes
weltweit,Acc,Plur,Masc,Pos,ADJ,weltweite | weltweiten
weltweit,Acc,Sing,Neut,Pos,ADJ,weltweite | weltweites
weltweit,Dat,Sing,Neut,Pos,ADJ,weltweitem | weltweiten
weltweit,Acc,Plur,Fem,Pos,ADJ,weltweite | weltweiten
wenig,Acc,Plur,Masc,,DET,wenige | wenigen
wenig,Dat,,,,DET,wenig | wenigen | weniger
wenig,Acc,Sing,Neut,,DET,wenig | weniger
wenig,Acc,Plur,Neut,,DET,wenige | wenigsten
wenig,Dat,Plur,,Pos,ADJ,wenige | wenigen
wenig,Acc,,,,DET,wenig | wenige
werden,Dat,Plur,Fem,Pos,ADJ,gewordenen | werdenden
werden,Dat,Sing,Fem,Pos,ADJ,gewordenen | werdenden
werden,Dat,Plur,Masc,Pos,ADJ,gewordenen | werdenden
werden,Acc,Plur,Masc,Pos,ADJ,gewordenen | werdende | werdenden
werden,Acc,Sing,Masc,Pos,ADJ,gewordenen | werdenden
werden,Acc,Sing,Fem,Pos,ADJ,gewordene | werdende
werden,Dat,Plur,Neut,Pos,ADJ,gewordenen | werdenden
werden,Dat,Sing,Masc,Pos,ADJ,gewordenen | werdenden
wertvoll,Acc,Plur,Fem,Pos,ADJ,wertvolle | wertvollen
wesentlich,Acc,Sing,Neut,Pos,ADJ,wesentliche | wesentliches
wesentlich,Acc,Sing,Fem,Pos,ADJ,wesentliche | wesentlichen
wesentlich,Acc,Plur,Masc,Pos,ADJ,wesentliche | wesentlichen
wesentlich,Acc,Plur,Fem,Pos,ADJ,wesentliche | wesentlichen
westfälisch,Dat,Sing,Fem,Pos,ADJ,rheinisch-westfälischen | westfälischen
westfälisch,Acc,Plur,Masc,Pos,ADJ,nordrhein-westfälische | nordrhein-westfälischen
westlich,Dat,Sing,Fem,Pos,ADJ,westlichen | westlicher
westlich,Acc,Sing,Neut,Pos,ADJ,westliche | westliches
westlich,Acc,Plur,Masc,Pos,ADJ,westliche | westlichen
wichtig,Acc,Plur,Fem,Pos,ADJ,wichtige | wichtigen
wichtig,Acc,Plur,Masc,Pos,ADJ,wichtige | wichtigen
wichtig,Acc,Plur,Neut,Pos,ADJ,wichtige | wichtigen
wichtig,Acc,Plur,,Pos,ADJ,wichtige | wichtigen
wichtig,Dat,Sing,Masc,Pos,ADJ,wichtigem | wichtigen
wichtig,Dat,Sing,Fem,Pos,ADJ,wichtige | wichtigen
wichtig,Acc,Sing,Neut,Pos,ADJ,wichtige | wichtiges
willkürlich,Acc,Plur,Fem,Pos,ADJ,willkürliche | willkürlichen
wirklich,Acc,Sing,Neut,Pos,ADJ,wirkliche | wirkliches
wirklich,Acc,Plur,Masc,Pos,ADJ,wirkliche | wirklichen
wirtschaftlich,Dat,Sing,Fem,Pos,ADJ,wirtschaftlichen | wirtschaftlicher
wirtschaftlich,Acc,Plur,Fem,Pos,ADJ,wirtschaftliche | wirtschaftlichen
wirtschaftlich,Acc,Sing,Fem,Pos,ADJ,technisch-wirtschaftliche | wirtschaftliche
wirtschaftlich,Dat,Sing,Masc,Pos,ADJ,wirtschaftlichem | wirtschaftlichen
wirtschaftlich,Acc,Sing,Neut,Pos,ADJ,wirtschaftliche | wirtschaftliches
wirtschaftlich,Dat,Sing,Neut,Pos,ADJ,wirtschaftlichem | wirtschaftlichen
wirtschaftlich,Acc,Plur,Neut,Pos,ADJ,wirtschaftliche | wirtschaftlichen
wirtschaftlich,Acc,Plur,Masc,Pos,ADJ,wirtschaftliche | wirtschaftlichen
wissenschaftlich,Acc,Plur,Fem,Pos,ADJ,technisch-wissenschaftliche | wissenschaftliche | wissenschaftlichen
wissenschaftlich,Dat,Sing,Fem,Pos,ADJ,wissenschaftlichen | wissenschaftlicher
wissenschaftlich,Acc,Plur,Masc,Pos,ADJ,technisch-wissenschaftliche | wissenschaftliche | wissenschaftlichen
wissenschaftlich,Acc,Sing,Neut,Pos,ADJ,wissenschaftliche | wissenschaftliches
wohnen,Acc,Sing,Neut,Pos,ADJ,gewohnte | gewohntes
wählbar,Dat,Sing,Fem,Pos,ADJ,wählbaren | wählbarer
wählen,Dat,Sing,Fem,Pos,ADJ,gewählten | gewählter
wählen,Acc,Plur,Masc,Pos,ADJ,gewählte | gewählten
wählen,Acc,Plur,Fem,Pos,ADJ,gewählte | gewählten
wünschen,Dat,Sing,Fem,Pos,ADJ,gewünschten | gewünschter
württembergisch,Dat,Plur,Fem,Pos,ADJ,baden-württembergischen | württembergische
württembergisch,Dat,Sing,Fem,Pos,ADJ,baden-württembergischen | württembergischen
zahlreich,Acc,Plur,Masc,Pos,ADJ,zahlreiche | zahlreichen
zahlreich,Acc,Plur,Neut,Pos,ADJ,zahlreiche | zahlreichen
zahlreich,Acc,Plur,Fem,Pos,ADJ,zahlreiche | zahlreichen
zahlreich,Acc,Plur,,Pos,ADJ,zahlreiche | zahlreichen
zehnjährig,Acc,Sing,Neut,Pos,ADJ,zehnjährige | zehnjähriges
zeitgemäß,Dat,Sing,Fem,Pos,ADJ,zeitgemäße | zeitgemäßen | zeitgemäßer
zeitgenössisch,Dat,Sing,Fem,Pos,ADJ,zeitgenössischen | zeitgenössischer
zentral,Dat,Sing,Fem,Pos,ADJ,zentralen | zentraler
zentral,Acc,Plur,Masc,Pos,ADJ,zentrale | zentralen
zentral,Acc,Sing,Neut,Pos,ADJ,zentrale | zentrales
zentral,Acc,Plur,Fem,Pos,ADJ,zentrale | zentralen
zentral,Dat,Sing,Neut,Pos,ADJ,zentrale | zentralen
zielen,Dat,Sing,Fem,Pos,ADJ,gezielten | gezielter
zivil,Acc,Sing,Masc,Pos,ADJ,zivile | zivilen
zufällig,Dat,Sing,Fem,Pos,ADJ,zufälligen | zufälliger
zugehörig,Acc,Plur,Masc,Pos,ADJ,zugehörige | zugehörigen
zugehörig,Dat,Sing,Fem,Pos,ADJ,zugehörigen | zugehöriger
zugehörig,Acc,Plur,Fem,Pos,ADJ,zugehörige | zugehörigen
zugänglich,Dat,Sing,Fem,Pos,ADJ,zugänglichen | zugänglicher
zugänglich,Acc,Plur,Neut,Pos,ADJ,zugängliche | zugänglichen
zukünftig,Dat,Sing,Neut,Pos,ADJ,zukünftigem | zukünftigen
zukünftig,Acc,Plur,Masc,Pos,ADJ,zukünftige | zukünftigen
zukünftig,Acc,Plur,Fem,Pos,ADJ,zukünftige | zukünftigen
zukünftig,Acc,Plur,Neut,Pos,ADJ,zukünftige | zukünftigen
zukünftig,Acc,Sing,Neut,Pos,ADJ,zukünftige | zukünftiges
zukünftig,Acc,Plur,,Pos,ADJ,zukünftige | zukünftigen
zulassen,Dat,Plur,Neut,Pos,ADJ,zugelassene | zugelassenen
zumutbar,Acc,Plur,Fem,Pos,ADJ,zumutbare | zumutbaren
zunehmen,Dat,Sing,Masc,Pos,ADJ,zunehmendem | zunehmenden
zunehmen,Dat,Sing,Fem,Pos,ADJ,zunehmenden | zunehmender
zunehmen,Acc,Plur,Fem,Pos,ADJ,zunehmende | zunehmenden
zurückgehen,Acc,Plur,Masc,Pos,ADJ,zurückgegangene | zurückgehende
zurückgehen,Dat,Plur,Masc,Pos,ADJ,zurückgegangenen | zurückgehenden
zusammenhängen,Acc,Plur,Masc,Pos,ADJ,zusammenhängende | zusammenhängenden
zuschneiden,Acc,Sing,Neut,Pos,ADJ,zugeschnittene | zugeschnittenes
zuspitzen,Acc,Sing,Fem,Pos,ADJ,zugespitzte | zuspitzende
zuständig,Acc,Plur,Neut,Pos,ADJ,zuständige | zuständigen
zusätzlich,Dat,Sing,Fem,Pos,ADJ,zusätzlichen | zusätzlicher
zusätzlich,Acc,Plur,Neut,Pos,ADJ,zusätzliche | zusätzlichen
zusätzlich,Acc,Plur,Masc,Pos,ADJ,zusätzliche | zusätzlichen
zusätzlich,Acc,Sing,Neut,Pos,ADJ,zusätzliche | zusätzliches
zusätzlich,Acc,Plur,Fem,Pos,ADJ,zusätzliche | zusätzlichen
zusätzlich,Dat,Sing,Neut,Pos,ADJ,zusätzlichem | zusätzlichen
zusätzlich,Dat,Sing,Masc,Pos,ADJ,zusätzlichem | zusätzlichen
zwanzigfach,Dat,Sing,Fem,Pos,ADJ,zwanzigfachen | zwanzigfacher
zweifach,Dat,Sing,Fem,Pos,ADJ,zweifachen | zweifacher
zweifelhaft,Dat,Sing,Masc,Pos,ADJ,zweifelhaftem | zweifelhaften
zweijährig,Dat,Sing,Fem,Pos,ADJ,zweijährigen | zweijähriger
zweistellig,Dat,Sing,Fem,Pos,ADJ,zweistelligen | zweistelliger
zweistündig,Dat,Sing,Fem,Pos,ADJ,zweistündigen | zweistündiger
zweit,Acc,Sing,Neut,Pos,ADJ,zweite | zweites
zweit,Dat,Sing,Masc,Pos,ADJ,zweitem | zweiten
zweit,Dat,Sing,Neut,Pos,ADJ,zweitem | zweiten
zweit,Dat,Sing,Fem,Pos,ADJ,zweiten | zweiter
zögerlich,Dat,Sing,Masc,Pos,ADJ,zögerlichem | zögerlichen
Übernahmekandidat,Dat,Sing,Masc,,NOUN,Übernahmekandidat | Übernahmekandidaten
Überschuß,Acc,Sing,Masc,,NOUN,Überschuss | Überschuß
Übersetzung,Dat,,,,NOUN,Übersetzung | Übersetzungen
Übrig,Dat,Sing,,,NOUN,Übrigen | übrigen
ähnlich,Acc,Plur,Fem,Pos,ADJ,ähnliche | ähnlichen
ähnlich,Dat,Sing,Fem,Pos,ADJ,cd-ähnlicher | ebay-ähnlichen | ethernet-ähnlichen | vhs-ähnlicher | ähnlichem | ähnlichen | ähnlicher
ähnlich,Acc,Sing,Neut,Pos,ADJ,echelon-ähnliches | msdos-ähnliche | ähnliches
ähnlich,Acc,Sing,Fem,Pos,ADJ,dvd-ähnliche | napster-ähnliche | ähnliche
ähnlich,Acc,Sing,Masc,Pos,ADJ,pentium-iii-ähnlichen | videotext-ähnlichen | ähnlichen
ähnlich,Dat,Sing,Neut,Pos,ADJ,amiga-ähnlichen | imac-ähnlichen | ähnlichem | ähnlichen
ähnlich,Dat,Sing,Masc,Pos,ADJ,ähnlichem | ähnlichen
ähnlich,Dat,Plur,Neut,Pos,ADJ,sram-ähnlichen | ähnlichen
ähnlich,Dat,Plur,Fem,Pos,ADJ,videorecorder-ähnlichen | ähnlichen
ähnlich,Dat,Sing,,Pos,ADJ,wap-ähnlichem | ähnlichem
ändern,Acc,Plur,Fem,Pos,ADJ,geänderten | ändernden
ändern,Acc,Plur,Masc,Pos,ADJ,geänderte | geänderten
ändern,Dat,Sing,Fem,Pos,ADJ,geänderten | geänderter
äußer,Dat,Sing,Masc,Sup,ADJ,äußerstem | äußersten
äußere,Acc,Plur,Fem,Pos,ADJ,äußere | äußeren
öffentlich,Dat,Plur,Neut,Pos,ADJ,öffentlich | öffentlichen
öffentlich,Dat,Sing,Fem,Pos,ADJ,nicht-öffentlichen | öffentliche | öffentlichen | öffentlicher
öffentlich,Acc,Plur,Fem,Pos,ADJ,öffentliche | öffentlichen
öffentlich,Acc,Plur,Masc,Pos,ADJ,öffentliche | öffentlichen
öffentlich,Dat,Sing,Masc,Pos,ADJ,nicht-öffentlichen | öffentlichem | öffentlichen
öffentlich,Acc,Sing,Neut,Pos,ADJ,öffentliche | öffentliches
öffentlich,Acc,Plur,Neut,Pos,ADJ,öffentliche | öffentlichen
öffentlich,Dat,Sing,Neut,Pos,ADJ,öffentlichem | öffentlichen
öffnen,Dat,Sing,Masc,Pos,ADJ,geöffneten | öffnendem
ökologisch,Acc,Sing,Neut,Pos,ADJ,ökologische | ökologisches
ökologisch,Dat,Sing,Fem,Pos,ADJ,ökologischen | ökologischer
ökonomisch,Dat,Sing,Masc,Pos,ADJ,ökonomischem | ökonomischen
ökonomisch,Dat,Sing,Fem,Pos,ADJ,ökonomischen | ökonomischer
ökonomisch,Acc,Plur,Neut,Pos,ADJ,ökonomische | ökonomischen
ökonomisch,Acc,Sing,Neut,Pos,ADJ,ökonomische | ökonomisches
ökonomisch,Acc,Plur,Masc,Pos,ADJ,netz-ökonomische | ökonomische
örtlich,Acc,Sing,Neut,Pos,ADJ,örtliche | örtliches
örtlich,Dat,Sing,Neut,Pos,ADJ,örtlichem | örtlichen
österreichisch,Dat,Sing,Neut,Pos,ADJ,österreichischem | österreichischen
österreichisch,Dat,Sing,Fem,Pos,ADJ,österreichischen | österreichischer
österreichisch,Acc,Sing,Fem,Pos,ADJ,österreichisch | österreichische
österreichisch,Acc,Plur,Fem,Pos,ADJ,österreichische | österreichischen
überarbeiten,Dat,Sing,Fem,Pos,ADJ,überarbeitete | überarbeiteten | überarbeiteter
überarbeiten,Acc,Sing,Neut,Pos,ADJ,überarbeitete | überarbeitetes
übereinstimmen,Dat,Sing,Fem,Pos,ADJ,übereinstimmenden | übereinstimmender
übergreifen,Acc,Sing,Neut,Pos,ADJ,anbieter-übergreifendes | label-übergreifendes | übergreifendes
überhöhen,Acc,Plur,Masc,Pos,ADJ,überhöhte | überhöhten
überhöhen,Acc,Plur,Fem,Pos,ADJ,überhöhte | überhöhten
übermäßig,Dat,Sing,Fem,Pos,ADJ,übermäßigen | übermäßiger
übernehmen,Acc,Plur,Masc,Pos,ADJ,übernommene | übernommenen
überraschen,Dat,Sing,Fem,Pos,ADJ,überraschenden | überraschender
überregional,Acc,Sing,Neut,Pos,ADJ,überregionale | überregionales
übertragen,Acc,Plur,Neut,Pos,ADJ,übertragenden | übertragenen
übertragen,Dat,Sing,Fem,Pos,ADJ,übertragenen | übertragener
übertragen,Dat,Sing,Neut,Pos,ADJ,übertragenden | übertragenem | übertragenen
übertragen,Acc,Plur,Fem,Pos,ADJ,übertragene | übertragenen
übertreiben,Dat,Sing,Masc,Pos,ADJ,übertriebenem | übertriebenen
überwachen,Acc,Plur,Masc,Pos,ADJ,überwachenden | überwachte
überwältigen,Dat,Sing,Fem,Pos,ADJ,überwältigenden | überwältigender
überzeugen,Acc,Plur,Masc,Pos,ADJ,überzeugte | überzeugten
überziehen,Dat,Sing,Fem,Pos,ADJ,überzogenen | überzogener
überziehen,Acc,Plur,Fem,Pos,ADJ,überzogene | überzogenen
üblich,Dat,Plur,Fem,Pos,ADJ,organizer-üblichen | üblichen
üblich,Acc,Plur,Masc,Pos,ADJ,übliche | üblichen
üblich,Acc,Sing,Neut,Pos,ADJ,übliche | übliches
üblich,Dat,Plur,Masc,Pos,ADJ,pocket-pc-üblichen | üblichen
üblich,Dat,Sing,Fem,Pos,ADJ,notebook-üblichen | üblichen | üblicher
üblich,Acc,Plur,Fem,Pos,ADJ,pc-üblichen | übliche | üblichen
üblich,Acc,Sing,Masc,Pos,ADJ,gsm-üblichen | üblichen
üblich,Acc,Sing,Fem,Pos,ADJ,gsm-übliche | internet-übliche | übliche
üblich,Dat,Sing,Neut,Pos,ADJ,üblichem | üblichen
