Lemma,Case,Number,Gender,Degree,Upos,Inflection,Forms
Abschluß,Dat,Sing,Masc,,NOUN,,Abschluss:122 | Abschluß:38
Abschluß,Acc,Sing,Masc,,NOUN,,Abschluss:38 | Abschluß:10
Abschuß,Acc,Sing,Masc,,NOUN,,Abschuss:1 | Abschuß:1
Absender,Dat,Plur,Masc,,NOUN,,Absendern:4 | Absender:1
Absicht,Acc,,,,NOUN,,Absicht:3 | Absichten:1
Absicht,Dat,,,,NOUN,,Absicht:1 | Absichten:1
Abspielgerät,Dat,Sing,Neut,,NOUN,,Abspielgerät:2 | Abspielgeräte:1
Acker,Acc,Plur,Masc,,NOUN,,Äcker:2 | Acker:1
Aktienanteil,Dat,Sing,Masc,,NOUN,,Aktienanteil:2 | Aktienanteile:1
Aktienkurs,Dat,Sing,Masc,,NOUN,,Aktienkurs:10 | Aktienkurse:2
Aktienkurs,Dat,Plur,Masc,,NOUN,,Aktienkurse:1 | Aktienkursen:1
Aktion,Dat,Sing,Fem,,NOUN,,Aktion:84 | Aktien-Transaktion:1
Aktionär,Dat,Plur,Masc,,NOUN,,Aktionären:63 | Aktionäre:1
Aktivist,Acc,Sing,Masc,,NOUN,,Aktivist:1 | Aktivisten:1
Album,Dat,Sing,Neut,,NOUN,,Album:17 | Alben:2
All,Dat,Sing,Neut,,NOUN,,All:20 | Alle:5
Allee,Dat,Sing,Fem,,NOUN,,Allee:1 | Alleen:1
Alterungsprozeß,Acc,Sing,Masc,,NOUN,,Alterungsprozess:1 | Alterungsprozeß:1
Ander,Dat,Sing,,,NOUN,,Anderen:2 | Anderem:1
Angebot,Dat,Sing,Neut,,NOUN,,Angebot:240 | Angebote:1
Angebot,Dat,Plur,Neut,,NOUN,,Angeboten:111 | Angebote:1
Angehörig,Acc,Plur,,,NOUN,,Angehörige:2 | Angehörigen:1
Angeklagter,Acc,Plur,,,NOUN,,Angeklagten:2 | Angeklagte:1
Angestellt,Acc,Plur,,,NOUN,,Angestellten:13 | Angestellte:7
Angestellte,Acc,Plur,,,NOUN,,Angestellte:1 | Angestellten:1
Angriff,Dat,Sing,Masc,,NOUN,,Angriff:31 | Angriffe:2
Angriffsziel,Dat,Sing,Neut,,NOUN,,Angriffsziel:1 | Angriffsziele:1
Anlage,Acc,,,,NOUN,,Anlage:3 | Anlagen:1
Anlaß,Dat,Sing,Masc,,NOUN,,Anlass:42 | Anlaß:3
Anlaß,Acc,Sing,Masc,,NOUN,,Anlass:12 | Anlaß:3
Anruf,Dat,Sing,Masc,,NOUN,,Anruf:12 | Anrufe:1
Anrufbeantworter,Dat,Plur,Masc,,NOUN,,Anrufbeantwortern:2 | Anrufbeantworter:1
Anschluß,Dat,Sing,Masc,,NOUN,,Anschluss:77 | Anschluß:24
Anschluß,Acc,Sing,Masc,,NOUN,,Anschluss:80 | Anschluß:23
Ansicht,Dat,,,,NOUN,,Ansicht:1 | Ansichten:1
Anspruch,Acc,,,,NOUN,,Anspruch:3 | Ansprüche:1
Anteil,Dat,Sing,Masc,,NOUN,,Anteil:75 | Anteile:2
Anti-Trust-Prozeß,Dat,Sing,Masc,,NOUN,,Anti-Trust-Prozess:2 | Anti-Trust-Prozeß:2
Antitrust-Prozeß,Dat,Sing,Masc,,NOUN,,Antitrust-Prozess:10 | Antitrust-Prozeß:4
Architekt,Dat,Sing,Masc,,NOUN,,Architekten:7 | Architekt:1
Archiv,Dat,Sing,Neut,,PROPN,,Archiv:2 | Archive:1
Archiv,Dat,Sing,Neut,,NOUN,,Archiv:5 | Archive:1
Argument,Dat,Sing,Neut,,NOUN,,Argument:16 | Argumente:1
Art,Acc,,,,NOUN,,Art:5 | Arten:1
Art,Dat,,,,NOUN,,Art:6 | Arten:1
Artikel,Dat,Plur,Masc,,NOUN,,Artikeln:28 | Artikel:1
Artikel,Acc,Sing,Masc,,NOUN,,Artikel:74 | Art.:1
Atemzug,Dat,Sing,Masc,,NOUN,,Atemzug:10 | Atemzuge:1
Aufschluß,Acc,Sing,Masc,,NOUN,,Aufschluß:2 | Aufschluss:1
Auftrag,Dat,Sing,Masc,,NOUN,,Auftrag:187 | Auftrage:4
Auge,Dat,,,,NOUN,,Auge:2 | Augen:2
Auge,Acc,,,,NOUN,,Augen:3 | Auge:2
Auskunft,Dat,Plur,Fem,,NOUN,,Auskünften:7 | Auskünfte:1
Auslandsgeschäft,Dat,Sing,Neut,,NOUN,,Auslandsgeschäft:1 | Auslandsgeschäfte:1
Auslandsgespräch,Dat,Plur,Neut,,NOUN,,Auslandsgesprächen:9 | Auslandsgespräche:1
Auslandsgespräch,Dat,Sing,Neut,,NOUN,,Auslandsgespräch:1 | Auslandsgespräche:1
Ausmaß,Acc,Plur,Neut,,NOUN,,Ausmaße:6 | Ausmasse:1
Ausschluß,Dat,Sing,Masc,,NOUN,,Ausschluss:14 | Ausschluß:1
Ausschluß,Acc,Sing,Masc,,NOUN,,Ausschluss:11 | Ausschluß:3
Ausschuß,Dat,Sing,Masc,,NOUN,,Ausschuss:23 | Ausschuß:6
Ausschuß,Acc,Sing,Masc,,NOUN,,Ausschuss:5 | Ausschuß:3
Autor,Dat,Sing,Masc,,NOUN,,Autor:9 | Autoren:1
Bad,Dat,Sing,Neut,,NOUN,,Bade:3 | Bad:2
Band,Dat,Plur,Fem,,NOUN,,Bands:9 | Bänden:1
Band,Dat,Sing,,,NOUN,,Band:22 | Bande:1
Bank,Dat,Plur,Fem,,NOUN,,Banken:95 | Bänken:3
Bank,Acc,Plur,Fem,,NOUN,,Banken:25 | Bänke:1
Bankgeschäft,Dat,Sing,Neut,,NOUN,,Bankgeschäft:1 | Bankgeschäfte:1
Bar,Acc,Sing,Fem,,NOUN,,Bar:1 | Bars:1
Baustein,Dat,Plur,Masc,,NOUN,,Bausteinen:17 | Bausteine:1
Baustein,Dat,Sing,Masc,,NOUN,,Baustein:6 | Bausteine:1
Beamt,Acc,Plur,,,NOUN,,Beamten:3 | Beamte:2
Bedeutung,Acc,,,,NOUN,,Bedeutung:1 | Bedeutungen:1
Bedürfnis,Acc,,,,NOUN,,Bedürfnis:1 | Bedürfnisse:1
Befehl,Dat,Sing,Masc,,NOUN,,Befehl:4 | Befehle:1
Begriff,Dat,Plur,Masc,,NOUN,,Begriffen:22 | Begriffs:1
Begriff,Acc,,,,NOUN,,Begriff:4 | Begriffe:1
Beispiel,Dat,Sing,Neut,,NOUN,,Beispiel:542 | Beispiele:6 | B.:4
Beispiel,Dat,Plur,Neut,,NOUN,,Beispielen:6 | Beispiele:1
Beleg,Dat,Sing,Masc,,NOUN,,Beleg:3 | Belegen:1
Benutzer,Dat,Plur,Masc,,NOUN,,Benutzern:64 | Benutzer:1
Berg,Acc,Plur,Masc,,NOUN,,Berge:3 | Bergen:1
Berg,Dat,Sing,Masc,,NOUN,,Berg:14 | Berge:1
Bericht,Dat,Sing,Masc,,NOUN,,Bericht:564 | Berichte:2
Bericht,Dat,Plur,Masc,,NOUN,,Berichten:164 | Berichte:1
Beruf,Dat,Sing,Masc,,NOUN,,Beruf:14 | Berufe:1
Beschluß,Acc,Sing,Masc,,NOUN,,Beschluss:33 | Beschluß:10 | Beschlagnahmebeschluß:1
Beschluß,Dat,Sing,Masc,,NOUN,,Beschluss:38 | Beschluß:9
Beschuß,Dat,Sing,Masc,,NOUN,,Beschuss:19 | Beschuß:4
Beschuß,Acc,Sing,Masc,,NOUN,,Beschuss:14 | Beschuß:1
Beschäftigt,Acc,Plur,,,NOUN,,Beschäftigten:16 | Beschäftigte:6
Beschäftigter,Acc,Plur,,,NOUN,,Beschäftigten:3 | Beschäftigte:2
Besucher,Dat,Plur,Masc,,NOUN,,Besuchern:88 | Besucher:3
Betrieb,Dat,Sing,Masc,,NOUN,,Betrieb:138 | Betriebe:1
Betriebssystem,Dat,Sing,Neut,,NOUN,,Betriebssystem:125 | Betriebssysteme:6
Betroffen,Dat,Plur,,,NOUN,,Betroffenen:12 | Betroffen:1
Betroffen,Acc,Plur,,,NOUN,,Betroffenen:7 | Betroffene:3
Beweis,Dat,Sing,Masc,,NOUN,,Beweis:8 | Beweise:2
Bild,Dat,Sing,Neut,,NOUN,,Bild:55 | Bilde:3
Bildung,Acc,,,,NOUN,,Bildung:4 | Bildungen:1
Bischof,Dat,Plur,Masc,,NOUN,,Bischofs:1 | Bischöfen:1
Bit,Dat,Plur,Neut,,NOUN,,Bit:60 | Bits:14
Bit,Acc,Plur,Neut,,NOUN,,Bit:12 | Bits:6
Blick,Acc,,,,NOUN,,Blicke:2 | Blick:1
Block,Acc,Plur,Masc,,NOUN,,Blöcke:6 | Blocks:1
Blut,Dat,Sing,Neut,,NOUN,,Blut:11 | Blute:1
Brand,Dat,Sing,Masc,,PROPN,,Brand:1 | Brandes:1 | Brands:1
Browser,Dat,Plur,Masc,,NOUN,,Browsern:19 | Browser:3
Brötchen,Acc,Plur,Neut,,NOUN,,Brötchen:2 | Bröchten:1
Buch,Dat,Sing,Neut,,NOUN,,Buch:52 | Buche:49
Buch,Acc,,,,NOUN,,Buch:7 | Bücher:2
Bund,Dat,Sing,Masc,,NOUN,,Bund:53 | Bunde:11
Bundesland,Dat,Plur,Neut,,NOUN,,Bundesländern:50 | Bundesländer:2
Byte,Dat,Plur,Neut,,NOUN,,Byte:9 | Bytes:5
Byte,Acc,Plur,Neut,,NOUN,,Bytes:3 | Byte:1
Börsenschluss,Dat,Sing,Masc,,NOUN,,Börsenschluss:68 | Börsenschluß:9
Büro,Acc,Sing,Neut,,NOUN,,Büro:28 | Bürgerbüro:1
Büro,Dat,Plur,Neut,,NOUN,,Büros:21 | Bürgerbüros:1
CD,Dat,Plur,Fem,,NOUN,,CDs:66 | CD:1
CD-Laufwerk,Dat,Sing,Neut,,NOUN,,CD-Laufwerk:1 | CD-Laufwerke:1
CD-ROM-Laufwerk,Dat,Sing,Neut,,NOUN,,CD-ROM-Laufwerk:8 | CD-ROM-Laufwerke:1
Caesar,Dat,Sing,Masc,,PROPN,,Caesar:3 | Caesars:1
Cent,Dat,Plur,Masc,,NOUN,,Cents:110 | Cent:91
Cent,Acc,Plur,Masc,,NOUN,,Cent:24 | Cents:24
Christus,Dat,Sing,Masc,,PROPN,,Christus:2 | Chr:1
Code,Acc,Sing,Masc,,NOUN,,Code:56 | Codes:1
Code,Dat,Sing,Masc,,NOUN,,Code:32 | Computercode:1
Computer,Dat,Plur,Masc,,NOUN,,Computern:232 | Computer:3
Computernetz,Dat,Sing,Neut,,NOUN,,Computernetz:5 | Computernetze:2
Computerproblem,Dat,Sing,Neut,,NOUN,,Computerproblem:1 | Computerprobleme:1
Computerspiel,Dat,Sing,Neut,,NOUN,,Computerspiel:10 | Computerspiele:2
Computersystem,Dat,Sing,Neut,,NOUN,,Computersystem:6 | Computersysteme:5
Computersystem,Dat,Plur,Neut,,NOUN,,Computersystemen:29 | Computersysteme:1
Container,Dat,Plur,Masc,,NOUN,,Container:1 | Containern:1
Copyright-Inhaber,Dat,Plur,Masc,,NOUN,,Copyright-Inhabern:5 | Copyright-Inhaber:1
DSL-Anschluß,Acc,Sing,Masc,,NOUN,,DSL-Anschluss:14 | DSL-Anschluß:1
DSL-Preis,Dat,Plur,Masc,,NOUN,,DSL-Preise:1 | DSL-Preisen:1
DVD-Laufwerk,Dat,Sing,Neut,,NOUN,,DVD-Laufwerk:14 | DVD-Laufwerke:1
Dank,Dat,Sing,Masc,,NOUN,,Danke:2 | Dank:1
Dateisystem,Dat,Sing,Neut,,NOUN,,Dateisystem:4 | Dateisysteme:1
Datennetz,Dat,Sing,Neut,,NOUN,,Datennetz:21 | Datennetze:1
Datenpaket,Dat,Plur,Neut,,NOUN,,Datenpaketen:2 | Datenpakete:1
Datum,Dat,Sing,Neut,,NOUN,,Datum:23 | Dateidatum:2
Designer,Dat,Plur,Masc,,NOUN,,Designern:6 | Designer:1
Deutsch,Dat,Sing,Neut,,NOUN,,Deutsch:36 | Deutschen:1
Deutsch,Dat,Sing,Fem,,NOUN,,Deutscher:4 | Deutschen:1
Deutsch,Acc,Plur,,,NOUN,,Deutschen:8 | Deutsche:1
Deutsch,Acc,Sing,Neut,,NOUN,,Deutsche:5 | Deutsch:2
Dichtart,Dat,,,,NOUN,,Dichtart:1 | Dichtarten:1
Dichter,Dat,,,,NOUN,,Dichtern:4 | Dichter:1
Dienst,Dat,Sing,Masc,,NOUN,,Dienst:61 | Dienste:4
Dienst,Dat,Plur,Masc,,NOUN,,Diensten:64 | Dienste:3
Dienstleister,Dat,Plur,Masc,,NOUN,,Dienstleistern:12 | Dienstleister:1
Ding,Dat,Plur,Neut,,NOUN,,Dingen:28 | Dingern:1
Disc,Dat,Sing,Fem,,NOUN,,CD-RW:4 | CD-R:2 | Disc:1
Disziplin,Acc,Sing,Fem,,NOUN,,Disziplin:2 | Disziplinen:1
Doktor,Dat,Sing,Masc,,NOUN,,Dr.:10 | Doktor:3
Dollar,Acc,Plur,Masc,,NOUN,,Dollar:388 | Dollars:1
Dollar,Dat,Plur,Masc,,NOUN,,Dollar:540 | Dollars:2
Dom,Dat,Sing,Masc,,NOUN,,Dom:4 | Dome:3
Download-Angebot,Dat,Sing,Neut,,NOUN,,Download-Angebot:2 | Download-Angebote:1
Drittel,Dat,Plur,Neut,,NOUN,,Dritteln:9 | Drittel:2
Druck,Dat,Plur,Fem,,NOUN,,Drucken:1 | Drücken:1
Dunkel,Dat,Sing,Neut,,NOUN,,Dunkeln:20 | Dunkel:1
Durchsuchungsbeschluß,Acc,Sing,Masc,,NOUN,,Durchsuchungsbeschluss:1 | Durchsuchungsbeschluß:1
Dutzend,Dat,Plur,Neut,,NOUN,,Dutzenden:6 | Dutzend:3
EU-Land,Dat,Plur,Neut,,NOUN,,EU-Ländern:23 | EU-Länder:1
EU-Wettbewerbshüter,Dat,Plur,Masc,,NOUN,,EU-Wettbewerbshütern:4 | EU-Wettbewerbshüter:1
Effekt,Dat,Plur,Masc,,NOUN,,Effekten:12 | Effekte:1
Eigenheit,Acc,,,,NOUN,,Eigenheit:1 | Eigenheiten:1
Einfluß,Acc,Sing,Masc,,NOUN,,Einfluss:55 | Einfluß:12
Einfluß,Dat,Sing,Masc,,NOUN,,Einfluss:13 | Einfluß:6
Einwohner,Dat,Plur,Masc,,NOUN,,Einwohnern:55 | Einwohner:5
Einzelpreis,Dat,Sing,Masc,,NOUN,,Einzelpreis:2 | Einzelpreise:1
Elegie,Dat,,,,NOUN,,Elegie:1 | Elegien:1
Endgerät,Dat,Sing,Neut,,NOUN,,Endgerät:8 | Endgeräte:1
Energiekonzern,Dat,Plur,Masc,,NOUN,,Energiekonzern:1 | Energiekonzernen:1
Englisch,Dat,Sing,Neut,,NOUN,,Englisch:32 | Englischen:2
Engpaß,Acc,Plur,Masc,,NOUN,,Engpässe:8 | Engpäße:1
Ensemble,Dat,Sing,Neut,,NOUN,,Ensemble:3 | Ensembles:1
Entschluß,Dat,Sing,Masc,,NOUN,,Entschluss:6 | Entschluß:3
Erde,Dat,Sing,Fem,,NOUN,,Erde:35 | Erden:3
Erdgeschoß,Dat,Sing,Neut,,NOUN,,Erdgeschoss:2 | Erdgeschoß:1
Ereignis,Dat,Sing,Neut,,NOUN,,Ereignis:14 | Ereignisse:2
Erfolg,Dat,Sing,Masc,,NOUN,,Erfolg:155 | Erfolge:1
Erfolgsfall,Dat,Sing,Masc,,NOUN,,Erfolgsfalle:3 | Erfolgsfall:2
Erfordernis,Acc,Plur,Neut,,NOUN,,Erfordernisse:1 | Erfordernissen:1
Erkenntnis,Dat,Plur,Fem,,NOUN,,Erkenntnissen:50 | Erkenntnisse:2
Erlaß,Dat,Sing,Masc,,NOUN,,Erlass:8 | Erlaß:1
Erlaß,Acc,Sing,Masc,,NOUN,,Erlass:3 | Erlaß:2
Erlös,Dat,Sing,Masc,,NOUN,,Erlös:9 | Erlöse:1
Ersatz,Dat,Sing,Masc,,NOUN,,Ersatz:6 | Ersatze:1
Ersatzteil,Acc,Sing,Neut,,NOUN,,Ersatzteil:1 | Ersatzteile:1
Erschließung,Dat,Sing,Fem,,NOUN,,Erschließung:9 | Erschliessung:1
Erwachsene,Acc,Plur,,,NOUN,,Erwachsene:1 | Erwachsenen:1
Euro,Dat,Plur,Masc,,NOUN,,Euro:1166 | Euros:1
Ex-Monopolist,Dat,Sing,Masc,,NOUN,,Ex-Monopolisten:11 | Ex-Monopolist:2
Ex-Präsident,Acc,Sing,Masc,,NOUN,,Ex-Präsident:1 | Ex-Präsidenten:1
Exmonopolist,Dat,Sing,Masc,,NOUN,,Exmonopolisten:3 | Exmonopolist:1
Export,Acc,Plur,Masc,,NOUN,,Export:1 | Exporte:1
Fall,Dat,Sing,Masc,,NOUN,,Fall:367 | Falle:90
Fassade,Dat,Sing,Fem,,NOUN,,Fassade:3 | Fassaden:1
Fax,Dat,Sing,Neut,,NOUN,,Fax:7 | Faxe:2
Faxgerät,Dat,Sing,Neut,,NOUN,,Faxgerät:2 | Faxgeräte:1
Feld,Dat,Sing,Neut,,NOUN,,Feld:27 | Felde:5
Ferngespräch,Acc,Sing,Neut,,NOUN,,Ferngespräch:8 | Ferngespräche:1
Ferngespräch,Dat,Sing,Neut,,NOUN,,Ferngespräch:1 | Ferngespräche:1
Fernsehgerät,Dat,Sing,Neut,,NOUN,,Fernsehgerät:3 | Fernsehgeräte:2
Fertigungsprozeß,Acc,Sing,Masc,,NOUN,,Fertigungsprozess:1 | Fertigungsprozeß:1
Festnetz,Dat,Sing,Neut,,NOUN,,Festnetz:84 | Festnetze:1
Festnetzanschluß,Acc,Sing,Masc,,NOUN,,Festnetzanschluss:3 | Festnetzanschluß:2
Filtersystem,Dat,Sing,Neut,,NOUN,,Filtersystem:4 | Filtersysteme:2
Finanzbericht,Dat,Sing,Masc,,NOUN,,Finanzbericht:4 | Finanzberichte:1
Finanzdienst,Dat,Sing,Masc,,NOUN,,Finanzdienst:12 | Finanzdienste:1
FireWire-Anschluß,Dat,Sing,Masc,,NOUN,,FireWire-Anschluss:4 | FireWire-Anschluß:1
Firmennetzwerk,Dat,Sing,Neut,,NOUN,,Firmennetzwerk:2 | Firmennetzwerke:1
Flash-Baustein,Dat,Sing,Masc,,NOUN,,Flash-Bausteine:2 | Flash-Baustein:1
Flash-Memory-Baustein,Dat,Plur,Masc,,NOUN,,Flash-Memory-Bausteine:1 | Flash-Memory-Bausteinen:1
Flughafen,Dat,Plur,Masc,,NOUN,,Flughäfen:11 | Flughafen:1
Fluß,Dat,Sing,Masc,,NOUN,,Fluss:11 | Fluß:1
Form,Acc,,,,NOUN,,Form:5 | Formen:1
Format,Dat,Sing,Neut,,NOUN,,Format:42 | Formate:1
Forscher,Dat,Plur,Masc,,NOUN,,Forschern:20 | Forscher:1
Fortschritt,Dat,Sing,Masc,,NOUN,,Fortschritt:12 | Fortschritte:1
Forum,Dat,Sing,Neut,,NOUN,,Forum:52 | Forums:1
Frage,Dat,,,,NOUN,,Frage:1 | Fragen:1
Franc,Acc,Plur,Masc,,NOUN,,Franc:2 | Francs:2
Franc,Dat,Plur,Masc,,NOUN,,Franc:6 | Francs:2
Freiberufler,Dat,Plur,Masc,,NOUN,,Freiberuflern:5 | Freiberufler:1
Freude,Acc,,,,NOUN,,Freude:3 | Freuden:1
Freund,Dat,Sing,Masc,,NOUN,,Freund:9 | Freunde:2
Fuß,Dat,Sing,Masc,,NOUN,,Fuß:19 | Fuße:3
Fuß,Dat,Plur,Masc,,NOUN,,Füßen:17 | Fuß:1
Fuß,Acc,Sing,Masc,,NOUN,,Fuß:30 | Fuss:1
Fußball,Acc,Sing,Masc,,NOUN,,Fußball:2 | Fussball:1
Fußballmannschaft,Dat,Sing,Fem,,NOUN,,Fussballmannschaft:1 | Fußballmannschaft:1
Fürst,Dat,Sing,Masc,,NOUN,,Fürsten:2 | Fürst:1
Gang,Dat,Sing,Masc,,NOUN,,Gange:26 | Gang:16
Gattung,Acc,,,,NOUN,,Gattungen:4 | Gattung:1
Gebot,Dat,Sing,Neut,,NOUN,,Gebot:9 | Gebote:1
Gedicht,Dat,,,,NOUN,,Gedicht:3 | Gedichten:1
Gegenstand,Dat,,,,NOUN,,Gegenständen:4 | Gegenstande:1
Gegenstand,Acc,,,,NOUN,,Gegenstand:5 | Gegenstände:2
Gehalt,Dat,Plur,Neut,,NOUN,,Gehältern:10 | Gehälter:1
Gehäuse,Dat,Sing,Neut,,NOUN,,Gehäuse:59 | Gehäusen:1
Geist,Dat,Sing,Masc,,NOUN,,Geist:7 | Geiste:4
Geist,Dat,,,,NOUN,,Geist:8 | Geiste:4
Geld,Dat,Plur,Neut,,NOUN,,Geldern:11 | Gebührengeldern:1
Gen,Dat,Sing,Neut,,NOUN,,Gen:1 | Gene:1
Genuß,Acc,Sing,Masc,,NOUN,,Genuss:42 | Genuß:15
Genuß,Dat,Sing,Masc,,NOUN,,Genuss:2 | Genuß:2
George,Dat,Sing,Masc,,PROPN,,George:9 | Georges:2
Gerichtsbeschluss,Acc,Sing,Masc,,NOUN,,Gerichtsbeschluss:8 | Gerichtsbeschluß:3
Gerät,Dat,Plur,Neut,,NOUN,,Geräten:285 | Geräte:2
Gerät,Dat,Sing,Neut,,NOUN,,Gerät:100 | Geräte:5
Gerücht,Dat,Sing,Neut,,NOUN,,Gerücht:4 | Gerüchte:3
Geschoß,Acc,Sing,Neut,,NOUN,,Geschoss:2 | Geschoß:1
Geschäft,Dat,Sing,Neut,,NOUN,,Geschäft:221 | Geschäfte:2
Geschäftsfeld,Dat,Plur,Neut,,NOUN,,Geschäftsfeldern:10 | Geschäftsfelder:1
Geschäftsmodell,Dat,Sing,Neut,,NOUN,,Geschäftsmodell:11 | Geschäftsmodelle:1
Gesellschafter,Dat,Plur,Masc,,NOUN,,Gesellschaftern:7 | Gesellschafter:1
Gesetz,Dat,Sing,Neut,,NOUN,,Gesetz:62 | Gesetze:1
Gesetz,Dat,,,,NOUN,,Gesetzen:3 | Gesetze:1
Gesetz,Acc,,,,NOUN,,Gesetz:3 | Gesetze:2
Gesichtspunkt,Dat,,,,NOUN,,Gesichtspunkt:1 | Gesichtspunkte:1 | Gesichtspunkten:1
Gespräch,Dat,Sing,Neut,,NOUN,,Gespräch:352 | Gespräche:4
Gestalt,Acc,,,,NOUN,,Gestalt:1 | Gestalten:1
Getränk,Acc,Sing,Neut,,NOUN,,Getränk:2 | Getränke:1
Gewand,Dat,Sing,Neut,,NOUN,,Gewand:9 | Gewande:1
Gewinn,Dat,Sing,Masc,,NOUN,,Gewinn:134 | Gewinne:1
Gitarrist,Dat,Sing,Masc,,NOUN,,Gitarrist:1 | Gitarristen:1
Glied,Acc,,,,NOUN,,Glied:1 | Glieder:1
Grab,Dat,Sing,Neut,,NOUN,,Grab:7 | Grabe:5
Graf,Dat,Sing,Masc,,PROPN,,Graf:3 | Grafen:2
Graphit,Dat,Sing,Masc,,NOUN,,Graphit:2 | Graphite:1
Großraum,Dat,Sing,Masc,,NOUN,,Großraum:10 | Grossraum:1
Großteil,Dat,Sing,Masc,,NOUN,,Großteil:15 | Grossteil:1
Grund,Dat,Sing,Masc,,NOUN,,Grund:362 | Grunde:55
Grund,Dat,,,,NOUN,,Grund:1 | Grunde:1
Gruß,Dat,Plur,Masc,,NOUN,,Grüssen:1 | Grüßen:1
Gut,Dat,Plur,Neut,,NOUN,,Gütern:20 | Güter:1
Gut,Dat,Sing,Neut,,NOUN,,Gute:18 | Gut:4
Gut,Acc,Sing,Neut,,NOUN,,Gut:8 | Gute:1
Gutmensch,Dat,Sing,Masc,,NOUN,,Gutmensch:1 | Gutmenschen:1
Halbjahresabschluß,Acc,Sing,Masc,,NOUN,,Halbjahresabschluss:1 | Halbjahresabschluß:1
Hals,Dat,Sing,Masc,,NOUN,,Hals:8 | Halse:1
Hand,Dat,,,,NOUN,,Händen:4 | Hand:1
Handelsplatz,Dat,Plur,Masc,,NOUN,,Handelsplätze:1 | Handelsplätzen:1
Hang,Acc,Plur,Masc,,NOUN,,Hänge:1 | Hängen:1
Hauptkonkurrent,Dat,Sing,Masc,,NOUN,,Hauptkonkurrenten:11 | Hauptkonkurrent:1
Haus,Dat,Sing,Neut,,NOUN,,Hause:206 | Haus:97 | Handelshaus:1
Haus,Dat,,,,NOUN,,Hause:3 | Haus:1
Haushaltsausschuß,Acc,Sing,Masc,,NOUN,,Haushaltsausschuss:2 | Haushaltsausschuß:1
Haustürgeschäft,Dat,Plur,Neut,,NOUN,,Haustürgeschäften:2 | Haustürgeschäfte:1
Haß,Acc,Sing,Masc,,NOUN,,Hass:5 | Haß:1
Heim,Dat,Sing,Neut,,NOUN,,Heim:4 | Heime:1
Herr,Dat,Sing,Masc,,NOUN,,Herrn:23 | Herren:1
Herr,Acc,Sing,Masc,,NOUN,,Herrn:11 | Herren:2 | Herr:1
Hersteller,Dat,Plur,Masc,,NOUN,,Herstellern:137 | Hersteller:1
Herz,Dat,Sing,Neut,,NOUN,,Herz:5 | Herzen:2
Hintergrund,Dat,Sing,Masc,,NOUN,,Hintergrund:134 | HINTERGRUND:1
Hinweis,Dat,Sing,Masc,,NOUN,,Hinweis:76 | Hinweise:1
Hirsch,Dat,Sing,Masc,,NOUN,,Hirsch:1 | Hirschen:1
Hochschulabschluß,Acc,Sing,Masc,,NOUN,,Hochschulabschluss:1 | Hochschulabschluß:1
Hof,Dat,Sing,Masc,,NOUN,,Hof:9 | Hofe:2
Hotel,Acc,Sing,Masc,,PROPN,,Hotel:1 | HOTEL:1
Hundert,Dat,Sing,Neut,,NOUN,,Hunderte:2 | Hundert:1
Hypothese,Acc,,,,NOUN,,Hypothese:1 | Hypothesen:1
Hörgenuß,Acc,Sing,Masc,,NOUN,,Hörgenuss:1 | Hörgenuß:1
I,Dat,Sing,Masc,,PROPN,,I:2 | IS:1
IBM-Labor,Dat,Plur,Neut,,NOUN,,IBM-Laboren:1 | IBM-Labors:1
ISDN-Anschluß,Acc,Sing,Masc,,NOUN,,ISDN-Anschluss:14 | ISDN-Anschluß:1
ISDN-Anschluß,Dat,Sing,Masc,,NOUN,,ISDN-Anschluss:8 | ISDN-Anschluß:6
ISDN-Komfortanschluß,Acc,Sing,Masc,,NOUN,,ISDN-Komfortanschluss:1 | ISDN-Komfortanschluß:1
Ideal,Acc,,,,NOUN,,Ideal:5 | Ideale:2
Ideal,Dat,,,,NOUN,,Ideal:1 | Idealen:1
Idee,Acc,,,,NOUN,,Idee:4 | Ideen:1
Idee,Dat,,,,NOUN,,Idee:3 | Ideen:1
Individualität,Acc,,,,NOUN,,Individualität:4 | Individualitäten:1
Individuum,Acc,,,,NOUN,,Individuen:6 | Individuum:1
Individuum,Dat,,,,NOUN,,Individuum:2 | Individuen:1
Indiz,Acc,Sing,Neut,,NOUN,,Indiz:4 | Indizien:1
Informationsfluß,Acc,Sing,Masc,,NOUN,,Informationsfluss:3 | Informationsfluß:2
Inhalt,Dat,Sing,Masc,,NOUN,,Inhalt:58 | Inhalte:1
Inner,Dat,Sing,,,NOUN,,Inneren:19 | Innern:13
Inner,Acc,Sing,Neut,,NOUN,,Inneres:7 | Innere:4
Insider-Geschäft,Dat,Sing,Neut,,NOUN,,Insider-Geschäft:1 | Insider-Geschäfte:1
Insidergeschäft,Dat,Plur,Neut,,NOUN,,Insidergeschäften:4 | Insidergeschäfte:1
Institut,Acc,Sing,Neut,,PROPN,,Institut:3 | Institute:1
Institut,Dat,Sing,Neut,,NOUN,,Institut:65 | Institute:3
Instrument,Dat,Sing,Neut,,NOUN,,Instrument:3 | Instrumente:1
Intel-PC,Acc,Plur,Masc,,NOUN,,Intel-PCs:3 | Intel-PC:1
Intelligenzquotient,Dat,Sing,Masc,,NOUN,,Intelligenzquotient:1 | Intelligenzquotienten:1
Interessiert,Acc,Plur,,,NOUN,,Interessierte:8 | Interessierten:2
Internet-Anschluß,Acc,Sing,Masc,,NOUN,,Internet-Anschluss:27 | Internet-Anschluß:5
Internet-Anschluß,Dat,Sing,Masc,,NOUN,,Internet-Anschluss:23 | Internet-Anschluß:1
Internet-Geschäft,Dat,Sing,Neut,,NOUN,,Internet-Geschäft:8 | Internet-Geschäfte:1
Internet-Nutzer,Dat,Plur,Masc,,NOUN,,Internet-Nutzern:34 | Internet-Nutzer:1
Internet-Provider,Dat,Plur,Masc,,NOUN,,Internet-Providern:75 | Internet-Provider:1
Internetanschluß,Dat,Sing,Masc,,NOUN,,Internetanschluss:9 | Internetanschluß:1
Internetanschluß,Acc,Sing,Masc,,NOUN,,Internetanschluss:10 | Internetanschluß:2
Internetprovider,Dat,Plur,Masc,,NOUN,,Internetprovidern:6 | Internetprovider:1
Irrweg,Dat,Plur,Masc,,NOUN,,Irrwege:1 | Irrwegen:1
Italienisch,Dat,Sing,Neut,,NOUN,,Italienisch:2 | Italienischen:1
Jahr,Dat,Plur,Neut,,NOUN,,Jahren:1957 | Jahre:2
Jahr,Acc,Sing,Neut,,NOUN,,Jahr:710 | Jahre:2
Jahr,Acc,Plur,Neut,,NOUN,,Jahre:443 | Jahren:1
Jahr,Dat,Sing,Neut,,NOUN,,Jahr:3151 | Jahre:221
Jahrestag,Dat,Sing,Masc,,NOUN,,Jahrestag:9 | Jahrestage:1
Jahresüberschuß,Acc,Sing,Masc,,NOUN,,Jahresüberschuss:3 | Jahresüberschuß:1
Jahrhundert,Dat,Plur,Neut,,NOUN,,Jahrhunderten:7 | Jahrhunderts:3
Jahrhundert,Acc,Plur,Neut,,NOUN,,Jahrhunderte:2 | Jahrhunderts:1
Johann,Dat,Sing,Masc,,PROPN,,Johann:10 | Johanns:1
Jugendlich,Acc,Plur,,,NOUN,,Jugendliche:20 | Jugendlichen:8
Jugendlicher,Acc,Plur,,,NOUN,,Jugendliche:3 | Jugendlichen:1
Justizausschuß,Dat,Sing,Masc,,NOUN,,Justizausschuss:2 | Justizausschuß:2
Kabel,Dat,Plur,Neut,,NOUN,,Kabeln:10 | Kabel:1
Kabelnetz,Dat,Sing,Neut,,NOUN,,Kabelnetz:37 | Kabelnetze:3
Kabelnetzbetreiber,Dat,Plur,Masc,,NOUN,,Kabelnetzbetreibern:8 | Kabelnetzbetreiber:1
Kabinettsbeschluß,Acc,Sing,Masc,,NOUN,,Kabinettsbeschluss:1 | Kabinettsbeschluß:1
Kampf,Dat,Sing,Masc,,NOUN,,Kampf:132 | Kapf:1
Kandidat,Acc,Sing,Masc,,NOUN,,Kandidaten:19 | Kandidat:1
Karl,Dat,Sing,Masc,,PROPN,,Karl:14 | Karls:1
Kartellprozess,Dat,Sing,Masc,,NOUN,,Kartellprozess:52 | Kartellprozeß:2
Kartellrechtsprozeß,Dat,Sing,Masc,,NOUN,,Kartellrechtsprozess:2 | Kartellrechtsprozeß:1
Kaufabschluß,Dat,Sing,Masc,,NOUN,,Kaufabschluss:1 | Kaufabschluß:1
Kennwort,Dat,Sing,Neut,,NOUN,,Kennwort:5 | Kennworte:3
Kilometer,Dat,Plur,Masc,,NOUN,,Kilometern:27 | Kilometer:6
Kind,Dat,Plur,Neut,,NOUN,,Kindern:167 | Kinder:6
Kind,Dat,Sing,Neut,,NOUN,,Kind:11 | Kindes:2
Kind,Dat,,,,NOUN,,Kinde:1 | Kindern:1
Kiosk,Acc,Plur,Masc,,NOUN,,Kiosk:1 | Kioske:1
Kommentar,Dat,Sing,Masc,,NOUN,,Kommentar:17 | Kommentare:1
Kommunikationsdienst,Dat,Plur,Masc,,NOUN,,Kommunikationsdiensten:8 | Kommunikationsdienste:1
Kommunikationsnetz,Dat,Sing,Neut,,NOUN,,Kommunikationsnetz:1 | Kommunikationsnetze:1
Kompromiß,Acc,Sing,Masc,,NOUN,,Kompromiss:16 | Kompromiß:6
Kompromiß,Dat,Sing,Masc,,NOUN,,Kompromiss:2 | Kompromiß:1
Kongreß,Dat,Sing,Masc,,NOUN,,Kongress:54 | Kongreß:9
Kongreß,Acc,Sing,Masc,,NOUN,,Kongress:16 | Kongreß:5
Konkurrent,Dat,Sing,Masc,,NOUN,,Konkurrenten:106 | Konkurrent:3
Kontakt,Acc,Sing,Masc,,NOUN,,Kontakt:80 | Kontakte:1
Konto,Dat,Sing,Neut,,NOUN,,Konto:14 | KOnten:1
Konzern,Dat,Sing,Masc,,NOUN,,Konzern:132 | Konzerne:1
Konzern,Dat,Plur,Masc,,NOUN,,Konzernen:28 | Konzerne:1
Konzert,Dat,Sing,Neut,,NOUN,,Konzert:10 | Konzerte:1
Kraft,Acc,,,,NOUN,,Kraft:10 | Kräfte:1
Krankheit,Acc,,,,NOUN,,Krankheit:2 | Krankheiten:1
Kreditausschuß,Dat,Sing,Masc,,NOUN,,Kreditausschuß:3 | Kreditausschuss:1
Kreditinstitut,Dat,Plur,Neut,,NOUN,,Kreditinstituten:6 | Kreditinstitute:1
Kreis,Dat,Sing,Masc,,NOUN,,Kreis:42 | Kreise:2
Krieg,Dat,Sing,Masc,,NOUN,,Krieg:46 | Kriege:1
Kriegsfall,Dat,Sing,Masc,,NOUN,,Kriegsfall:2 | Kriegsfalle:1
Kunst,Acc,,,,NOUN,,Kunst:8 | Künste:1
Kunststoff,Dat,Sing,Masc,,NOUN,,Kunststoff:5 | Kunststoffe:1
Kunstwerk,Dat,,,,NOUN,,Kunstwerke:1 | Kunstwerken:1
Kupferprozeß,Acc,Sing,Masc,,NOUN,,Kupferprozeß:2 | Kupferprozess:1
Kurfürst,Dat,Sing,Masc,,NOUN,,Kurfürst:1 | Kurfürsten:1
Kurs,Dat,Sing,Masc,,NOUN,,Kurs:56 | Kurse:1
Künstler,Dat,Plur,Masc,,NOUN,,Künstlern:49 | Künstler:2
LAN-Party,Dat,Plur,Fem,,NOUN,,LAN-Partys:4 | LAN-Parties:1
Label,Dat,Plur,Neut,,NOUN,,Labels:35 | Labeln:2
Label,Acc,Plur,Neut,,NOUN,,Labels:9 | Label:4
Ladenschluß,Dat,Sing,Masc,,NOUN,,Ladenschluss:1 | Ladenschluß:1
Land,Acc,Plur,Neut,,NOUN,,Länder:76 | Lande:1
Land,Dat,Sing,Neut,,NOUN,,Land:191 | Lande:117
Land,Dat,Plur,Neut,,NOUN,,Ländern:524 | Länder:9 | Landen:4
Lauf,Dat,Sing,Masc,,NOUN,,Laufe:206 | Lauf:24
Laufpaß,Acc,Sing,Masc,,NOUN,,Laufpass:1 | Laufpaß:1
Laufwerk,Dat,Sing,Neut,,NOUN,,Laufwerk:9 | Laufwerke:1
Lautsprecher,Dat,Plur,Masc,,NOUN,,Lautsprechern:8 | Lautsprecher:1
Leib,Dat,Sing,Masc,,NOUN,,Leib:5 | Leibe:5
Leut,Dat,Plur,Masc,,NOUN,,Leuten:50 | Leute:1
Licht,Dat,Sing,Neut,,NOUN,,Licht:25 | Lichte:1
Lieferant,Dat,Sing,Masc,,NOUN,,Lieferanten:11 | Lieferant:1
Linux-Kongreß,Dat,Sing,Masc,,NOUN,,Linux-Kongress:1 | Linux-Kongreß:1
Live,Dat,Sing,Fem,,NOUN,,LIVE:1 | Live:1
Lunge,Dat,Sing,Fem,,NOUN,,Lunge:2 | Lungen:1
Magazin,Dat,Sing,Neut,,NOUN,,Magazin:36 | Magazine:1
Mal,Acc,Plur,Neut,,NOUN,,Male:9 | Mal:8
Mal,Dat,Sing,Neut,,NOUN,,Mal:235 | Male:8
Manier,Dat,,,,NOUN,,Manier:2 | Manieren:1
Mann,Acc,Plur,Masc,,NOUN,,Männer:21 | Mann:4 | Mannen:1
Mann,Dat,Plur,Masc,,NOUN,,Männern:33 | Mannen:3
Mann,Dat,Sing,Masc,,NOUN,,Mann:24 | Manne:2
Mann,Acc,,,,NOUN,,Mann:2 | Männer:1
Markt,Dat,Sing,Masc,,NOUN,,Markt:1002 | Markte:1
Markt,Dat,Sing,Masc,,PROPN,,Markt:3 | ProMarkt:1
Marktbeobachter,Dat,Plur,Masc,,NOUN,,Marktbeobachtern:11 | Marktbeobachter:1
Masse,Dat,Plur,Fem,,NOUN,,Massen:2 | Maßen:1
Masse,Acc,Sing,Fem,,NOUN,,Masse:12 | Maße:2
Masse,Acc,Plur,Fem,,NOUN,,Massen:6 | Maßen:1
Masse,Acc,,,,NOUN,,Masse:1 | Massen:1
Massiv,Dat,Sing,Neut,,NOUN,,Massiv:1 | Massive:1
Mathematiker,Dat,Plur,Masc,,NOUN,,Mathematikern:2 | Mathematiker:1
Maß,Dat,Sing,Neut,,NOUN,,Maße:38 | Maß:7 | Masse:3
Maß,Dat,Plur,,,NOUN,,Massen:2 | Maßen:1
Mediendienst,Dat,Sing,Masc,,NOUN,,Mediendienste:2 | Mediendienst:1
Medikament,Dat,Sing,Neut,,NOUN,,Medikament:1 | Medikamente:1
Megabyte,Dat,Plur,Neut,,NOUN,,Megabyte:6 | Megabytes:1
Megapixel,Dat,Plur,Masc,,NOUN,,Megapixeln:2 | Megapixel:1
Mensch,Acc,Sing,Masc,,NOUN,,Menschen:23 | Mensch:3
Mensch,Dat,Sing,Masc,,NOUN,,Menschen:44 | Mensch:13
Mensch,Acc,,,,NOUN,,Menschen:15 | Mensch:1
Mensch,Dat,,,,NOUN,,Menschen:6 | Mensch:1
Menschenrecht,Dat,Sing,Neut,,NOUN,,Menschenrecht:1 | Menschenrechte:1
Messeschluss,Dat,Sing,Masc,,NOUN,,Messeschluss:4 | Messeschluß:2
Meter,Dat,Plur,Masc,,NOUN,,Metern:69 | Meter:10
Microsoft-Prozeß,Dat,Sing,Masc,,NOUN,,Microsoft-Prozess:34 | Microsoft-Prozeß:5
Mikrometer,Dat,Plur,Masc,,NOUN,,Mikrometern:7 | Mikrometer:1
Milliardenverlust,Dat,Sing,Masc,,NOUN,,Milliardenverlust:1 | Milliardenverluste:1
Millimeter,Dat,Plur,Masc,,NOUN,,Millimetern:11 | Millimeter:2
Mindpixel,Dat,Plur,,,NOUN,,Mindpixel:1 | Mindpixeln:1
Ministerpräsident,Acc,Sing,Masc,,NOUN,,Ministerpräsidenten:4 | Ministerpräsident:1
Ministerpräsident,Dat,Sing,Masc,,NOUN,,Ministerpräsident:10 | Ministerpräsidenten:10
Minute,Acc,Sing,Fem,,NOUN,,Minute:23 | Minuten:1
Misserfolg,Dat,Sing,Masc,,NOUN,,Misserfolg:2 | Misserfolge:1
Mitarbeiter,Dat,Plur,Masc,,NOUN,,Mitarbeitern:309 | Mitarbeiter:3
Mitglied,Dat,Plur,Neut,,NOUN,,Mitgliedern:110 | Mitglieder:3
Mittag,Dat,Sing,Masc,,NOUN,,Mittag:16 | Mittwochmittag:1
Mißbrauch,Dat,Sing,Masc,,NOUN,,Mißbrauch:7 | Missbrauch:1
Mobilfunknetz,Dat,Sing,Neut,,NOUN,,Mobilfunknetz:15 | Mobilfunknetze:1
Mobiltelefon,Dat,Sing,Neut,,NOUN,,Mobiltelefon:32 | Mobiltelefone:10
Modell,Dat,Sing,Neut,,NOUN,,Modell:65 | Modelle:1
Modul,Dat,Sing,Neut,,NOUN,,Modul:16 | Module:1
Monat,Dat,Plur,Masc,,NOUN,,Monaten:930 | Monate:2
Monat,Dat,Sing,Masc,,NOUN,,Monat:507 | Monate:2
Motor,Dat,Sing,,,PROPN,,Motor:3 | Motors:1
Mund,Dat,Sing,Masc,,NOUN,,Mund:7 | Munde:6
Musiktitel,Dat,Plur,Neut,,NOUN,,Musiktiteln:3 | Musiktitel:1
Muster,Dat,Plur,Neut,,NOUN,,Mustern:10 | Muster:1
Musterbeispiel,Dat,Sing,Neut,,NOUN,,Musterbeispiel:1 | Musterbeispiele:1
Mut,Dat,Sing,Masc,,NOUN,,Mut:4 | Mute:1
Mutter,Dat,Plur,Fem,,NOUN,,Müttern:2 | Mutter:1
Mühe,Acc,Plur,Fem,,NOUN,,Mühen:2 | Mühe:1
Nachlaß,Dat,Sing,Masc,,NOUN,,Nachlaß:2 | Nachlass:1
Nacht,Dat,Plur,Fem,,NOUN,,Nächten:5 | Nacht:1
Nanometer,Dat,Plur,Masc,,NOUN,,Nanometern:15 | Nanometer:5
Nation,Acc,,,,NOUN,,Nationen:2 | Nation:1
Netz,Dat,Sing,Neut,,NOUN,,Netz:761 | Netze:2
Netz,Dat,Plur,Neut,,NOUN,,Netzen:103 | Netze:1
Netzwerk,Dat,Sing,Neut,,NOUN,,Netzwerk:64 | Netzwerke:1
Netzwerk,Dat,Plur,Neut,,NOUN,,Netzwerken:50 | Netzwerke:1
Netzwerkanschluß,Acc,Sing,Masc,,NOUN,,Netzwerkanschluss:3 | Netzwerkanschluß:1
Netzwerker,Dat,Plur,Masc,,NOUN,,Netzwerkern:2 | Netzwerker:1
Netzwerkspezialist,Dat,Sing,Masc,,NOUN,,Netzwerkspezialist:1 | Netzwerkspezialisten:1
Neu,Acc,Sing,Neut,,NOUN,,Neues:3 | Neue:2
Neujahrstag,Dat,Sing,Masc,,NOUN,,Neujahrstag:3 | Neujahrstage:1
Newsletter,Dat,Plur,Masc,,NOUN,,Newslettern:1 | Newsletters:1
Norden,Dat,Sing,Masc,,NOUN,,Norden:57 | Nord:2
Nummer,Dat,Sing,Fem,,NOUN,,Nummer:67 | Nr.:8
Nummer,Acc,Sing,Fem,,NOUN,,Nummer:45 | Nr.:1
Office-Paket,Dat,Sing,Neut,,NOUN,,Office-Paket:17 | Office-Pakete:2
Online-Dienst,Dat,Sing,Masc,,NOUN,,Online-Dienst:69 | Online-Dienste:6
Online-Spiel,Dat,Sing,Neut,,NOUN,,Online-Spiel:2 | Online-Spiele:1
Online-Verkauf,Dat,Plur,Masc,,NOUN,,Online-Verkäufe:1 | Online-Verkäufen:1
Organ,Dat,Sing,Neut,,NOUN,,Organ:3 | Organe:1
Organ,Acc,,,,NOUN,,Organ:1 | Organe:1
Organizer,Dat,Plur,Masc,,NOUN,,Organizern:16 | Organizer:1
Ort,Dat,Sing,Masc,,NOUN,,Ort:150 | Orte:1
PC,Dat,Plur,Masc,,NOUN,,PCs:184 | PC:52
PC,Acc,Plur,Masc,,NOUN,,PCs:116 | PC:16
Paragraf,Acc,Sing,Masc,,NOUN,,Paragraf:8 | Paragrafen:2
Paragraph,Dat,Sing,Masc,,NOUN,,Paragraph:9 | Paragraphen:1
Paragraph,Acc,Sing,Masc,,NOUN,,Paragraph:2 | Paragraphen:1
Parlamentarier,Dat,Plur,Masc,,NOUN,,Parlamentariern:3 | Parlamentarier:1
Partner,Dat,Plur,Masc,,NOUN,,Partnern:123 | Partner:2
Passwort,Dat,Plur,Neut,,NOUN,,Passwörtern:8 | Passwörter:2
Passwort,Acc,Plur,Neut,,NOUN,,Passwörter:7 | Passworte:1
Patent,Dat,Sing,Neut,,NOUN,,Patent:25 | Patente:2
Patient,Dat,Sing,Masc,,NOUN,,Patienten:8 | Patient:3
Patient,Acc,Sing,Masc,,NOUN,,Patienten:6 | Patient:2
Paß,Acc,Sing,Masc,,NOUN,,Pass:1 | Paß:1
Paßwort,Acc,Sing,Neut,,NOUN,,Paßwort:3 | Passwort:1
Pfennig,Acc,Plur,Masc,,NOUN,,Pfennig:90 | Pfennige:18
Pfennig,Dat,Plur,Masc,,NOUN,,Pfennig:136 | Pfennigen:40 | Pfennige:1
Pfennig,Dat,Sing,Masc,,NOUN,,Pfennig:6 | Pfennige:1
Philosophie,Acc,,,,NOUN,,Philosophie:16 | Philosophien:1
Pilot,Dat,Sing,Masc,,NOUN,,Pilot:2 | Piloten:2
Pinguin,Dat,Plur,Masc,,NOUN,,Pinguinen:3 | Pinguine:1
Pixel,Dat,Plur,Masc,,NOUN,,Pixeln:16 | Pixel:7
Pixel,Dat,Plur,,,NOUN,,Pixeln:31 | Pixel:18
Plan,Dat,Plur,Masc,,NOUN,,Plänen:126 | Pläne:1
Planet,Dat,Sing,Masc,,NOUN,,Planeten:10 | Planet:3
Planet,Acc,Sing,Masc,,NOUN,,Planeten:8 | Planet:2
Platz,Dat,Sing,Masc,,NOUN,,Platz:156 | Platze:2
Platzhirsch,Dat,Sing,Masc,,NOUN,,Platzhirsch:1 | Platzhirsche:1 | Platzhirschen:1
Plazierung,Acc,Sing,Fem,,NOUN,,Platzierung:6 | Plazierung:2
Pocket-PC,Dat,Plur,Masc,,NOUN,,Pocket-PC:1 | Pocket-PCs:1
Praktikum,Acc,Sing,Neut,,NOUN,,Praktikum:5 | Praktika:1
Praktikum,Acc,Plur,Neut,,NOUN,,Praktiken:10 | Praktika:2
Praktikum,Dat,Plur,Neut,,NOUN,,Praktiken:11 | Praktika:4
Preis,Dat,Sing,Masc,,NOUN,,Preis:377 | Preise:11
Preis,Dat,Plur,Masc,,NOUN,,Preisen:171 | Preis:1
Preisnachlaß,Acc,Sing,Masc,,NOUN,,Preisnachlass:9 | Preisnachlaß:1
Preisnachlaß,Dat,Plur,Masc,,NOUN,,Preisnachlässen:7 | Preisnachlässe:1
Preisvergleich,Dat,Sing,Masc,,NOUN,,Preisvergleich:1 | Preisvergleiche:1
Prinzip,Acc,,,,NOUN,,Prinzip:1 | Prinzipien:1
Privat,Acc,Plur,,,NOUN,,Privaten:2 | Private:1
Privatanschluß,Acc,Sing,Masc,,NOUN,,Privatanschluss:1 | Privatanschluß:1
Problem,Dat,Sing,Neut,,NOUN,,Problem:58 | Probleme:9
Produkt,Dat,Plur,Neut,,NOUN,,Produkten:189 | Produkte:2
Produkt,Dat,Sing,Neut,,NOUN,,Produkt:44 | Produkte:5
Produkt,Acc,,,,NOUN,,Produkt:2 | Produkte:2
Produzent,Dat,Sing,Masc,,NOUN,,Produzenten:7 | Produzent:1
Professor,Acc,Sing,Masc,,NOUN,,Professor:5 | Prof.:2
Professor,Dat,Sing,Masc,,NOUN,,Professor:14 | Prof.:8
Profi,Dat,Plur,Masc,,NOUN,,Profis:5 | Profi:1
Profil,Dat,Sing,Neut,,NOUN,,Profil:1 | Profile:1
Programm,Dat,Sing,Neut,,NOUN,,Programm:163 | Programme:4
Projekt,Dat,Plur,Neut,,NOUN,,Projekten:34 | Projekte:1
Protein,Dat,Sing,Neut,,NOUN,,Protein:2 | Proteine:1
Protokoll,Dat,Sing,Neut,,NOUN,,Protokoll:9 | Protokolle:2
Prototyp,Acc,Sing,Masc,,NOUN,,Prototypen:48 | Prototyp:21
Prototyp,Dat,Sing,Masc,,NOUN,,Prototypen:3 | Prototyp:2
Prozedere,Acc,Sing,Neut,,NOUN,,Procedere:4 | Prozedere:2
Prozent,Dat,Plur,Neut,,NOUN,,Prozent:1952 | Prozenten:1
Prozent,Dat,Sing,Neut,,NOUN,,Prozent:23 | Prozente:1
Prozeß,Acc,Sing,Masc,,NOUN,,Prozess:53 | Prozeß:14 | Produktionsprozess:1
Prozeß,Dat,Sing,Masc,,NOUN,,Prozess:99 | Prozeß:20 | Produktionsprozess:1 | Prozesse:1
Prozeß,Acc,Plur,Masc,,NOUN,,Prozesse:15 | Produktionsprozesse:1
Prozeß,Dat,Plur,Masc,,NOUN,,Prozessen:21 | Prozess:1
Präsident,Acc,Sing,Masc,,NOUN,,Präsidenten:25 | Präsident:2
Präsident,Dat,Sing,Masc,,NOUN,,Präsidenten:34 | Präsident:16
Präsidentschaftskandidat,Acc,Sing,Masc,,NOUN,,Präsidentschaftskandidaten:2 | Präsidentschaftskandidat:1
Prätension,Acc,,,,NOUN,,Prätension:1 | Prätensionen:1
Punkt,Acc,,,,NOUN,,Punkt:1 | Punkte:1
Quadratmeter,Dat,Plur,Masc,,NOUN,,Quadratmetern:21 | Quadratmeter:2
Quadratmillimeter,Dat,Plur,Masc,,NOUN,,Quadratmillimeter:1 | Quadratmillimetern:1
Quartalsabschluß,Acc,Sing,Masc,,NOUN,,Quartalsabschluss:3 | Quartalsabschluß:3
Quartalsabschluß,Dat,Sing,Masc,,NOUN,,Quartalsabschluss:4 | Quartalsabschluß:1
Quartalsergebnis,Dat,Sing,Neut,,NOUN,,Quartalsergebnis:5 | Quartalsergebnisse:1
Rabatt,Dat,Sing,Masc,,NOUN,,Rabatt:2 | Rabatte:1
Rad,Dat,Plur,Neut,,NOUN,,Rädern:10 | Rad:1
Rand,Dat,Sing,Masc,,NOUN,,Rande:91 | Rand:10
Rang,Dat,Sing,Masc,,NOUN,,Rang:29 | Range:1
Rat,Dat,Sing,Masc,,NOUN,,Rat:28 | Rate:2
Rausschmiß,Dat,Sing,Masc,,NOUN,,Rausschmiß:2 | Rausschmiss:1
Rausschmiß,Acc,Sing,Masc,,NOUN,,Rausschmiss:3 | Rausschmiß:1
Rebell,Dat,Sing,Masc,,NOUN,,Rebell:1 | Rebellen:1
Rechner,Dat,Plur,Masc,,NOUN,,Rechnern:156 | Rechner:1 | RECHNERN:1
Recht,Acc,Plur,,,NOUN,,Rechte:1 | Rechten:1
Recht,Acc,,,,NOUN,,Recht:5 | Rechte:2
Recht,Dat,,,,NOUN,,Recht:2 | Rechte:1 | Rechten:1
Rechtsausschuß,Dat,Sing,Masc,,NOUN,,Rechtsausschuss:4 | Rechtsausschuß:1
Rechtsausschuß,Acc,Sing,Masc,,NOUN,,Rechtsausschuss:1 | Rechtsausschuß:1
Rechtsradikal,Acc,Plur,,,NOUN,,Rechtsradikale:8 | Rechtsradikalen:1
Record,Dat,Sing,Masc,,PROPN,,Record:1 | Records:1
Rede,Dat,Sing,Fem,,NOUN,,Rede:58 | REDE:1
Reflexion,Dat,,,,NOUN,,Reflexion:1 | Reflexionen:1
Regierungsmitglied,Dat,Plur,Neut,,NOUN,,Regierungsmitgliedern:3 | Regierungsmitglieder:1
Regiment,Acc,Plur,Neut,,NOUN,,Regimenter:1 | Regiments:1
Registrar,Dat,Sing,Masc,,NOUN,,Registrar:1 | Registrare:1
Reich,Acc,Sing,Neut,,PROPN,,Reich:2 | Reiches:1
Reich,Dat,,,,NOUN,,Reich:1 | Reiche:1
Reihe,Dat,Sing,Fem,,NOUN,,Reihe:69 | Reih:1
Rezept,Dat,Sing,Neut,,NOUN,,Rezept:3 | Rezepte:2
Richtung,Dat,,,,NOUN,,Richtung:2 | Richtungen:2
Robert,Dat,Sing,Masc,,PROPN,,Robert:7 | Roberts:1
Rock,Dat,Sing,Masc,,NOUN,,Rock:4 | Rocke:1
Rohstoff,Dat,Sing,Masc,,NOUN,,Rohstoff:1 | Rohstoffe:1
Roman,Acc,,,,NOUN,,Roman:4 | Romane:4
Rußland,Dat,Sing,Neut,,PROPN,,Russland:14 | Rußland:2
Rußland,Acc,Sing,Neut,,PROPN,,Russland:2 | Rußland:1
Sache,Acc,Plur,Fem,,NOUN,,Sachen:23 | Sache:1
Sand,Dat,Sing,Masc,,NOUN,,Sand:6 | Sande:3
Satellit,Acc,Sing,Masc,,NOUN,,Satelliten:15 | Satellit:11
Satellit,Dat,Sing,Masc,,NOUN,,Satelliten:16 | Satellit:3
Satellitenverkehr,Dat,Sing,Masc,,NOUN,,Satellitenverkehr:2 | Satellitenverkehre:1
Satz,Acc,Sing,Masc,,NOUN,,Satz:26 | Samurai-Chipssatz:1
Satz,Acc,,,,NOUN,,Satz:1 | Sätze:1
Schaltkreis,Dat,Sing,Masc,,NOUN,,Schaltkreis:1 | Schaltkreise:1
Schatz,Acc,,,,NOUN,,Schatz:1 | Schätze:1
Schiff,Dat,Sing,Neut,,NOUN,,Schiff:4 | Schiffen:1
Schiff,Acc,Sing,Neut,,NOUN,,Schiff:7 | Schlachtschiff:1
Schild,Dat,Sing,Neut,,NOUN,,Schild:3 | Schutzschild:1
Schilling,Dat,Plur,Masc,,NOUN,,Schilling:7 | Schillingen:1
Schimpferei,Dat,Plur,Fem,,NOUN,,Schimpereien:1 | Schimpfereien:1
Schlag,Dat,Sing,Masc,,NOUN,,Schlag:12 | Schlage:5
Schluss,Dat,Sing,Masc,,NOUN,,Schluss:50 | Schluß:13
Schluss,Acc,Sing,Masc,,NOUN,,Schluss:3 | Schluß:3
Schluß,Dat,Sing,Masc,,NOUN,,Schluss:8 | Schluß:1
Schluß,Acc,Sing,Masc,,NOUN,,Schluss:1 | Schluß:1
Schlüsselbegriff,Dat,Sing,Masc,,NOUN,,Schlüsselbegriff:1 | Schlüsselbegriffe:1
Schlüsselwort,Dat,Sing,Neut,,NOUN,,Schlüsselwort:1 | Schlüsselworte:1
Schulbuch,Dat,Plur,Neut,,NOUN,,Schulbüchern:2 | Schulbücher:1
Schulkind,Dat,Plur,Neut,,NOUN,,Schulkindern:5 | Schulkinder:1
Schulterschluss,Acc,Sing,Masc,,NOUN,,Schulterschluss:2 | Schulterschluß:1
Schutz,Acc,Sing,Masc,,NOUN,,Schutz:149 | Schreibschutz:1
Schutz,Dat,Sing,Masc,,NOUN,,Schutz:156 | Schutze:2 | Schreibschutz:1
Schuß,Dat,Plur,Masc,,NOUN,,Schüssen:3 | Schnellschüssen:2
Schuß,Dat,Sing,Masc,,NOUN,,Schuss:4 | Schnellschuss:2 | Schnellschuß:1
Schuß,Acc,Sing,Masc,,NOUN,,Schnappschuss:1 | Schnellschuss:1
Schwarz,Acc,Sing,Neut,,NOUN,,Schwarze:2 | Schwarz:1
Schwarze,Acc,Plur,,,NOUN,,Schwarze:1 | Schwarzen:1
Schwerpunkt,Dat,Sing,Masc,,NOUN,,Schwerpunkt:19 | Schwerpunkte:1
Schädling,Dat,Plur,Masc,,NOUN,,Schädlinge:1 | Schädlingen:1
Sein,Dat,Sing,Neut,,NOUN,,Sein:4 | Selbstbewusstsein:1
Seite,Dat,,,,NOUN,,Seiten:3 | Seite:1
Seitenaufruf,Dat,Plur,Masc,,NOUN,,Seitenaufrufen:4 | Seitenaufrufe:1
Selbständigkeit,Acc,Sing,Fem,,NOUN,,Selbständigkeit:2 | Selbstständigkeit:1
Senat,Dat,Sing,Masc,,NOUN,,Senat:13 | Senates:1
Senatsauschuß,Dat,Sing,Masc,,NOUN,,Senatsauschuss:1 | Senatsauschuß:1
Server,Dat,Plur,Masc,,NOUN,,Servern:194 | Server:1
Service,Dat,Sing,Masc,,NOUN,,Service:44 | Services:1
Sichtkontakt,Dat,Sing,Masc,,NOUN,,Sichtkontakt:1 | Sichtkontakte:1
Sinn,Dat,Sing,Masc,,NOUN,,Sinne:129 | Sinn:35
Sinn,Acc,,,,NOUN,,Sinn:24 | Sinns:1
Sinn,Dat,,,,NOUN,,Sinn:13 | Sinne:4
Skandal,Dat,Sing,Masc,,NOUN,,Skandal:6 | Skandale:1
Sockel,Dat,Plur,Masc,,NOUN,,Sockel:1 | Sockeln:1
Soldat,Acc,Plur,Masc,,NOUN,,Soldaten:9 | Soldante:1
Sonderangebot,Dat,Sing,Neut,,NOUN,,Sonderangebot:5 | Sonderangebote:1
Sonntag,Dat,Sing,Masc,,NOUN,,Sonntag:212 | SONNTAG:1
Spam,Acc,Sing,Neut,,NOUN,,Spam:8 | SPAM:2
Spaß,Acc,Sing,Masc,,NOUN,,Spaß:17 | Spass:6 | Spielspaß:1
Spezialist,Acc,Sing,Masc,,NOUN,,Spezialisten:15 | Spezialist:1
Spiegel,Dat,Sing,Masc,,NOUN,,Spiegel:41 | SPIEGEL:3
Spiel,Dat,Sing,Neut,,NOUN,,Spiel:63 | Spiele:4
Spielfilm,Dat,Sing,Masc,,NOUN,,Spielfilme:2 | Spielfilm:1
Spitzengespräch,Dat,Sing,Neut,,NOUN,,Spitzengespräch:3 | Spitzengespräche:1
Spot,Dat,Sing,Masc,,NOUN,,Spot:3 | Spots:1
Spur,Acc,,,,NOUN,,Spur:1 | Spuren:1
Staat,Dat,Sing,Masc,,NOUN,,Staat:47 | Staate:2
Staat,Acc,Sing,Masc,,NOUN,,Staat:30 | Staats:1
Stand,Dat,Sing,Masc,,NOUN,,Stand:203 | Stande:58
Standard-Protokoll,Dat,Sing,Neut,,NOUN,,Standard-Protokoll:1 | Standard-Protokolle:1
Standardisierungsprozeß,Acc,Sing,Masc,,NOUN,,Standardisierungsprozess:2 | Standardisierungsprozeß:1
Standort,Acc,Sing,Masc,,NOUN,,Standort:28 | Standorten:1
Startschuß,Dat,Sing,Masc,,NOUN,,Startschuss:5 | Startschuß:1
Station,Dat,Sing,Fem,,PROPN,,ScoopStation:1 | Station:1
Stein,Dat,Sing,Masc,,NOUN,,Stein:6 | Steine:1
Stelle,Acc,,,,NOUN,,Stelle:1 | Stellen:1
Stichwort,Dat,Sing,Neut,,NOUN,,Stichwort:15 | Stichworte:1
Stichwort,Dat,Plur,Neut,,NOUN,,Stichworten:2 | Stichwörtern:1
Stil,Dat,Sing,Masc,,NOUN,,Stil:58 | Stile:3
Stoß,Acc,Sing,Masc,,NOUN,,Stoß:1 | Stromstoß:1
Strafprozeß,Dat,Sing,Masc,,NOUN,,Strafprozess:1 | Strafprozeß:1
Strafprozeß,Acc,Sing,Masc,,NOUN,,Strafprozess:1 | Strafprozeß:1
Straße,Dat,Sing,Fem,,NOUN,,Straße:30 | Straßen:1
Straße,Acc,Sing,Fem,,NOUN,,Straße:9 | Strasse:1
Stress,Dat,Sing,Masc,,NOUN,,Stress:2 | Streß:1
Stromausfall,Dat,Plur,Masc,,NOUN,,Stromausfällen:5 | Stromausfälle:1
Studierend,Acc,Plur,,,NOUN,,Studierenden:2 | Studierende:1
Stück,Dat,Sing,Neut,,NOUN,,Stück:18 | Stücke:1
Stück,Dat,Plur,Neut,,NOUN,,Stück:67 | Stücken:11
Stück,Acc,Plur,Neut,,NOUN,,Stücke:23 | Stück:20
Synergieeffekt,Dat,Sing,Masc,,NOUN,,Synergieeffekt:1 | Synergieeffekte:1
System,Dat,Sing,Neut,,NOUN,,System:150 | Systeme:5
System,Dat,Plur,Neut,,NOUN,,Systemen:131 | Systeme:2
System,Acc,,,,NOUN,,System:3 | Systeme:2
System,Dat,,,,NOUN,,System:2 | Systemen:1
T-DSL-Anschluß,Dat,Sing,Masc,,NOUN,,T-DSL-Anschluss:2 | T-DSL-Anschluß:1
TV,Dat,Plur,Neut,,NOUN,,TVs:2 | TV's:1
TV-Gerät,Dat,Sing,Neut,,NOUN,,TV-Gerät:4 | TV-Geräte:1
TV-Kabelnetz,Dat,Sing,Neut,,NOUN,,TV-Kabelnetz:9 | TV-Kabelnetze:2
Tag,Dat,Plur,Masc,,NOUN,,Tagen:721 | Tage:4
Tag,Dat,Sing,Masc,,NOUN,,Tag:315 | Tage:16
Taiwan-Dollar,Acc,Plur,Masc,,NOUN,,Taiwan-Dollar:1 | Taiwan-Dollars:1
Taiwan-Dollar,Dat,Plur,Masc,,NOUN,,Taiwan-Dollar:3 | Taiwan-Dollars:2
Talent,Acc,,,,NOUN,,Talent:5 | Talente:1
Tarif,Dat,Sing,Masc,,NOUN,,Tarif:38 | Tarife:1
Taschencomputer,Dat,Plur,Masc,,NOUN,,Taschencomputern:2 | Taschencomputer:1
Techniker,Dat,Plur,Masc,,NOUN,,Technikern:7 | Techniker:1
Teil,Dat,Sing,,,NOUN,,Teil:165 | Teile:1
Teil,Acc,,,,NOUN,,Teil:1 | Teile:1
Teilbereich,Dat,Plur,Masc,,NOUN,,Teilbereichen:4 | Teilbereiche:1
Teilnehmeranschluß,Dat,Plur,Masc,,NOUN,,Teilnehmeranschlüssen:3 | Teilnehmeranschlüsse:1
Telefonanschluß,Dat,Sing,Masc,,NOUN,,Telefonanschluss:8 | Telefonanschluß:3
Telefonanschluß,Acc,Sing,Masc,,NOUN,,Telefonanschluss:15 | Telefonanschluß:2
Telefongespräch,Dat,Sing,Neut,,NOUN,,Telefongespräch:1 | Telefongespräche:1
Telefonica-Präsident,Dat,Sing,Masc,,NOUN,,Telefonica-Präsident:1 | Telefonica-Präsidenten:1
Telefonnetz,Dat,Sing,Neut,,NOUN,,Telefonnetz:23 | Telefonnetze:1
Telekom-Konkurrent,Dat,Sing,Masc,,NOUN,,Telekom-Konkurrenten:3 | Telekom-Konkurrent:1
Telepolis-Korrespondent,Dat,Sing,Masc,,NOUN,,Telepolis-Korrespondent:1 | Telepolis-Korrespondenten:1
Tendenz,Dat,,,,NOUN,,Tendenz:4 | Tendenzen:1
Terabyte,Acc,Plur,Neut,,NOUN,,Terabyte:2 | Terabytes:1
Termin,Dat,Sing,Masc,,NOUN,,Termin:36 | Termine:2
Termin,Acc,Sing,Fem,,NOUN,,Termin:2 | Termine:2
Termingeschäft,Dat,Plur,Neut,,NOUN,,Termingeschäfte:1 | Termingeschäften:1
Testlauf,Dat,Plur,Masc,,NOUN,,Testläufen:2 | Testläufe:1
Text,Dat,Plur,Masc,,NOUN,,Texten:23 | Text:1 | Texte:1
Text,Acc,Sing,Masc,,NOUN,,Text:43 | Teletext:2
Text,Dat,Sing,Masc,,NOUN,,Text:40 | Teletext:1 | Texte:1
Theorie,Acc,,,,NOUN,,Theorie:3 | Theorien:1
Tier,Dat,Sing,Neut,,NOUN,,Tier:3 | Tiere:1
Tip,Acc,Plur,Masc,,NOUN,,Tips:3 | Tipps:1
Tochter,Acc,Plur,Fem,,NOUN,,Töchter:10 | Töchtern:1
Tod,Dat,Sing,Masc,,NOUN,,Tod:51 | Tode:18
Ton,Acc,,,,NOUN,,Ton:2 | Töne:2
Tor,Dat,Sing,Neut,,PROPN,,AppleStore:6 | Tor:2
Trainer,Dat,Plur,Masc,,NOUN,,Trainern:2 | Trainer:1
Tschechoslowakei,Acc,Sing,Fem,,PROPN,,Tschechoslowakai:1 | Tschechoslowakei:1
Turnier,Dat,Plur,Neut,,NOUN,,Turnieren:6 | Turniere:1
Typ,Acc,Sing,Masc,,NOUN,,Typ:6 | Typen:1
UMTS-Netz,Dat,Sing,Neut,,NOUN,,UMTS-Netz:5 | UMTS-Netze:1
US-Armee,Acc,Sing,Fem,,NOUN,,US-Armee:1 | US-Army:1
US-Börsenschluss,Dat,Sing,Masc,,NOUN,,US-Börsenschluss:13 | US-Börsenschluß:3
US-Cent,Acc,Plur,Masc,,NOUN,,US-Cent:1 | US-Cents:1
US-Cent,Dat,Plur,Masc,,NOUN,,US-Cents:5 | US-Cent:1
US-Kongreß,Dat,Sing,Masc,,NOUN,,US-Kongress:10 | US-Kongreß:1
US-Kongreß,Acc,Sing,Masc,,NOUN,,US-Kongress:3 | US-Kongreß:1
US-Magazin,Dat,Sing,Neut,,NOUN,,US-Magazin:4 | US-Magazine:2
US-Präsident,Dat,Sing,Masc,,NOUN,,US-Präsident:6 | US-Präsidenten:3
USB-Anschluß,Acc,Sing,Masc,,NOUN,,USB-Anschluss:7 | USB-Anschluß:3
USB-Anschluß,Dat,Sing,Masc,,NOUN,,USB-Anschluss:7 | USB-Anschluß:6
Umfang,Dat,Sing,Masc,,NOUN,,Umfang:96 | Umfange:2
Umsatz,Dat,Plur,Masc,,NOUN,,Umsätzen:74 | Umsätze:1
Umsatzrückgang,Dat,Plur,Masc,,NOUN,,Umsatzrückgängen:5 | Umsatzrückgänge:1
Universitätsabschluß,Acc,Sing,Masc,,NOUN,,Universitätsabschluss:2 | Universitätsabschluß:1
Unternehmensportal,Dat,Sing,Neut,,NOUN,,Unternehmensportal:1 | Unternehmensportale:1
Ursprung,Dat,,,,NOUN,,Ursprung:1 | Ursprunge:1
Veranstalter,Acc,Plur,Masc,,NOUN,,Veranstalter:4 | VERANSTALTER:1
Verantwortlich,Acc,Plur,,,NOUN,,Verantwortlichen:9 | Verantwortliche:1
Verband,Dat,Plur,Masc,,NOUN,,Verbänden:21 | Verbraucherverbänden:4 | Verbraucherschutzverbänden:1
Verbot,Dat,Plur,Neut,,NOUN,,Verboten:3 | Vereinsverboten:1
Verbot,Acc,Sing,Neut,,NOUN,,Verbot:58 | Versandverbot:1 | Verschlüsselungsverbot:1
Verbot,Dat,Sing,Neut,,NOUN,,Verbot:22 | Verbote:1 | Verkaufsverbot:1
Verdächtig,Acc,Plur,,,NOUN,,Verdächtige:2 | Verdächtigen:1
Verein,Dat,Sing,Masc,,NOUN,,Verein:34 | Verbraucherschutzverein:3 | Verbraucherverein:1 | Vereine:1
Verein,Acc,Sing,Masc,,NOUN,,Verein:18 | Verbraucherschutzverein:2
Verhältnis,Dat,Sing,Neut,,NOUN,,Verhältnis:52 | Verhältnissen:1
Verhältnis,Dat,Plur,Neut,,NOUN,,Verhältnissen:7 | Verhältnisse:1
Verhältnis,Dat,,,,NOUN,,Verhältnisse:2 | Verhältnissen:2
Verkettung,Acc,,,,NOUN,,Verkettung:1 | Verkettungen:1
Verkäufer,Dat,Plur,Masc,,NOUN,,Verkäufern:6 | Verkäufer:1
Verlag,Acc,Sing,Masc,,NOUN,,Verlag:16 | Verlagen:1
Verlag,Dat,Plur,Masc,,NOUN,,Verlagen:20 | Verlage:1
Verlauf,Dat,Sing,Masc,,NOUN,,Verlauf:104 | Verlaufe:6
Verlust,Dat,Sing,Masc,,NOUN,,Verlust:110 | Verluste:3
Vermischung,Dat,,,,NOUN,,Vermischung:1 | Vermischungen:1
Vermittlungsausschuß,Acc,Sing,Masc,,NOUN,,Vermittlungsausschuß:2 | Vermittlungsausschuss:1
Verschluß,Dat,Sing,Masc,,NOUN,,Verschluss:9 | Verschluß:2
Version,Dat,Plur,Fem,,NOUN,,Versionen:113 | Version:1
Verstoß,Acc,Plur,Masc,,NOUN,,Verstöße:11 | Verstösse:1
Verstoß,Acc,Sing,Masc,,NOUN,,Verstoß:20 | Verstoss:1
Verstoß,Dat,Plur,Masc,,NOUN,,Verstößen:19 | Verstössen:1
Versuch,Dat,Sing,Masc,,NOUN,,Versuch:81 | Versteigerugsversuch:1
Verteilnetz,Dat,Sing,Neut,,NOUN,,Verteilnetz:1 | Verteilnetze:1
Vertragsabschluß,Dat,Sing,Masc,,NOUN,,Vertragsabschluss:20 | Vertragsabschluß:2
Vertriebskanal,Dat,Plur,Masc,,NOUN,,Vertriebskanälen:3 | Vertriebskanäle:1
Verwandte,Acc,Plur,,,NOUN,,Verwandte:1 | Verwandten:1
Verweis,Dat,Sing,Masc,,NOUN,,Verweis:19 | Verweise:1
Vetorecht,Dat,Sing,Neut,,NOUN,,Vetorecht:1 | Vetorechte:1
Viertel,Dat,Plur,Neut,,NOUN,,Vierteln:6 | Viertel:1
Virus,Dat,Sing,Neut,,NOUN,,Virus:15 | Viren:1
Visum,Dat,Sing,Neut,,NOUN,,Visa:1 | Visum:1
Vizepräsident,Acc,Sing,Masc,,NOUN,,Vizepräsidenten:2 | Vizepräsident:1
Volk,Dat,Sing,Neut,,NOUN,,Volk:11 | Volke:2
Vorbehalt,Dat,Sing,Masc,,NOUN,,Vorbehalt:20 | Vorbehalte:1
Vorgespräch,Dat,Sing,Neut,,NOUN,,Vorgespräch:1 | Vorgespräche:1
Vorsitz,Dat,Sing,Masc,,NOUN,,Vorsitz:10 | Vorstandsvorsitz:1
Vorsitz,Acc,Sing,Masc,,NOUN,,Vorsitz:11 | Vorstandsvorsitz:6
Vorsitzend,Dat,Sing,,,NOUN,,Vorsitzenden:5 | Vorsitzendem:1
Vorsitzende,Dat,Sing,Masc,,NOUN,,Vorsitzenden:3 | Vorsitzender:1
Vorstandsvorsitzend,Dat,Sing,,,NOUN,,Vorstandsvorsitzenden:3 | Vorstandsvorsitzendem:1
Vorstandsvorsitzend,Dat,Sing,Masc,,NOUN,,Vorstandsvorsitzenden:7 | Vorstandsvorsitzendem:1
Vorstellung,Acc,,,,NOUN,,Vorstellung:1 | Vorstellungen:1
Vorstoß,Dat,Sing,Masc,,NOUN,,Vorstoß:9 | Vorstoss:2
Vortag,Dat,Sing,Masc,,NOUN,,Vortag:37 | Vortage:1
Vorteil,Dat,Sing,Masc,,NOUN,,Vorteil:23 | Vorteile:1
WAP-Gerät,Dat,Sing,Neut,,NOUN,,WAP-Gerät:1 | WAP-Geräte:1
Wahlschein,Dat,Sing,Masc,,NOUN,,Wahlschein:1 | Wahlscheine:1
Wald,Dat,Sing,Masc,,NOUN,,Wald:14 | Walde:2
Website,Dat,Sing,Fem,,NOUN,,Website:291 | WebSite:1
Weg,Dat,Sing,Masc,,NOUN,,Weg:214 | Wege:112
Weg,Dat,Sing,Masc,,PROPN,,Weg:2 | Wege:1
Weg,Dat,,,,NOUN,,Wege:3 | Weg:2
Wein,Dat,Sing,Masc,,NOUN,,Wein:1 | Weine:1
Weiß,Dat,Sing,Neut,,NOUN,,Weiß:4 | Weiss:1 | Weiße:1
Welt,Dat,Sing,Fem,,NOUN,,Welt:312 | WELT:1
Welt,Acc,,,,NOUN,,Welt:9 | Welten:1
Welt,Dat,,,,NOUN,,Welt:4 | Welten:1
Weltgegend,Dat,,,,NOUN,,Weltgegend:1 | Weltgegenden:1
Weltkongreß,Dat,Sing,Masc,,NOUN,,Weltkongress:2 | Weltkongreß:1
Wende,Dat,Sing,Fem,,PROPN,,Wende:1 | Wenden:1
Werden,Dat,,,,NOUN,,Werden:1 | Würde:1
Werk,Dat,Sing,Neut,,NOUN,,Werk:81 | Werke:12
Werk,Acc,,,,NOUN,,Werke:4 | Werk:2
Werk,Dat,,,,NOUN,,Werk:1 | Werke:1 | Werken:1
Werkstoff,Dat,Sing,Masc,,NOUN,,Werkstoff:1 | Werkstoffe:1
Wert,Dat,Sing,Masc,,NOUN,,Wert:237 | Werte:6
Wertpapier,Dat,Sing,Neut,,NOUN,,Wertpapier:3 | Wertpapiere:1
Widerspruch,Acc,,,,NOUN,,Widersprüche:2 | Widerspruch:1
Wilhelm,Dat,Sing,Fem,,PROPN,,Wilhelm:1 | Wilhelms:1
William,Dat,Sing,Masc,,PROPN,,William:4 | Williams:1
Wind,Dat,Sing,Masc,,NOUN,,Wind:6 | Winde:1
Windows-Betriebssystem,Dat,Sing,Neut,,NOUN,,Windows-Betriebssysteme:2 | Windows-Betriebssystem:1
Wirkstoff,Dat,Sing,Masc,,NOUN,,Wirkstoff:1 | Wirkstoffe:1
Wirtschaftjournalist,Dat,Sing,Masc,,NOUN,,Wirtschaftjournalist:1 | Wirtschaftjournalisten:1
Wirtschaftsausschuß,Dat,Sing,Masc,,NOUN,,Wirtschaftsausschuss:3 | Wirtschaftsausschuß:1
Wissenschaft,Acc,,,,NOUN,,Wissenschaft:3 | Wissenschaften:3
Wissenschaftler,Dat,Plur,Masc,,NOUN,,Wissenschaftlern:57 | Wissenschaftler:1
Wohl,Dat,Sing,Neut,,NOUN,,Wohl:3 | Wohle:3
Wort,Dat,Sing,Neut,,NOUN,,Wort:79 | Worte:2
Wort,Acc,Plur,Neut,,NOUN,,Worte:19 | Wörter:4
Wort,Dat,Plur,Neut,,NOUN,,Worten:222 | Wörtern:12
Wort,Acc,,,,NOUN,,Wort:5 | Worte:2
Wort,Dat,,,,NOUN,,Worten:5 | Wort:2 | Worte:1
Zahn,Acc,Sing,Masc,,NOUN,,Zahn:9 | Zähnen:1
Zaun,Dat,Sing,Masc,,NOUN,,Zaun:4 | Zaune:1
Zehnfach,Acc,Sing,Neut,,NOUN,,Zehnfache:7 | Zehnfaches:1
Zeichentrickfilm,Dat,Sing,Masc,,NOUN,,Zeichentrickfilm:1 | Zeichentrickfilme:1
Zeit,Dat,,,,NOUN,,Zeit:6 | Zeiten:1
Zelt,Dat,Sing,Neut,,NOUN,,Zelt:1 | Zelte:1
Zentimeter,Dat,Plur,Masc,,NOUN,,Zentimetern:18 | Zentimeter:4
Zentrum,Dat,Sing,Neut,,NOUN,,Zentrum:55 | Centrum:1 | Congresscentrum:1
Zeug,Dat,Sing,Neut,,NOUN,,Zeug:2 | Zeuge:1
Ziel,Dat,Sing,Neut,,NOUN,,Ziel:123 | Ziele:1
Ziel,Dat,,,,NOUN,,Ziel:1 | Ziele:1
Zoll,Acc,Plur,Masc,,NOUN,,Zoll:2 | Zölle:2
Zoll,Dat,Plur,Masc,,NOUN,,Zoll:25 | Zöllen:1
Zorn,Dat,Sing,Masc,,NOUN,,Zorn:2 | Zorne:1
Zufall,Acc,,,,NOUN,,Zufall:3 | Zufälle:1
Zug,Dat,Sing,Masc,,NOUN,,Zuge:227 | Zug:32
Zugriff,Dat,Plur,Masc,,NOUN,,Zugriffen:14 | Zugriffe:1
Zunge,Acc,Sing,Fem,,NOUN,,Zunge:1 | Zungen:1
Zusammenschluß,Dat,Sing,Masc,,NOUN,,Zusammenschluss:52 | Zusammenschluß:10
Zusammenschluß,Acc,Sing,Masc,,NOUN,,Zusammenschluss:63 | Zusammenschluß:11
Zuschuß,Acc,Sing,Masc,,NOUN,,Zuschuss:2 | Zuschuß:1
Zustand,Dat,Sing,Masc,,NOUN,,Zustand:21 | Zustande:1
Zweck,Dat,Sing,Masc,,NOUN,,Zweck:87 | Zwecke:20
Zweck,Dat,,,,NOUN,,Zweck:2 | Zwecke:1 | Zwecken:1
Zähler,Dat,Plur,Masc,,NOUN,,Zählern:7 | Zähler:1
ablaufen,Dat,Sing,Neut,Pos,ADJ,Weak,abgelaufenen:79 | ablaufenden:1
ablaufen,Dat,Sing,Neut,Pos,ADJ,Strong,abgelaufenem:1 | abgelaufenen:1 | ablaufenden:1
ablaufen,Acc,Sing,Neut,Pos,ADJ,Weak,abgelaufene:33 | ablaufende:2
abschließen,Dat,Sing,Masc,Pos,ADJ,Strong,abgeschlossenen:2 | abgeschlossen:1
abschließen,Acc,Sing,Fem,Pos,ADJ,Weak,abgeschlossene:3 | abschließende:3
abschließen,Dat,Plur,Masc,Pos,ADJ,Strong,abgeschlossenen:1 | abschließenden:1
abschließen,Acc,Sing,Masc,Pos,ADJ,Weak,abgeschlossenen:3 | abzuschließenden:1
abschließen,Dat,Sing,Neut,Pos,ADJ,,abgeschlossenen:9 | abschließenden:4
abschließen,Dat,Sing,Fem,Pos,ADJ,Strong,abschließender:2 | abgeschlossenen:1
abschließen,Acc,Sing,Neut,Pos,ADJ,Weak,abgeschlossene:7 | abschließende:1
abschließen,Dat,Plur,Fem,Pos,ADJ,,abgeschlossenen:3 | abschließenden:2
abschließen,Acc,Plur,Fem,Pos,ADJ,Weak,abgeschlossenen:1 | abschließenden:1
absehbar,Dat,Sing,Fem,Pos,ADJ,Strong,absehbarer:42 | absehbaren:2
abwarten,Dat,Sing,Fem,Pos,ADJ,Strong,abwartenden:1 | abwartender:1
aggressiv,Dat,Sing,Fem,Pos,ADJ,Strong,aggressiven:4 | aggressiver:1
aktuell,Dat,Sing,Neut,Pos,ADJ,Strong,aktuellen:3 | aktuellem:2
aktuell,Dat,Sing,Fem,Pos,ADJ,Strong,aktuellen:35 | aktueller:8
aktuell,Acc,Plur,Neut,Pos,ADJ,Strong,aktuelle:7 | aktuellen:1
aktuell,Dat,Sing,Masc,Pos,ADJ,,aktuellen:53 | aktuellem:10
aktuell,Acc,Plur,Masc,Pos,ADJ,Strong,aktuelle:2 | aktuellen:2
alle,Dat,Plur,Masc,,DET,,allen:10 | aller:1
alle,Dat,Plur,,,DET,,allen:895 | alle:4 | aller:3
alle,Dat,,,,DET,,allem:5 | allen:4 | all:1
alle,Acc,,,,DET,,alles:23 | alle:3
alledem,Dat,Sing,Neut,,PRON,,alldem:2 | alledem:2
allgemein,Acc,Plur,Fem,Pos,ADJ,Strong,allgemeine:5 | allgemeinen:4
allgemein,Acc,Sing,Neut,Pos,ADJ,Weak,allgemeine:3 | allgemeinen:1
alt,Acc,Plur,Masc,Pos,ADJ,Strong,alte:7 | alten:1
alt,Dat,Sing,Masc,Pos,ADJ,Strong,alten:3 | altem:2
alt,Dat,Sing,Neut,Pos,ADJ,Strong,alten:5 | altem:1
alt,Acc,Plur,Fem,Pos,ADJ,Strong,alte:5 | alten:1
alt,Dat,Sing,Fem,Pos,ADJ,Weak,alten:29 | neu-alten:1
alt,Dat,Sing,Fem,Pos,ADJ,Strong,alter:8 | alten:7
alt,Acc,Plur,Neut,Cmp,ADJ,,ältere:5 | älteren:4
alt,Dat,Sing,Fem,Cmp,ADJ,Strong,älterer:5 | älteren:2
alt,Dat,Sing,Neut,,PROPN,,altem:1 | alten:1
alt,Acc,Plur,Neut,Pos,ADJ,Strong,alte:2 | alten:1
alternativ,Acc,Sing,Neut,Pos,ADJ,Strong,alternatives:4 | alternativ:1
alternativ,Acc,Plur,Masc,Pos,ADJ,Strong,alternative:3 | alternativen:1
alternativ,Dat,Sing,Masc,Pos,ADJ,Strong,alternativen:2 | alternativem:1
amerikanisch,Dat,Sing,Masc,Pos,ADJ,Strong,amerikanischen:7 | amerikanischem:2 | us-amerikanischem:2 | us-amerikanischen:1
amerikanisch,Dat,Sing,Masc,Pos,ADJ,Weak,amerikanischen:107 | us-amerikanischen:22 | deutsch-amerikanischen:3 | anglo-amerikanischen:1 | chinesisch-amerikanischen:1 | europäisch-amerikanischen:1
amerikanisch,Acc,Sing,Fem,Pos,ADJ,Weak,amerikanische:48 | us-amerikanische:5 | amerikanischen:1
amerikanisch,Acc,Sing,Fem,Pos,ADJ,Strong,amerikanische:3 | us-amerikanische:3
amerikanisch,Dat,Plur,Masc,Pos,ADJ,Strong,amerikanischen:56 | us-amerikanischen:5 | latein-amerikanischen:1
amerikanisch,Dat,Plur,Masc,Pos,ADJ,Weak,amerikanischen:13 | us-amerikanischen:4 | deutsch-amerikanischen:1 | nicht-amerikanischen:1
amerikanisch,Dat,Plur,Masc,Pos,ADJ,,amerikanischen:1 | us-amerikanischen:1
amerikanisch,Dat,Sing,Fem,Pos,ADJ,Weak,amerikanischen:85 | us-amerikanischen:22 | amerikanische:1 | israelisch-amerikanischen:1
amerikanisch,Dat,Sing,Fem,Pos,ADJ,Strong,amerikanischen:11 | amerikanischer:8 | us-amerikanischen:2 | latein-amerikanischen:1 | us-amerikanischer:1
amerikanisch,Dat,Plur,Neut,Pos,ADJ,Weak,amerikanischen:8 | us-amerikanischen:3
amerikanisch,Dat,Plur,Neut,Pos,ADJ,Strong,amerikanischen:10 | amerikanische:1 | us-amerikanischen:1
amerikanisch,Dat,Plur,Fem,Pos,ADJ,Strong,amerikanischen:30 | us-amerikanischen:6 | nicht-us-amerikanischen:1
amerikanisch,Dat,Plur,Fem,Pos,ADJ,,amerikanischen:5 | us-amerikanischen:1
amerikanisch,Dat,Plur,Fem,Pos,ADJ,Weak,amerikanischen:12 | us-amerikanischen:2
amerikanisch,Acc,Plur,Fem,Pos,ADJ,Weak,amerikanischen:14 | us-amerikanischen:1
amerikanisch,Acc,Plur,Fem,Pos,ADJ,Strong,amerikanische:15 | us-amerikanische:2 | amerikanischen:1
amerikanisch,Acc,Sing,Masc,Pos,ADJ,Weak,amerikanischen:45 | us-amerikanischen:10 | britisch-amerikanischen:1
amerikanisch,Acc,Sing,Masc,Pos,ADJ,Strong,amerikanischen:13 | us-amerikanischen:2 | nicht-amerikanischen:1
amerikanisch,Acc,Plur,Masc,Pos,ADJ,Strong,amerikanische:8 | amerikanischen:1 | us-amerikanische:1 | us-amerikanischen:1
amerikanisch,Acc,Plur,Masc,Pos,ADJ,Weak,amerikanischen:10 | us-amerikanischen:1
amerikanisch,Dat,Sing,Neut,Pos,ADJ,Weak,amerikanischen:37 | us-amerikanischen:12 | spanisch-amerikanischen:1
amerikanisch,Dat,Sing,Neut,Pos,ADJ,Strong,amerikanischen:11 | amerikanischem:8 | us-amerikanischem:4 | us-amerikanischen:1
amerikanisch,Acc,Sing,Neut,Pos,ADJ,Weak,amerikanische:24 | us-amerikanische:4 | anglo-amerikanische:1 | britisch-amerikanisches:1
amerikanisch,Acc,Sing,Neut,Pos,ADJ,Strong,amerikanisches:7 | amerikanische:1 | nicht-us-amerikanisches:1
amerikanisch,Acc,Plur,Neut,Pos,ADJ,Strong,amerikanische:9 | nicht-amerikanische:1
amerikanisch,Acc,Plur,Neut,Pos,ADJ,Weak,amerikanischen:6 | us-amerikanischen:3
amerikanisch,Acc,Plur,,Pos,ADJ,Strong,amerikanische:1 | us-amerikanische:1
amtlich,Dat,Sing,Fem,Pos,ADJ,Strong,amtlichen:1 | eu-amtlichen:1
analog,Dat,Sing,Masc,Pos,ADJ,Strong,analogem:3 | analogen:1
anderer,Acc,Plur,Masc,,DET,,andere:7 | anderen:4
anderer,Dat,Sing,Fem,,DET,,anderen:20 | anderer:4
anderer,Acc,Plur,Fem,,DET,,andere:13 | anderen:7
anderer,Acc,Sing,Neut,,DET,,anderes:38 | andere:18
anderer,Dat,Sing,Masc,,DET,,anderem:358 | anderen:16
anderer,Acc,Plur,Neut,,DET,,andere:14 | anderen:6
anderer,Dat,Sing,Neut,,DET,,anderem:1114 | anderen:140
anderer,Dat,Plur,,,DET,,anderen:895 | andere:3 | andern:2
anderer,Dat,Sing,,,DET,,anderem:27 | anderen:9
anderer,Acc,,,,DET,,andre:5 | andern:2 | andere:1
anderer,Dat,,,,DET,,andern:1 | andre:1
anfallen,Acc,Sing,Fem,Pos,ADJ,Weak,anfallende:1 | angefallene:1
anfallen,Acc,Plur,Neut,Pos,ADJ,Weak,anfallenden:2 | angefallenen:2
anfallen,Acc,Plur,Neut,Pos,ADJ,Strong,anfallende:1 | anfallenden:1 | angefallene:1
anfänglich,Dat,Sing,Neut,Pos,ADJ,Strong,anfänglichem:1 | anfänglichen:1
anfänglich,Dat,Sing,Fem,Pos,ADJ,Strong,anfänglicher:2 | anfänglichen:1
angeben,Acc,Plur,Fem,Pos,ADJ,Weak,angegebenen:2 | angegebene:1
angeblich,Dat,Sing,Fem,Pos,ADJ,Strong,angeblichen:2 | angeblicher:1
angenehm,Dat,Sing,Fem,Pos,ADJ,Strong,angenehmen:2 | angenehmer:1
anlaufen,Dat,Sing,Fem,Pos,ADJ,Weak,angelaufenen:1 | anlaufenden:1
anmessen,Dat,Sing,Fem,Pos,ADJ,Strong,angemessener:6 | angemessenen:3
annehmen,Dat,Sing,Masc,Pos,ADJ,Weak,angenommenen:2 | anzunehmenden:1
anonym,Acc,Plur,Fem,Pos,ADJ,Strong,anonyme:3 | anonymen:1
anonym,Dat,Sing,Fem,Pos,ADJ,Strong,anonymen:2 | anonymer:2
anpassen,Acc,Plur,Fem,Pos,ADJ,Strong,angepasste:1 | angepaßte:1
anpassen,Acc,Sing,Fem,Pos,ADJ,Strong,angepasste:5 | angepaßte:1
anpassen,Dat,Sing,Fem,Pos,ADJ,Strong,angepassten:1 | angepaßten:1
anschlagen,Dat,Sing,Neut,Pos,ADJ,Weak,angeschlagenen:2 | angeschlagene:1
anschließen,Dat,Sing,Fem,Pos,ADJ,Weak,anschließenden:5 | anschließende:1
anschließen,Dat,Sing,Fem,Pos,ADJ,Strong,angeschlossener:1 | anschließender:1
anschließen,Dat,Plur,Fem,Pos,ADJ,Weak,angeschlossenen:3 | anschließenden:1
anschließen,Dat,Sing,Neut,Pos,ADJ,Weak,angeschlossenen:2 | anschließenden:1
anschließen,Dat,Sing,Masc,Pos,ADJ,Strong,angeschlossenem:2 | anschließendem:1
ansprechen,Acc,Sing,Fem,Pos,ADJ,Strong,angesprochene:1 | ansprechende:1
anwenden,Acc,Sing,Fem,Pos,ADJ,Weak,angewandte:1 | angewendete:1
anwenden,Dat,Sing,Neut,Pos,ADJ,Weak,angewandten:1 | anzuwendenden:1
anwenden,Acc,Sing,Masc,Pos,ADJ,Strong,angewendeten:1 | anzuwendenden:1
archivieren,Acc,Plur,Neut,Pos,ADJ,Weak,archivierenden:1 | archivierten:1
asiatisch,Dat,Sing,Masc,Pos,ADJ,Strong,asiatischen:2 | asiatischem:1
asiatisch,Dat,Sing,Masc,Pos,ADJ,Weak,asiatischen:14 | europäisch-asiatischen:1 | pazifisch-asiatischen:1
asiatisch,Acc,Plur,Masc,Pos,ADJ,Strong,asiatische:1 | asiatischen:1
auftreten,Acc,Plur,Masc,Pos,ADJ,Strong,aufgetretene:1 | auftretende:1
aufwendig,Dat,Sing,Fem,Pos,ADJ,Strong,aufwendigen:3 | aufwendiger:3
ausbauen,Dat,Sing,Fem,Pos,ADJ,Strong,ausgebauten:1 | ausgebauter:1
ausbilden,Dat,Plur,Masc,Pos,ADJ,Strong,ausgebildeten:6 | ausgebildete:1
ausdrücklich,Dat,Sing,Fem,Pos,ADJ,Strong,ausdrücklicher:5 | ausdrücklichen:1
ausdrücklich,Acc,Sing,Fem,Pos,ADJ,Strong,ausdrückliche:4 | ausdrücklicher:1
ausführbar,Dat,Sing,Fem,Pos,ADJ,Strong,ausführbaren:1 | ausführbarer:1
ausführlich,Acc,Plur,Fem,Pos,ADJ,Weak,ausführliche:1 | ausführlichen:1
ausführlich,Dat,Sing,Masc,Pos,ADJ,Strong,ausführlichen:11 | ausführlichem:1
ausführlich,Dat,Plur,Fem,Pos,ADJ,Strong,ausführlichen:3 | ausführliche:1
ausgiebig,Dat,Sing,Masc,Pos,ADJ,Strong,ausgiebigem:1 | ausgiebigen:1
ausklügeln,Dat,Sing,Neut,Pos,ADJ,Strong,ausgeklügeltem:1 | ausgeklügelten:1
auslasten,Dat,Sing,Neut,Pos,ADJ,Strong,ausgelastetem:1 | ausgelasteten:1
ausländisch,Acc,Plur,Masc,Pos,ADJ,Strong,ausländische:65 | ausländischen:1
ausländisch,Dat,Sing,Neut,Pos,ADJ,Strong,ausländischem:2 | ausländischen:1
ausländisch,Dat,Plur,Masc,Pos,ADJ,Strong,ausländischen:34 | ausländische:1
ausländisch,Dat,Sing,Fem,Pos,ADJ,Strong,ausländischen:5 | ausländischer:2
ausreichen,Dat,Sing,Masc,Pos,ADJ,Strong,ausreichendem:1 | ausreichenden:1
ausreichen,Dat,Sing,Neut,Pos,ADJ,Strong,ausreichendem:5 | ausreichenden:2
ausreichend,Dat,Sing,Neut,Pos,ADJ,Strong,ausreichendem:1 | ausreichenden:1
ausreichend,Dat,Sing,Fem,Pos,ADJ,Strong,ausreichenden:1 | ausreichender:1
ausschalten,Dat,Sing,Neut,Pos,ADJ,Strong,ausgeschaltetem:3 | ausgeschalteten:1
ausstehen,Acc,Plur,Fem,Pos,ADJ,Strong,ausstehende:2 | ausstehenden:1
aussuchen,Dat,Plur,Neut,Pos,ADJ,Strong,ausgesuchte:1 | ausgesuchten:1
auswählen,Dat,Sing,Fem,Pos,ADJ,Strong,ausgewählten:1 | ausgewählter:1
automatisch,Dat,Sing,Fem,Pos,ADJ,Strong,automatischer:6 | automatischen:1
automatisch,Dat,Sing,Neut,Pos,ADJ,Weak,automatischen:2 | automatische:1
autorisieren,Dat,Sing,Fem,Pos,ADJ,Strong,autorisierten:4 | autorisierter:1
basieren,Acc,Sing,Fem,Pos,ADJ,Strong,basierende:3 | dos-basierte:1 | funk-basierte:1 | gmr-kopf-basierte:1 | internet-basierende:1 | isdn-basierende:1 | libc5-basierte:1 | voodoo-graphics-basierte:1 | web-basierende:1 | web-basierte:1 | xml-basierende:1 | xml-basierte:1
basieren,Acc,Sing,Fem,Pos,ADJ,Weak,basierende:1 | glibc-basierte:1 | java-basierte:1 | linux-basierte:1 | windows-98-basierte:1
basieren,Acc,Sing,Neut,Pos,ADJ,Strong,atm-basiertes:1 | basierendes:1 | disc-basierendes:1 | html-basiertes:1 | internet-basiertes:1 | ip-basiertes:1 | java-basiertes:1 | netzwerk-basiertes:1 | server-basiertes:1 | software-basiertes:1 | web-basiertes:1 | windows-basierendes:1
basieren,Acc,Sing,Neut,Pos,ADJ,Weak,basierende:1 | web-basierte:1
basieren,Dat,Plur,Neut,Pos,ADJ,Strong,intel-basierten:2 | 98-basierten:1 | alpha-basierten:1 | athlon-basierten:1 | java-basierten:1 | linux-basierten:1 | nds-basierten:1 | pc-basierten:1 | smartcard-basierten:1 | stift-basierenden:1 | text-basierten:1 | unix-basierte:1
basieren,Dat,Plur,Neut,Pos,ADJ,Weak,basierenden:1 | powerpc-basierten:1 | smartcard-basierten:1
basieren,Acc,Sing,Masc,Pos,ADJ,Strong,basierenden:5 | java-basierten:3 | java3d-basierten:1 | linux-basierten:1 | web-basierten:1 | xml-basierten:1
basieren,Acc,Sing,Masc,Pos,ADJ,Weak,web-basierten:2 | wap-basierten:1 | web-basierenden:1
basieren,Dat,Plur,Masc,Pos,ADJ,Weak,intel-basierenden:1 | mips-basierten:1 | nt-basierenden:1
basieren,Dat,Plur,Masc,Pos,ADJ,Strong,intel-basierenden:1 | intel-basierten:1 | nt-basierenden:1 | unix-basierenden:1 | windows-basierten:1
basieren,Dat,Sing,Masc,Pos,ADJ,Strong,aix-basierten:1 | linux-basierten:1 | satelliten-basiertem:1
basieren,Dat,Sing,Masc,Pos,ADJ,Weak,dsp-basierten:1 | xml-basierten:1
basieren,Acc,Plur,Masc,Pos,ADJ,Weak,computer-basierenden:1 | mhp-basierten:1 | umts-basierenden:1
basieren,Acc,Plur,Masc,Pos,ADJ,Strong,internet-basierte:2 | epoc-basierte:1 | internet-basierende:1 | ip-basierende:1 | ip-basierte:1 | web-basierte:1 | windows-nt-basierende:1
basieren,Dat,Sing,Fem,Pos,ADJ,Weak,server-basierten:1 | unix-basierten:1
basieren,Dat,Sing,Fem,Pos,ADJ,Strong,basierenden:1 | xml-basierten:1
basieren,Dat,Sing,Neut,Pos,ADJ,Strong,linux-basiertem:1 | stratosphären-basierenden:1
basieren,Dat,Plur,Fem,Pos,ADJ,Strong,web-basierten:3 | basierenden:1 | cls-basierten:1 | dsp-basierenden:1 | intel-basierten:1 | internet-basierten:1 | java-basierten:1 | smartcard-basierten:1 | xml-basierten:1
basieren,Acc,Plur,Fem,Pos,ADJ,Strong,internet-basierte:2 | intel-basierte:1 | internet-basierende:1 | web-basierte:1
basieren,Acc,Plur,Neut,Pos,ADJ,Strong,libc5-basierte:1 | windows-ce-basierte:1
bayerisch,Dat,Sing,Masc,,PROPN,,bayerischen:1 | bayerischer:1
bayerisch,Dat,Sing,Neut,Pos,ADJ,Strong,bayerischem:3 | bayerischen:1
bedenklich,Acc,Sing,Neut,Pos,ADJ,Strong,bedenkliche:1 | bedenkliches:1
beeindrucken,Dat,Sing,Fem,Pos,ADJ,Strong,beeindruckender:2 | beeindruckenden:1
beginnen,Dat,Sing,Neut,Pos,ADJ,Weak,beginnenden:2 | begonnenen:1
beginnen,Dat,Sing,Fem,Pos,ADJ,Weak,beginnenden:7 | begonnenen:1
beginnen,Acc,Sing,Fem,Pos,ADJ,,beginnende:3 | begonnene:3
begleiten,Dat,Sing,Fem,Pos,ADJ,Strong,begleitenden:1 | begleitender:1
begrenzen,Dat,Sing,Masc,Pos,ADJ,Strong,begrenztem:2 | begrenzten:1
begrenzen,Dat,Sing,Fem,Pos,ADJ,Strong,begrenzter:6 | begrenzten:4
beide,Acc,Plur,Fem,,DET,,beiden:6 | beide:2
beide,Acc,Plur,Neut,,DET,,beiden:2 | beide:1
beide,Acc,Plur,,,DET,,beide:109 | beiden:3
beide,Acc,Plur,,,ADJ,Strong,beiden:3 | beide:2
beide,Dat,,,,DET,,beiden:5 | beide:1
beide,Acc,,,,DET,,beides:4 | beide:1 | beyde:1
beispiellos,Dat,Sing,Fem,Pos,ADJ,Strong,beispiellosen:2 | beispielloser:1
bekannt,Dat,,,Pos,ADJ,Strong,bekannt:1 | bekannter:1
bekannt,Dat,Sing,Fem,Pos,ADJ,Strong,bekannten:4 | bekannter:1
bekannt,Dat,Sing,Neut,Pos,ADJ,Strong,bekannten:2 | bekanntem:1
bekennen,Acc,Sing,Masc,Pos,ADJ,Weak,bekannten:5 | bekannte:1
belieben,Acc,Sing,Neut,Pos,ADJ,Strong,beliebtes:2 | beliebte:1
beliebig,Dat,Sing,Masc,Pos,ADJ,Strong,beliebigen:6 | beliebigem:1
beliebig,Dat,Sing,Fem,Pos,ADJ,Strong,beliebigen:5 | beliebiger:2
beliebig,Dat,Sing,Fem,Pos,ADJ,Weak,beliebigen:2 | x-beliebigen:1
bequem,Acc,Sing,Neut,Pos,ADJ,Strong,bequemes:2 | bequeme:1
berufen,Dat,Sing,Masc,Pos,ADJ,Strong,berufenem:1 | berufenen:1
beruflich,Dat,Sing,Fem,Pos,ADJ,Strong,beruflichen:2 | beruflicher:2
beruflich,Acc,Plur,Fem,Pos,ADJ,Strong,berufliche:2 | beruflichen:1
berüchtigt,Acc,Sing,Masc,Pos,ADJ,Weak,berüchtigten:2 | berühmt-berüchtigten:1
berüchtigt,Acc,Plur,Fem,Pos,ADJ,Weak,berüchtigten:1 | berühmt-berüchtigten:1
bescheiden,Dat,Sing,Fem,Pos,ADJ,Strong,bescheidenen:2 | bescheidener:1
beschleunigen,Acc,Sing,Fem,Pos,ADJ,Strong,beschleunigte:2 | 2d/3d-beschleunigte:1
besondere,Dat,Plur,Neut,Pos,ADJ,Strong,besonderen:7 | besondere:1
besondere,Acc,Sing,Masc,Pos,ADJ,Strong,besonderen:36 | besondern:1
besondere,Acc,Plur,Neut,Pos,ADJ,Strong,besondere:3 | besonderen:1
besondere,Dat,Sing,Neut,Pos,ADJ,Strong,besonderem:7 | besonderen:2
besondere,Dat,Sing,Fem,Pos,ADJ,Strong,besonderer:9 | besonderen:4
besondere,Dat,Sing,Masc,Pos,ADJ,Strong,besonderen:3 | besonderem:1
bestechen,Dat,Sing,Fem,Pos,ADJ,Strong,bestechenden:1 | bestechender:1
bestehen,Dat,Sing,Fem,Pos,ADJ,Strong,bestehender:6 | bestehenden:2
bestehen,Acc,Sing,Neut,Pos,ADJ,Strong,bestehendes:3 | bestehende:1
bestehen,Dat,Sing,Masc,Pos,ADJ,Strong,bestehendem:1 | bestehenden:1
bestehend,Dat,Sing,Fem,Pos,ADJ,Strong,bestehenden:1 | bestehender:1
bestimmen,Dat,Plur,Masc,Pos,ADJ,Strong,bestimmten:39 | bestimmenden:1 | bestimmte:1
bestimmen,Dat,Sing,Fem,Pos,ADJ,Strong,bestimmten:31 | bestimmter:2
bestimmt,Acc,Sing,Neut,Pos,ADJ,Strong,bestimmte:1 | bestimmtes:1
bestätigen,Dat,Sing,Fem,Pos,ADJ,Strong,bestätigten:1 | bestätigter:1
bestücken,Dat,Plur,Neut,Pos,ADJ,Strong,bestückten:1 | bestückter:1 | sdram-bestückte:1
betreffen,Acc,Plur,Masc,Pos,ADJ,Weak,betroffenen:11 | betreffenden:2
betreffen,Dat,Sing,Neut,Pos,ADJ,Weak,betreffenden:3 | betroffenen:2
betreffen,Dat,Plur,Masc,Pos,ADJ,Weak,betroffenen:11 | betreffenden:2
betreffen,Acc,Sing,Masc,Pos,ADJ,Weak,betreffenden:2 | betroffenen:1
betreffen,Acc,Plur,Fem,Pos,ADJ,Weak,betroffenen:6 | betreffenden:2
betreffen,Acc,Sing,Fem,Pos,ADJ,Weak,betreffende:3 | betroffene:1
betreffen,Acc,Sing,Neut,Pos,ADJ,Weak,betreffende:2 | betroffene:2
betreffen,Dat,Plur,Fem,Pos,ADJ,Weak,betroffenen:4 | betreffenden:1
betreffen,Dat,Sing,Fem,Pos,ADJ,Weak,betroffenen:5 | betreffenden:2
betreffen,Acc,Plur,Neut,Pos,ADJ,Weak,betroffenen:7 | betreffenden:2
betreiben,Dat,Sing,Masc,Pos,ADJ,Strong,betriebenen:1 | palm-os-betriebenem:1
bevorstehen,Dat,Plur,Fem,Pos,ADJ,Strong,bevorstehende:1 | bevorstehenden:1
beweglich,Acc,Plur,Fem,Pos,ADJ,Strong,bewegliche:1 | beweglichen:1
bewähren,Dat,Sing,Fem,Pos,ADJ,Strong,bewährter:2 | bewährten:1
bezahlen,Dat,Plur,Masc,Pos,ADJ,Strong,bezahlenden:1 | bezahlten:1
bezahlen,Acc,Plur,Fem,Pos,ADJ,Strong,bezahlte:3 | bezahlten:1
beziehen,Acc,Plur,Neut,Pos,ADJ,Strong,internet-bezogene:1 | user-bezogene:1
bieten,Dat,Plur,Neut,Pos,ADJ,Weak,bietenden:1 | gebotenen:1
bieten,Dat,Sing,Fem,Pos,ADJ,Weak,gebotenen:2 | bietenden:1
bilden,Dat,Sing,Fem,Pos,ADJ,Weak,gebildeten:2 | bildenden:1
bilden,Acc,Sing,Fem,Pos,ADJ,Weak,gebildete:2 | bildende:1
billig,Dat,Sing,Neut,Pos,ADJ,Weak,billige:1 | billigen:1
binden,Dat,Sing,Fem,Pos,ADJ,Strong,gebundener:1 | pop-gebundener:1
biologisch,Dat,Plur,Masc,Pos,ADJ,Strong,biologische:2 | biologischen:1
biologisch,Acc,Plur,Fem,Pos,ADJ,Strong,biologische:2 | biologischen:1
bisherig,Acc,Plur,Masc,Pos,ADJ,Strong,bisherige:2 | bisherigen:1
bisherig,Dat,Sing,Fem,Pos,ADJ,Strong,bisherigen:7 | bisheriger:4
bisherig,Dat,Sing,Neut,Pos,ADJ,Weak,bisherigen:19 | bisherige:1
bisherig,Dat,Sing,Masc,Pos,ADJ,Strong,bisherigen:2 | bisherigem:1
blau,Dat,Sing,Neut,Pos,ADJ,Strong,blauen:11 | blauem:4
blau,Dat,Sing,Masc,Pos,ADJ,Strong,blauem:2 | blauen:1
blau,Dat,Sing,Fem,Pos,ADJ,Weak,blauen:1 | bondi-blauen:1
blau,Dat,Sing,Fem,Pos,ADJ,Strong,blauen:1 | blauer:1
bloß,Dat,Sing,Fem,Pos,ADJ,Strong,bloßen:1 | bloßer:1
breit,Dat,Sing,Fem,Pos,ADJ,Strong,breiter:17 | breiten:14
breit,Dat,Sing,Masc,Pos,ADJ,Strong,breiten:8 | breitem:2
breit,Dat,Sing,Neut,Pos,ADJ,Strong,breiten:4 | breitem:1
breit,Dat,Sing,Fem,Cmp,ADJ,Strong,breiteren:1 | breiterer:1
bremsen,Dat,Sing,Neut,Pos,ADJ,Strong,gebremstem:1 | gebremsten:1
britisch,Dat,Sing,Fem,Pos,ADJ,Weak,britischen:46 | britische:2 | deutsch-britischen:1 | französisch-britischen:1
britisch,Dat,Sing,Fem,Pos,ADJ,Strong,britischen:7 | britischer:2
britisch,Acc,Sing,Fem,Pos,ADJ,Weak,britische:20 | amerikanisch-britische:1
britisch,Dat,Sing,Masc,Pos,ADJ,,britischen:58 | britischem:2
britisch,Dat,Sing,Neut,Pos,ADJ,Weak,britischen:16 | amerikanisch-britischem:1 | britischem:1
britisch,Dat,Sing,Neut,Pos,ADJ,Strong,britischem:3 | britischen:1
chemisch,Dat,Plur,Neut,Pos,ADJ,Strong,chemischen:2 | chemisch:1
chinesisch,Dat,Sing,Fem,Pos,ADJ,Strong,chinesischen:4 | chinesischer:3
christlich,Acc,Sing,Fem,Pos,ADJ,Strong,christlich:1 | christliche:1
damalig,Dat,Sing,Masc,Pos,ADJ,Strong,damaligen:2 | damaligem:1
dauerhaft,Dat,Sing,Fem,Pos,ADJ,Strong,dauerhaften:1 | dauerhafter:1
dauern,Dat,Sing,Fem,Pos,ADJ,Strong,dauernde:1 | dauernden:1
demokratisch,Dat,Sing,Fem,Pos,ADJ,Strong,demokratischen:3 | demokratisch:1
demokratisch,Acc,Sing,Fem,Pos,ADJ,Weak,demokratische:6 | freiheitlich-demokratische:1
demokratisch,Acc,Sing,Fem,Pos,ADJ,Strong,demokratische:5 | nicht-demokratische:1
denken,Dat,Sing,Masc,Pos,ADJ,Weak,denkenden:1 | gedachten:1
der,Dat,Sing,Masc,,DET,,dem:42004 | des:12 | der:8 | den:1
der,Dat,Sing,Fem,,DET,,der:38365 | die:15
der,Dat,Sing,Neut,,DET,,dem:27164 | das:22 | des:10
der,Dat,Plur,,,DET,,den:4985 | der:31 | die:21
der,Dat,Sing,Neut,,PRON,,dem:1084 | das:1
der,Acc,Sing,Masc,,PRON,,den:682 | der:1
der,Acc,Plur,,,DET,,die:2878 | den:3
der,Dat,Sing,Masc,,PRON,,dem:823 | der:1
der,Acc,Sing,Masc,,DET,,den:22118 | der:1
der,Acc,Sing,Neut,,DET,,das:15987 | 's:11
der,Dat,Plur,,,PRON,,denen:1268 | den:4 | dem:2 | die:1
der,Acc,Plur,Masc,,DET,,die:5256 | den:3
der,Dat,Plur,Masc,,DET,,den:5829 | die:13 | der:10
der,Dat,Plur,Neut,,DET,,den:3223 | der:9 | die:9
der,Dat,Plur,Fem,,DET,,den:4662 | der:2
der,Acc,Sing,,,DET,,die:2 | den:1
der,Dat,,,,DET,,dem:33 | der:14 | die:1
der,Dat,,,,PRON,,dem:19 | der:7
der,Acc,,,,PRON,,die:21 | den:18 | das:15 | der:1
der,Acc,,,,DET,,die:5 | den:2
derartig,Dat,Sing,Fem,Pos,ADJ,Strong,derartigen:2 | derartiger:1
derartig,Acc,Plur,Masc,Pos,ADJ,Strong,derartige:4 | derartigen:1
derjenige,Acc,Plur,Fem,,DET,,diejenige:1 | diejenigen:1
derselbe,Acc,Sing,Masc,,DET,,denselben:31 | dieselben:1
derselbe,Dat,,,,DET,,demselben:2 | derselben:1
derzeitig,Dat,Sing,Masc,Pos,ADJ,Strong,derzeitigem:9 | derzeitigen:2
derzeitig,Dat,Sing,Fem,Pos,ADJ,Strong,derzeitigen:1 | derzeitiger:1
deutlich,Dat,Sing,Fem,Pos,ADJ,Strong,deutlichen:7 | deutlicher:2
deutlich,Dat,Sing,Neut,Pos,ADJ,Strong,deutlichen:4 | deutlichem:1
deutlich,Dat,Sing,Masc,Pos,ADJ,Strong,deutlichen:10 | deutlichem:7
deutsch,Acc,Sing,Neut,,PROPN,,deutsch:2 | deutsches:1
deutsch,Dat,Sing,Fem,Pos,ADJ,Weak,deutschen:261 | deutsche:1
deutsch,Dat,Sing,Fem,Pos,ADJ,Strong,deutscher:44 | deutschen:16 | deutsch:1 | deutsche:1
deutsch,Acc,Plur,Neut,Pos,ADJ,Strong,deutsche:14 | deutschen:2
deutsch,Acc,Sing,Neut,,NOUN,,deutsch:2 | deutsche:1
deutsch,Dat,Sing,Neut,,PROPN,,deutschen:3 | deutsch:1
deutsch,Dat,Sing,Neut,Pos,ADJ,Strong,deutschem:19 | deutschen:14 | deutsch:9
deutsch,Dat,Sing,Neut,Pos,ADJ,Weak,deutschen:91 | deutsche:2 | deutsch:1
deutsch,Dat,Sing,Masc,Pos,ADJ,Strong,deutschen:18 | deutschem:7 | deutsch:2
deutsch,Dat,Sing,Masc,,PROPN,,deutschen:7 | deutsch:1
deutsch,Acc,Sing,Masc,Pos,ADJ,Strong,deutschen:28 | deutsch:1
deutsch,Acc,Plur,Masc,Pos,ADJ,Strong,deutsche:34 | deutsch:1
deutsch,Acc,Plur,,Pos,ADJ,Strong,deutsche:13 | deutschen:1
dick,Dat,Sing,Neut,Pos,ADJ,Strong,dickem:1 | dicken:1
dieser,Dat,Sing,Fem,,DET,,dieser:1204 | diese:2
dieser,Acc,Sing,Neut,,DET,,dies:675 | dieses:673
dieser,Dat,Sing,Masc,,DET,,diesem:1370 | dieser:3 | diesen:1 | dieses:1
dieser,Dat,Sing,Neut,,DET,,diesem:1293 | dieses:2
dieser,Dat,Plur,Masc,,DET,,diesen:14 | diese:1
dieser,Dat,Plur,,,DET,,diesen:533 | dieser:2 | diese:1
dieser,Acc,Sing,,,DET,,dies:46 | diese:4
dieser,Dat,,,,DET,,dieser:3 | diesem:2 | diesen:2
dieser,Acc,,,,DET,,dies:9 | diese:5 | dieses:3
digital,Dat,Sing,Masc,Pos,ADJ,Strong,digitalem:8 | digitalen:3
digital,Dat,Sing,Neut,Pos,ADJ,Strong,digitalem:11 | digitalen:5
digital,Dat,Sing,Fem,Pos,ADJ,Strong,digitaler:27 | digitalen:17
digital,Acc,Sing,Neut,Pos,ADJ,Weak,digitale:35 | digitales:1
diplomatisch,Acc,Plur,Fem,Pos,ADJ,Strong,diplomatische:1 | diplomatischen:1
diplomatisch,Dat,Sing,Masc,Pos,ADJ,Strong,diplomatischem:1 | diplomatischen:1
direkt,Dat,Sing,Masc,Pos,ADJ,,direkten:19 | direktem:12
direkt,Dat,Sing,Fem,Pos,ADJ,Strong,direkter:26 | direkten:2
direkt,Acc,Plur,Fem,Pos,ADJ,,direkte:3 | direkten:3
diskriminieren,Dat,Plur,Fem,Pos,ADJ,Strong,diskriminierenden:1 | nicht-diskriminierenden:1
divers,Dat,Plur,Masc,Pos,ADJ,Strong,diversen:22 | diverse:1
dominieren,Dat,Sing,Masc,Pos,ADJ,Weak,dominierenden:1 | microsoft-dominierten:1
dominieren,Dat,Sing,Neut,Pos,ADJ,Weak,dominierenden:1 | dominierten:1
dominieren,Dat,Sing,Fem,Pos,ADJ,Weak,dominierenden:1 | dominierten:1
doppelt,Dat,Sing,Fem,Pos,ADJ,Strong,doppelter:8 | doppelten:1
drahtlos,Dat,Sing,Neut,Pos,ADJ,Strong,drahtlosem:2 | drahtlosen:1
drahtlos,Acc,Plur,Fem,Pos,ADJ,Strong,drahtlose:7 | drahtlosen:1
drahtlos,Dat,Sing,Fem,Pos,ADJ,Strong,drahtloser:5 | drahtlosen:1
drahtlos,Acc,Plur,Masc,Pos,ADJ,Strong,drahtlose:6 | drahtlosen:1
dramatisch,Dat,Sing,Fem,Pos,ADJ,Strong,dramatischen:6 | dramatischer:1
drastisch,Acc,Plur,Masc,Pos,ADJ,Strong,drastische:2 | drastischen:1
drastisch,Dat,Sing,Masc,Pos,ADJ,Strong,drastischem:3 | drastischen:2
dreidimensional,Dat,Sing,Fem,Pos,ADJ,Strong,dreidimensionaler:2 | dreidimensionalen:1
dreifach,Dat,Sing,Fem,Pos,ADJ,Strong,dreifacher:2 | dreifachen:1
dreijährig,Dat,Sing,Fem,Pos,ADJ,Strong,dreijährigen:3 | dreijähriger:2
dritt,Dat,Sing,Fem,Pos,ADJ,Strong,dritte:1 | dritten:1 | dritter:1
dritt,Dat,Sing,Neut,Pos,ADJ,Strong,dritte:1 | dritten:1
dritte,Dat,Sing,Fem,Pos,ADJ,Strong,dritter:24 | dritten:7
dritte,Acc,Sing,Neut,Pos,ADJ,Strong,drittes:4 | dritte:2
drohen,Dat,Sing,Fem,Pos,ADJ,Strong,drohenden:3 | drohender:1
drucken,Dat,Sing,Fem,Pos,ADJ,Strong,gedruckter:7 | gedruckten:2
durchschnittlich,Dat,Sing,Masc,Pos,ADJ,Strong,durchschnittlichem:2 | durchschnittlichen:2
dünn,Dat,Sing,Masc,Pos,ADJ,Strong,dünnen:2 | dünnem:1
dünn,Dat,Sing,Neut,Pos,ADJ,Strong,dünnem:1 | dünnen:1
echt,Dat,Sing,Neut,Pos,ADJ,Strong,echtem:3 | echten:1
echt,Dat,Sing,Fem,Pos,ADJ,Strong,echten:3 | echter:2
edel,Dat,Sing,Neut,Pos,ADJ,Strong,edlem:1 | edlen:1
effizient,Dat,Sing,Fem,Pos,ADJ,Strong,effizienten:1 | effizienter:1
effizient,Dat,Sing,Masc,Pos,ADJ,Strong,effizientem:1 | effizienten:1
ehemalig,Dat,Plur,Masc,Pos,ADJ,Strong,ehemaligen:14 | ehemalige:1
ehemalig,Dat,Sing,Masc,Pos,ADJ,,ehemaligen:35 | ehemaligem:2
ehemalig,Acc,Plur,Neut,Pos,ADJ,Strong,ehemalige:1 | ehemaligen:1
ehrgeizig,Dat,Sing,Masc,Pos,ADJ,Strong,ehrgeizigen:2 | ehrgeizigem:1
eigen,Acc,Sing,Fem,Pos,ADJ,Strong,eigene:190 | adone-eigene:1
eigen,Acc,Sing,Fem,Pos,ADJ,Weak,eigene:93 | amd-eigene:1 | casio-eigene:1 | epoc-eigene:1 | ibm-eigene:1
eigen,Acc,Sing,Masc,Pos,ADJ,Weak,eigenen:54 | handspring-eigenen:1 | sony-eigenen:1
eigen,Acc,Sing,Masc,Pos,ADJ,Strong,eigenen:152 | atobe-eigenen:1 | eu-eigenen:1
eigen,Dat,Sing,Neut,Pos,ADJ,Strong,eigenem:36 | eigenen:31
eigen,Dat,Sing,Neut,Pos,ADJ,Weak,eigenen:89 | metacreations-eigenen:1 | rambus-eigenen:1 | usr-eigenen:1
eigen,Dat,Sing,Fem,Pos,ADJ,Strong,eigener:93 | eigenen:70 | eigene:1 | sgi-eigener:1
eigen,Dat,Plur,Fem,Pos,ADJ,Strong,eigenen:666 | eignen:1
eigen,Dat,Sing,Masc,Pos,ADJ,,eigenen:89 | eigenem:32
eigen,Acc,Sing,Neut,Pos,ADJ,Weak,eigene:55 | microsoft-eigene:2 | sony-eigene:2 | macintosh-eigene:1 | suse-eigene:1 | telekom-eigene:1
eigen,Acc,Plur,Neut,Pos,ADJ,Strong,eigene:37 | eigenen:11
eigen,Acc,Plur,Fem,Pos,ADJ,Strong,eigene:39 | eigenen:13
eigen,Acc,Plur,Fem,Pos,ADJ,Weak,eigenen:30 | telekom-eigenen:1
eigen,Acc,Plur,,Pos,ADJ,Strong,eigene:4 | eigenen:1
eigen,Dat,Plur,Neut,Pos,ADJ,Strong,eigenen:46 | sni-eigenen:1
eigen,Dat,Plur,Masc,Pos,ADJ,Strong,eigenen:37 | aol-eigenen:1 | netcologne-eigenen:1
eigen,Dat,Plur,Masc,Pos,ADJ,Weak,eigenen:13 | microsoft-eigenen:2 | cnn-eigenen:1 | eigene:1 | handspring-eigenen:1
eigen,Acc,Plur,Masc,Pos,ADJ,Strong,eigene:24 | eigenen:5
eigen,Dat,Plur,,Pos,ADJ,Strong,eigenen:6 | netscape-eigenen:1
eigen,Dat,Sing,,Pos,ADJ,Strong,eigenem:6 | eigenen:3
eignen,Dat,Sing,Fem,Pos,ADJ,Strong,geeigneter:2 | geeigneten:1
eignen,Acc,Plur,Fem,Pos,ADJ,Strong,geeignete:6 | geeigneten:1
eignen,Dat,Sing,Neut,Pos,ADJ,Strong,geeignetem:2 | geeigneten:2
ein,Acc,Sing,Masc,,DET,,einen:10935 | ein:1 | eine(n):1
ein,Acc,Sing,Fem,,DET,,eine:14061 | ein:1
ein,Dat,Sing,Fem,,DET,,einer:7430 | einen:41 | eine:6
ein,Dat,Sing,Masc,,DET,,einem:5871 | einen:30 | eines:4 | ein:2 | einer:1
ein,Acc,Sing,Neut,,DET,,ein:7467 | eines:100 | eins:17 | eine:7
ein,Dat,Sing,,,DET,,einem:13 | einem/er:1
ein,Dat,Sing,Neut,,DET,,einem:3864 | einen:98 | ein:9 | eines:3
ein,Acc,Sing,,,DET,,einen:4 | ein:1
ein,Dat,,,,DET,,einem:6 | einer:2 | ein:1
einbauen,Dat,Sing,Neut,Pos,ADJ,Strong,eingebautem:5 | eingebauten:2
einbauen,Dat,Sing,Masc,Pos,ADJ,Strong,eingebautem:20 | eingebauten:3
einfach,Dat,Sing,Neut,Pos,ADJ,Strong,einfachem:3 | einfachen:3
einfach,Dat,Sing,Fem,Cmp,ADJ,Weak,einfacheren:1 | einfacherer:1
einfach,Dat,Sing,Masc,Pos,ADJ,Strong,einfachen:3 | einfachem:1
einfach,Dat,Sing,Fem,Pos,ADJ,Strong,einfachen:5 | einfacher:4
einführen,Acc,Sing,Fem,Pos,ADJ,Weak,eingeführte:3 | einführende:1
eingebaut,Dat,Sing,Masc,Pos,ADJ,Weak,eingebautem:1 | eingebauten:1
eingehen,Dat,Plur,Masc,Pos,ADJ,,eingegangenen:4 | eingehenden:2
eingehen,Dat,Sing,Fem,Pos,ADJ,Strong,eingehender:5 | eingehenden:3
eingehen,Acc,Plur,Fem,Pos,ADJ,Strong,eingegangene:3 | eingehende:1
eingehen,Acc,Plur,Fem,Pos,ADJ,Weak,eingegangenen:2 | eingehenden:1
einige,Dat,Sing,Fem,,DET,,einiger:198 | einige:1
einige,Acc,Plur,Fem,,DET,,einige:16 | einigen:1
einige,Dat,Plur,,,DET,,einigen:657 | einige:4
einjährig,Dat,Sing,Fem,Pos,ADJ,Strong,einjähriger:3 | einjährigen:2
einmalig,Dat,Sing,Neut,Pos,ADJ,Strong,einmaligem:1 | einmaligen:1
einsam,Dat,Sing,Fem,Pos,ADJ,Strong,einsamen:1 | einsamer:1
einscannen,Acc,Sing,Masc,Pos,ADJ,Weak,eingescannten:1 | einzuscannenden:1
einschränken,Dat,Sing,Fem,Pos,ADJ,Strong,eingeschränkten:2 | eingeschränkter:2
einschränken,Acc,Sing,Fem,Pos,ADJ,Strong,eingeschränkte:3 | einzuschränkende:1
einstellen,Dat,Sing,Fem,Pos,ADJ,Strong,eingestellten:1 | eingestellter:1
einstweilig,Dat,Sing,Fem,Pos,ADJ,Strong,einstweiligen:25 | einstweiliger:1
einzeln,Dat,Plur,Fem,Pos,ADJ,Strong,einzelnen:26 | einzelne:1
einzeln,Acc,Plur,Masc,Pos,ADJ,Strong,einzelne:14 | einzelnen:1
einzeln,Dat,Sing,Masc,Pos,ADJ,,einzelnen:6 | einzelnem:2
einzeln,Dat,Sing,Neut,Pos,ADJ,Strong,einzelnen:3 | einzelne:1
einzeln,Acc,Sing,Neut,Pos,ADJ,Weak,einzelne:3 | einzelnen:1
einzeln,Acc,Sing,Fem,Pos,ADJ,Weak,einzelne:2 | einzelnen:2
einzig,Dat,Sing,Fem,Pos,ADJ,Strong,einzigen:15 | einziger:1
einzig,Acc,Sing,Neut,Pos,ADJ,Strong,einziges:9 | einzige:1
elektrisch,Dat,Sing,Fem,Pos,ADJ,Strong,elektrischer:3 | elektrischen:1
elektronisch,Dat,Sing,Masc,Pos,ADJ,Weak,elektronischen:61 | militärisch-elektronischen:1
elektronisch,Dat,Sing,Masc,Pos,ADJ,Strong,elektronischem:24 | elektronischen:9
elektronisch,Acc,Plur,Neut,Pos,ADJ,Strong,elektronische:20 | elektronischen:1
elektronisch,Acc,Plur,Masc,Pos,ADJ,Strong,elektronische:17 | elektronischen:1
elektronisch,Dat,Plur,Masc,Pos,ADJ,Strong,elektronischen:16 | elektronische:1 | mechanisch-elektronischen:1
elektronisch,Dat,Sing,Neut,Pos,ADJ,Strong,elektronischen:7 | elektronischem:4
elektronisch,Dat,Plur,Neut,Pos,ADJ,Strong,elektronischen:33 | elektronische:1
elektronisch,Dat,Sing,Fem,Pos,ADJ,Strong,elektronischer:17 | elektronischen:10 | elektronische:2
emotional,Dat,Sing,Fem,Pos,ADJ,Strong,emotionalen:1 | emotionaler:1
empfehlen,Acc,Sing,Masc,Pos,ADJ,Strong,empfohlenen:2 | empfehlenden:1
endgültig,Dat,Sing,Neut,Pos,ADJ,Strong,endgültigen:3 | endgültiges:1
eng,Dat,Sing,Fem,Pos,ADJ,Strong,enger:12 | engen:1
englisch,Dat,Sing,Neut,Pos,ADJ,Strong,englischen:2 | englisch:1
englisch,Acc,Plur,Fem,Pos,ADJ,Weak,englischen:2 | nicht-englischen:1
englisch,Acc,Sing,Fem,Pos,ADJ,Strong,englische:7 | schwizer-englische:1
englisch,Dat,Sing,Fem,Pos,ADJ,Weak,englischen:12 | us-englischen:2 | deutsch-englischen:1
englisch,Dat,Sing,Fem,Pos,ADJ,Strong,englischer:26 | englischen:8
englisch,Acc,Plur,Masc,Pos,ADJ,Weak,englischen:2 | nicht-englischen:1
englisch,Acc,Plur,Masc,Pos,ADJ,Strong,englische:2 | englischer:1
englisch,Acc,Plur,Neut,Pos,ADJ,Strong,englische:8 | englischen:1
englischsprachig,Dat,Sing,Neut,Pos,ADJ,Strong,englischsprachigem:1 | englischsprachigen:1
englischsprachig,Dat,Plur,Neut,Pos,ADJ,Strong,englischsprachigen:1 | nicht-englischsprachigen:1
enorm,Dat,Sing,Masc,Pos,ADJ,Strong,enormen:4 | enormem:1
enorm,Dat,Sing,Fem,Pos,ADJ,Strong,enormen:2 | enormer:1
entfernt,Dat,Sing,Masc,Pos,ADJ,Strong,entfernten:1 | entfernter:1
entscheiden,Dat,Sing,Fem,Pos,ADJ,Strong,entscheidender:5 | entscheidenden:1
entscheiden,Dat,Sing,Masc,Pos,ADJ,Weak,entscheidenden:2 | entschiedenem:1
entscheiden,Dat,Sing,Masc,Pos,ADJ,Strong,entscheidenden:1 | entschiedenen:1
entsprechen,Acc,Sing,Fem,Pos,ADJ,Strong,entsprechende:73 | entsprechender:1
entsprechen,Dat,Sing,Neut,Pos,ADJ,Strong,entsprechenden:9 | entsprechendem:6
entsprechen,Dat,Sing,Masc,Pos,ADJ,Strong,entsprechenden:10 | entsprechendem:4
entsprechen,Dat,Sing,Fem,Pos,ADJ,Strong,entsprechender:22 | entsprechenden:15
entsprechen,Acc,Plur,Masc,Pos,ADJ,Strong,entsprechende:13 | entsprechenden:1
entstehen,Acc,Sing,Fem,Pos,ADJ,Weak,entstandene:3 | entstehende:2
entstehen,Acc,Sing,Masc,Pos,ADJ,Weak,entstandenen:7 | entstehenden:4
entstehen,Acc,Plur,Neut,Pos,ADJ,Weak,entstehenden:11 | entstandenen:2
entstehen,Dat,Sing,Fem,Pos,ADJ,Weak,entstehenden:3 | entstandenen:1
entstehen,Dat,Sing,Neut,Pos,ADJ,Weak,entstandenen:1 | entstehenden:1
entstehen,Acc,Sing,Neut,Pos,ADJ,Weak,entstandene:4 | entstehende:1
entstehen,Acc,Plur,Masc,Pos,ADJ,Weak,entstandenen:2 | entstehenden:2
enttäuschen,Dat,Plur,Fem,Pos,ADJ,Strong,enttäuschenden:1 | enttäuschten:1
entwickeln,Dat,Sing,Masc,Pos,ADJ,Weak,entwickelten:9 | entwickelnden:1
entwickeln,Acc,Sing,Fem,Pos,ADJ,Weak,entwickelte:8 | entwickelnde:1
entwickeln,Acc,Sing,Neut,Pos,ADJ,Strong,entwickeltes:6 | entwickelndes:1
entwickeln,Acc,Sing,Masc,Pos,ADJ,Weak,entwickelten:8 | entwickelnden:4
entwickeln,Dat,Sing,Fem,Pos,ADJ,Weak,entwickelten:7 | entwickelnden:1
erbringen,Acc,Plur,Fem,Pos,ADJ,Strong,erbrachte:2 | erbrachten:1
erfolgen,Dat,Sing,Fem,Pos,ADJ,Strong,erfolgten:3 | erfolgter:2
erfolglos,Dat,Sing,Masc,Pos,ADJ,Strong,erfolglosem:1 | erfolglosen:1
erfolgreich,Dat,Sing,Fem,Pos,ADJ,Strong,erfolgreicher:6 | erfolgreichen:4
erfolgreich,Dat,Sing,Neut,Pos,ADJ,Strong,erfolgreichem:3 | erfolgreichen:3
erfolgreich,Dat,Sing,Masc,Pos,ADJ,Strong,erfolgreichem:8 | erfolgreichen:5
erfolgreich,Acc,Plur,Masc,Pos,ADJ,Strong,erfolgreiche:2 | erfolgreichen:1
erfolgreich,Acc,Plur,Fem,Pos,ADJ,Strong,erfolgreiche:2 | erfolgreichen:1
erheblich,Dat,Sing,Masc,Pos,ADJ,Strong,erheblichem:8 | erheblichen:4
erheblich,Dat,Sing,Neut,Pos,ADJ,Strong,erheblichem:5 | erheblichen:3
erheblich,Dat,Sing,Fem,Pos,ADJ,Strong,erheblicher:4 | erheblichen:3
erhöhen,Dat,Sing,Fem,Pos,ADJ,Strong,erhöhter:2 | erhöhten:1
erhöht,Dat,Sing,Fem,Pos,ADJ,Strong,erhöhter:2 | erhöhten:1
erneuen,Dat,Sing,Fem,Pos,ADJ,Strong,erneuten:9 | erneuter:1
erneut,Dat,Sing,Fem,Pos,ADJ,Strong,erneuter:2 | erneuten:1
ernst,Dat,Sing,Fem,Pos,ADJ,Strong,ernsten:1 | ernster:1
erscheinen,Dat,Sing,Fem,Pos,ADJ,,erscheinenden:16 | erschienenen:2
erscheinen,Dat,Sing,Neut,Pos,ADJ,Weak,erschienenen:2 | erschienenem:1
erst,Dat,Sing,Fem,Pos,ADJ,Strong,erster:170 | ersten:91
erst,Dat,Sing,Masc,Pos,ADJ,Strong,ersten:54 | erstem:2
erst,Dat,Sing,Neut,Pos,ADJ,Strong,ersten:24 | erstem:4
erst,Acc,Plur,Fem,Pos,ADJ,Strong,erste:12 | ersten:3
erst,Dat,Plur,Neut,Pos,ADJ,Strong,ersten:19 | erste:1
erst,Acc,Plur,Neut,Pos,ADJ,Strong,erste:6 | ersten:2
erst,Acc,Plur,Masc,Pos,ADJ,Strong,erste:4 | ersten:2
erteilen,Acc,Sing,Neut,Pos,ADJ,Strong,erteiltes:2 | erteilte:1
erwarten,Dat,Sing,Fem,Pos,ADJ,Weak,erwarteten:20 | erwartenden:1
erwarten,Dat,Sing,Fem,Pos,ADJ,Strong,erwarteten:3 | erwartenden:1 | erwartender:1 | erwarteter:1
erwarten,Acc,Plur,Fem,Pos,ADJ,Weak,erwarteten:6 | erwartenden:1
erwarten,Acc,Sing,Neut,Pos,ADJ,Weak,erwartete:10 | erwartende:1
erwarten,Acc,Plur,Neut,Pos,ADJ,Weak,erwarteten:6 | erwartenden:2
erwarten,Dat,Plur,Masc,Pos,ADJ,Weak,erwarteten:9 | erwartenden:3
erwarten,Dat,Sing,Masc,Pos,ADJ,Weak,erwarteten:19 | erwartenden:1
erwarten,Dat,Sing,Masc,Pos,ADJ,Strong,erwarteten:4 | erwartenden:1 | erwartetem:1
erwarten,Dat,Plur,Fem,Pos,ADJ,,erwarteten:9 | erwartenden:5
erwarten,Acc,Sing,Masc,Pos,ADJ,Weak,erwarteten:30 | erwartenden:6
erwarten,Acc,Plur,Masc,Pos,ADJ,Weak,erwarteten:20 | erwartenden:5
erwarten,Dat,Sing,Neut,Pos,ADJ,,erwarteten:8 | erwartenden:2
erweitern,Dat,Sing,Neut,Pos,ADJ,Strong,erweiterten:3 | erweitertem:1
erweitern,Dat,Sing,Fem,Pos,ADJ,Strong,erweiterten:3 | erweiterter:1
erweitern,Acc,Sing,Neut,Pos,ADJ,Strong,erweitertes:5 | erweiterte:1
erwerben,Acc,Plur,Neut,Pos,ADJ,Strong,erworbene:2 | erworbenen:1
es,Acc,Sing,Neut,,PRON,,es:947 | 's:46 | s:13
es,Dat,Sing,Neut,,PRON,,ihm:190 | es:1
ethisch,Acc,Plur,Neut,Pos,ADJ,Strong,ethische:1 | ethischen:1
etliche,Acc,Sing,Neut,,DET,,etliche:1 | etliches:1
europäisch,Dat,Sing,Masc,Pos,ADJ,,europäischen:118 | europäischem:6
europäisch,Dat,Sing,Neut,Pos,ADJ,Strong,europäischen:4 | europäischem:3 | pan-europäischen:2
europäisch,Acc,Plur,Masc,Pos,ADJ,Strong,europäische:10 | europäischen:1
europäisch,Acc,Sing,Fem,Pos,ADJ,,europäische:49 | pan-europäische:2
europäisch,Acc,Plur,Neut,Pos,ADJ,Strong,europäische:17 | europäischen:1
europäisch,Acc,Sing,Masc,Pos,ADJ,,europäischen:90 | pan-europäischen:3
europäisch,Dat,Sing,Fem,Pos,ADJ,Strong,europäischer:22 | europäischen:2
europäisch,Dat,Plur,Fem,Pos,ADJ,Strong,europäischen:17 | nicht-europäischen:1
europäisch,Dat,Plur,Masc,Pos,ADJ,Strong,europäischen:31 | nicht-europäischen:1
eventuell,Dat,Sing,Masc,Pos,ADJ,Strong,eventuellen:4 | eventuellem:2
existieren,Dat,Plur,Neut,Pos,ADJ,Strong,existierenden:5 | existierender:1
exklusiv,Dat,Sing,Fem,Pos,ADJ,Strong,exklusiver:1 | nicht-exklusiven:1
extern,Dat,Sing,Fem,Pos,ADJ,Strong,externen:3 | externer:1
extern,Dat,Plur,Neut,Pos,ADJ,Strong,externen:6 | externe:1
extern,Dat,Sing,Masc,Pos,ADJ,Strong,externen:7 | externem:4
extrem,Dat,Sing,Fem,Pos,ADJ,Strong,extremem:1 | extremen:1 | extremer:1
fair,Dat,Sing,Masc,Pos,ADJ,Strong,fairen:2 | fairem:1
faktisch,Acc,Sing,Fem,Pos,ADJ,Weak,faktische:2 | faktischen:1
fallen,Acc,Plur,Masc,Pos,ADJ,Weak,fallenden:6 | gefallenen:1
fallen,Dat,Sing,Fem,Pos,ADJ,Strong,fallender:2 | gefallenen:1
falsch,Dat,Sing,Fem,Pos,ADJ,Strong,falscher:9 | falschen:5
falsch,Dat,Sing,Masc,Pos,ADJ,Strong,falschem:6 | falschen:1
falsch,Acc,Sing,Neut,Pos,ADJ,Strong,falsches:4 | falsche:1
falsch,Dat,Sing,Neut,Pos,ADJ,Strong,falschen:2 | falschem:1
fehlen,Dat,Sing,Neut,Pos,ADJ,Strong,fehlendem:1 | fehlenden:1
fehlerhaft,Dat,Sing,Fem,Pos,ADJ,Strong,fehlerhaften:2 | fehlerhafter:1
feindlich,Acc,Plur,Masc,Pos,ADJ,Strong,feindliche:1 | us-feindliche:1
feindlich,Acc,Sing,Masc,Pos,ADJ,Strong,feindlichen:1 | microsoft-feindlichen:1
fern,Dat,Sing,Fem,Pos,ADJ,Strong,ferner:3 | fernen:2
fest,Dat,Sing,Fem,Pos,ADJ,Strong,festen:9 | fester:6
fest,Dat,Sing,Masc,Pos,ADJ,Strong,festen:5 | festem:1
finanziell,Dat,Sing,Fem,Pos,ADJ,Strong,finanzieller:9 | finanziellen:7
finanziell,Acc,Plur,Neut,Pos,ADJ,Strong,finanzielle:15 | finanziellen:1
finanziell,Acc,Plur,Fem,Pos,ADJ,Strong,finanzielle:21 | finanziellen:1
finanziell,Dat,Plur,Neut,Pos,ADJ,Strong,finanziellen:6 | finanzielle:1
finanziell,Dat,Sing,Masc,Pos,ADJ,Strong,finanziellen:6 | finanziellem:2
finanziell,Dat,Sing,Neut,Pos,ADJ,Strong,finanziellem:1 | finanziellen:1
finnisch,Dat,Sing,Neut,Pos,ADJ,Weak,finnischen:1 | spanisch-finnischen:1
flächendeckend,Dat,Sing,Fem,Pos,ADJ,Strong,flächendeckender:2 | flächendeckenden:1
folgend,Acc,Plur,Neut,Pos,ADJ,Strong,folgende:1 | folgenden:1
fordern,Acc,Sing,Fem,Pos,ADJ,Weak,geforderte:14 | fordernde:1
fordern,Acc,Plur,Neut,Pos,ADJ,Weak,geforderten:2 | fordernden:1
fortschreiten,Dat,Sing,Fem,Pos,ADJ,Strong,fortschreitenden:2 | fortgeschrittenen:1 | fortschreitender:1
fortschreiten,Acc,Sing,Fem,Pos,ADJ,Weak,fortgeschrittene:2 | fortschreitende:1
fortsetzen,Acc,Sing,Masc,Pos,ADJ,Weak,fortgesetzten:1 | fortsetzenden:1
fortsetzen,Dat,Sing,Fem,Pos,ADJ,Strong,fortgesetzten:1 | fortgesetzter:1
frankfurter,Acc,Sing,Fem,Pos,ADJ,Weak,frankfurter:11 | londoner/frankfurter:1
französisch,Dat,Sing,Neut,Pos,ADJ,Weak,französischen:10 | deutsch-französischen:1
französisch,Dat,Sing,Neut,Pos,ADJ,Strong,französischem:2 | französisch:1 | französischen:1
französisch,Acc,Sing,Fem,Pos,ADJ,Strong,französische:2 | französischen:1
französisch,Acc,Sing,Masc,Pos,ADJ,Strong,französischen:3 | französisch:1
französisch,Dat,Sing,Masc,Pos,ADJ,Strong,französischen:2 | französischem:1
französisch,Acc,Plur,Masc,Pos,ADJ,Strong,französische:12 | französischen:1
frei,Acc,Sing,Fem,Pos,ADJ,Weak,freie:20 | sony-freie:1
frei,Acc,Sing,Fem,Pos,ADJ,Strong,freie:43 | cookie-freie:1 | freier:1
frei,Acc,Plur,Masc,Pos,ADJ,Strong,freie:7 | regionalcode-freie:1
frei,Dat,Sing,Masc,Pos,ADJ,Strong,freiem:13 | freien:7
frei,Dat,Sing,Fem,Pos,ADJ,Strong,freier:8 | freien:6 | cookie-freier:1 | patent-freier:1
fremd,Dat,Sing,Masc,Pos,ADJ,Strong,fremden:6 | fremdem:1
freundlich,Dat,Sing,Fem,Pos,ADJ,Strong,freundlicher:4 | freundlichen:2
freundlich,Dat,Sing,Neut,Pos,ADJ,Strong,freundlichem:2 | freundlichen:1
freundlich,Acc,Sing,Masc,Pos,ADJ,Strong,freundlichen:2 | freundliche:1 | microsoft-freundlichen:1
friedlich,Dat,Sing,Fem,Pos,ADJ,Strong,friedlichen:2 | friedlicher:1
fristlos,Dat,Sing,Fem,Pos,ADJ,Strong,fristlosen:1 | fristloser:1
früh,Dat,Sing,Masc,Cmp,ADJ,Strong,früheren:7 | früherem:1
früh,Dat,Sing,Fem,Pos,ADJ,Strong,frühen:3 | früher:1
früh,Dat,Sing,Fem,Cmp,ADJ,Strong,früheren:9 | früherer:1
fundamental,Dat,Sing,Fem,Pos,ADJ,Strong,fundamentalen:1 | fundamentaler:1
funktionieren,Dat,Sing,Fem,Pos,ADJ,Strong,funktionierenden:1 | funktionierender:1
fähig,Acc,Plur,Masc,Pos,ADJ,Strong,internet-fähige:2 | ultra-ata/100-fähige:1
fähig,Dat,Plur,Fem,Pos,ADJ,Strong,"1,5-volt-fähigen:1 | nds-fähigen:1 | odbc-fähigen:1 | ultra-ata/100-fähigen:1"
fähig,Dat,Plur,Neut,Pos,ADJ,Strong,internet-fähigen:4 | bluetooth-fähigen:1 | directx-fähigen:1 | netzwerk-fähigen:1 | sata-fähigen:1 | tapi-fähigen:1
fähig,Acc,Sing,Neut,Pos,ADJ,Strong,sms-fähiges:1 | wap-fähiges:1
fähig,Dat,Sing,Masc,Pos,ADJ,Strong,bluetooth-fähigen:1 | java-fähigen:1 | usb-2.0-fähigen:1
fähig,Acc,Sing,Masc,Pos,ADJ,Strong,2.0-fähigen:1 | 4x-fähigen:1 | appletalk-fähigen:1 | fähigen:1 | internet-fähigen:1 | java-fähigen:1 | jdk-1.1.2-fähigen:1 | jini-fähigen:1 | mac-os-x-fähigen:1 | mp3-fähigen:1 | ntsc-fähigen:1 | online-fähigen:1 | vierkanal-fähigen:1
fähig,Acc,Sing,Fem,Pos,ADJ,Strong,hbci-fähige:1 | internet-fähige:1
fähig,Dat,Sing,Fem,Pos,ADJ,Weak,jahr-2000-fähigen:2 | gprs-fähigen:1 | java-fähigen:1
fähig,Acc,Plur,Neut,Pos,ADJ,Strong,wap-fähige:3 | internet-fähige:1
fähig,Dat,Sing,Neut,Pos,ADJ,Strong,fähigen:1 | rückkanal-fähigen:1
fähig,Acc,Plur,Fem,Pos,ADJ,Weak,internet-fähigen:1 | streaming-fähigen:1
fähig,Dat,Plur,Masc,Pos,ADJ,Strong,it-fähigen:1 | ultra-ata/100-fähigen:1
führen,Acc,Sing,Masc,Pos,ADJ,Weak,führenden:4 | geführten:1
führen,Acc,Sing,Fem,Pos,ADJ,Weak,führende:8 | geführte:2 | spd-geführte:1
führen,Acc,Sing,Fem,Pos,ADJ,Strong,führende:23 | geführte:2 | geführten:1
führen,Dat,Plur,Neut,Pos,ADJ,Weak,führenden:5 | geführten:1
führen,Dat,Sing,Neut,Pos,ADJ,Strong,führendem:1 | geführten:1
führen,Dat,Plur,Fem,Pos,ADJ,Strong,führenden:4 | geführte:1 | geführten:1
führen,Acc,Sing,Neut,Pos,ADJ,Weak,führende:1 | geführte:1
führen,Dat,Sing,Masc,Pos,ADJ,Strong,führenden:11 | führendem:1
führen,Dat,Sing,Masc,Pos,ADJ,Weak,führenden:14 | geführten:2
führen,Dat,Plur,Masc,Pos,ADJ,Weak,führenden:17 | geführten:1
führen,Dat,Sing,Fem,Pos,ADJ,Strong,führenden:1 | führender:1
führen,Dat,Sing,Fem,Pos,ADJ,Weak,führenden:7 | geführten:4 | cdu-geführten:1
ganz,Dat,Sing,Neut,Pos,ADJ,Strong,ganz:12 | ganzen:5 | ganzem:1
ganz,Acc,Sing,Neut,Pos,ADJ,Strong,ganzes:14 | ganz:3
ganz,Dat,Sing,Fem,Pos,ADJ,Strong,ganzen:16 | ganzer:7
ganz,Acc,Sing,Fem,Pos,ADJ,Strong,ganze:74 | ganzen:1
ganz,Acc,Plur,Masc,Pos,ADJ,Strong,ganze:2 | ganzen:1
ganze,Acc,,,,NOUN,,ganze:2 | ganzes:1
geben,Dat,Sing,Masc,Pos,ADJ,Strong,gegebenen:3 | gegebenem:1
geben,Dat,Sing,Fem,Pos,ADJ,Strong,gegebenen:4 | gegebener:2
gefährlich,Dat,Sing,Masc,Pos,ADJ,Strong,gefährlichem:1 | gefährlichen:1
gefährlich,Dat,Sing,Neut,Pos,ADJ,Weak,gefährlichem:1 | gefährlichen:1
gegenwärtig,Dat,Sing,Masc,Pos,ADJ,Strong,gegenwärtigen:2 | gegenwärtigem:1
geheim,Dat,Sing,Fem,Pos,ADJ,Strong,geheimen:3 | geheimer:1
gehen,Acc,Plur,Masc,Pos,ADJ,Strong,gehende:2 | gegangene:1
gehen,Acc,Sing,Neut,Pos,ADJ,Weak,gegangene:2 | gehende:1
gehen,Acc,Sing,Neut,Pos,ADJ,Strong,gegangenes:1 | gehendes:1
gehen,Acc,Sing,Fem,Pos,ADJ,Weak,gehende:2 | gegangene:1
gehen,Dat,Sing,Fem,Pos,ADJ,Weak,gegangenen:1 | gehenden:1
gehen,Dat,Sing,Masc,Pos,ADJ,Weak,gegangenen:2 | gehenden:1
gehören,Acc,Sing,Fem,Pos,ADJ,Weak,gehörte:2 | gehörende:1
geistig,Dat,Sing,Neut,Pos,ADJ,Strong,geistigem:8 | geistigen:1
gemeinnützig,Dat,Sing,Fem,Pos,ADJ,Strong,gemeinnützigen:2 | gemeinnütziger:1
gemeinsam,Dat,Sing,Masc,Pos,ADJ,Strong,gemeinsamen:14 | gemeinsamem:1
gemeinsam,Dat,Sing,Fem,Pos,ADJ,Strong,gemeinsamen:51 | gemeinsamer:2
genannt,Acc,Sing,Neut,Pos,ADJ,Strong,genanntes:2 | genannte:1
genau,Acc,Plur,Fem,Cmp,ADJ,Strong,genauere:5 | genaueren:2
genau,Dat,Sing,Fem,Pos,ADJ,Strong,genauen:4 | genauer:1
genau,Dat,Sing,Masc,Pos,ADJ,Strong,genauen:1 | genauer:1
genau,Acc,Sing,Fem,Pos,ADJ,Weak,genaue:17 | nanometer-genaue:1
genau,Acc,Plur,Fem,Pos,ADJ,Strong,genaue:7 | genauen:3
generell,Dat,Sing,Fem,Pos,ADJ,Strong,generellen:7 | generelle:1
generieren,Dat,Plur,Fem,Pos,ADJ,Strong,computer-generierten:1 | generierten:1
geometrisch,Dat,Sing,Fem,Pos,ADJ,Strong,geometrisch:1 | geometrischen:1
gerecht,Acc,Sing,Fem,Pos,ADJ,Strong,gerechte:1 | tv-gerechte:1
gerichtlich,Acc,Plur,Fem,Pos,ADJ,Strong,gerichtliche:1 | gerichtlichen:1
gerichtlich,Dat,Sing,Masc,Pos,ADJ,Strong,gerichtlichem:3 | gerichtlichen:2
gerichtlich,Dat,Sing,Fem,Pos,ADJ,Strong,gerichtlichen:8 | gerichtlicher:1
gering,Dat,Sing,Fem,Pos,ADJ,Strong,geringer:16 | geringen:4
gering,Dat,Sing,Masc,Pos,ADJ,Strong,geringem:18 | geringen:6
gering,Dat,Sing,Neut,Cmp,ADJ,Strong,geringerem:6 | geringeren:1
gering,Dat,Sing,Neut,Pos,ADJ,Strong,geringem:5 | geringen:1
gering,Dat,Sing,Masc,Cmp,ADJ,Strong,geringeren:6 | geringerem:5
gering,Dat,Sing,Fem,Cmp,ADJ,Strong,geringerer:11 | geringeren:3
gesamt,Acc,Sing,Neut,Pos,ADJ,Strong,gesamt:1 | gesamtes:1
gesamt,Dat,Sing,Neut,Pos,ADJ,Weak,gesamten:67 | gesamtem:2
gesamt,Dat,Sing,,Pos,ADJ,Weak,gesamtem:1 | gesamten:1
geschäftlich,Dat,Sing,Fem,Pos,ADJ,Strong,geschäftlicher:3 | geschäftlichen:2 | geschäftlichem:1
geschäftlich,Dat,Sing,Neut,Pos,ADJ,Strong,geschäftlichen:2 | geschäftlichem:1
gesellschaftlich,Dat,Sing,Fem,Pos,ADJ,Strong,gesellschaftlicher:2 | gesellschaftlichen:1
gesellschaftlich,Acc,Plur,Neut,Pos,ADJ,Strong,gesellschaftliche:3 | gesellschaftlichen:1
gesetzlich,Acc,Plur,Fem,Pos,ADJ,Strong,gesetzliche:8 | gesetzlichen:1
gesetzlich,Dat,Sing,Fem,Pos,ADJ,Strong,gesetzlicher:2 | gesetzlichen:1
gesundheitlich,Acc,Plur,Neut,Pos,ADJ,Strong,gesundheitliche:1 | gesundheitlichen:1
gewaltig,Dat,Sing,Masc,Pos,ADJ,Strong,gewaltigen:5 | gewaltigem:2
gewerblich,Dat,Plur,Masc,Pos,ADJ,Strong,gewerblichen:3 | nicht-gewerblichen:1
gewerkschaftlich,Acc,Sing,Fem,Pos,ADJ,Strong,gewerkschaftliche:3 | anti-gewerkschaftliche:1
gewinnen,Dat,Plur,Neut,Pos,ADJ,Weak,gewinnenden:1 | gewonnenen:1
gewiss,Dat,Sing,Fem,Pos,ADJ,Strong,gewissen:16 | gewisser:6
gewiss,Dat,Sing,Masc,Pos,ADJ,Strong,gewissen:4 | gewissem:3
gewiss,Dat,Sing,Neut,Pos,ADJ,Strong,gewissen:2 | gewissem:1
gewiß,Acc,Sing,Fem,Pos,ADJ,Strong,gewisse:4 | gewiße:1
gewohnt,Dat,Sing,Fem,Pos,ADJ,Strong,gewohnter:7 | gewohnten:1
gewohnt,Dat,Sing,Masc,Pos,ADJ,Strong,gewohnten:2 | gewohntem:1
gleich,Dat,Sing,Masc,Pos,ADJ,,gleichen:190 | gleichem:30
gleich,Acc,Sing,Neut,Pos,ADJ,Strong,gleiche:1 | gleiches:1
gleichzeitig,Dat,Plur,Fem,Pos,ADJ,Strong,gleichzeitigen:1 | gleichzeitiger:1
gleichzeitig,Dat,Sing,Masc,Pos,ADJ,Strong,gleichzeitigen:4 | gleichzeitigem:3
gleichzeitig,Dat,Sing,Fem,Pos,ADJ,Strong,gleichzeitiger:9 | gleichzeitigen:1
global,Dat,Sing,Fem,Pos,ADJ,Strong,globalen:7 | globaler:6 | globale:1
global,Acc,Plur,Fem,Pos,ADJ,Weak,globale:1 | globalen:1
gläsern,Dat,Sing,Masc,Pos,ADJ,Strong,gläsernem:1 | gläsernen:1
grafisch,Dat,Sing,Fem,Pos,ADJ,Strong,grafischer:4 | grafischen:1
groß,Dat,Sing,Masc,Pos,ADJ,Strong,großem:61 | großen:42
groß,Acc,Sing,Fem,Pos,ADJ,Strong,große:160 | grosse:1
groß,Acc,Sing,Fem,Pos,ADJ,Weak,"große:33 | 7,7-mbyte-große:1"
groß,Dat,Sing,Fem,Sup,ADJ,Strong,größter:9 | größten:2
groß,Dat,Sing,Neut,Pos,ADJ,Strong,großen:28 | großem:22
groß,Dat,Sing,Neut,Pos,ADJ,Weak,großen:17 | große:1
groß,Acc,Sing,Masc,Pos,ADJ,Strong,großen:181 | grossen:1
groß,Acc,Plur,Fem,Cmp,ADJ,Strong,größere:17 | grössere:1
groß,Dat,Sing,Fem,Pos,ADJ,Strong,großer:58 | großen:40
groß,Dat,Sing,Neut,Cmp,ADJ,Strong,größeren:10 | größerem:9
groß,Dat,Sing,Masc,Cmp,ADJ,Strong,größerem:13 | größeren:7
groß,Dat,Sing,Masc,,PROPN,,großen:8 | grossen:1
groß,Dat,Sing,Masc,Sup,ADJ,Strong,größtem:6 | größten:1
groß,Acc,Plur,Fem,Pos,ADJ,Strong,große:45 | großen:2
groß,Acc,Plur,Masc,Pos,ADJ,Strong,große:19 | großen:2
groß,Dat,Sing,Fem,Cmp,ADJ,Strong,größeren:17 | größerer:8
groß,Dat,Plur,Fem,Pos,ADJ,Strong,großen:63 | grossen:1
groß,Dat,Plur,Fem,Pos,ADJ,,großen:3 | große:1
groß,Dat,Plur,Neut,Cmp,ADJ,Strong,größeren:19 | größere:1
groß,Acc,Plur,Masc,Sup,ADJ,Strong,größte:1 | größten:1
grundlegend,Dat,Sing,Fem,Pos,ADJ,Strong,grundlegenden:2 | grundlegender:2
grundsätzlich,Dat,Sing,Fem,Pos,ADJ,Strong,grundsätzlichen:1 | grundsätzlicher:1
grün,Dat,Sing,Masc,Pos,ADJ,Strong,grünem:2 | grünen:1
gründen,Dat,Sing,Fem,Pos,ADJ,Strong,gegründeten:6 | gegründete:1
gründen,Acc,Sing,Masc,Pos,ADJ,Weak,gegründeten:1 | gründenden:1
gründen,Acc,Sing,Neut,Pos,ADJ,Weak,gegründete:4 | gründende:1
gründen,Acc,Sing,Fem,Pos,ADJ,Strong,gegründete:2 | gründende:1
gut,Acc,Plur,Masc,Pos,ADJ,Strong,gute:8 | guten:1
gut,Dat,Plur,Fem,Pos,ADJ,Strong,guten:12 | gute:1
gut,Dat,Sing,Neut,Sup,ADJ,Strong,besten:5 | bestem:3
gut,Acc,Plur,Fem,Pos,ADJ,Strong,gute:23 | guten:1
gut,Acc,Sing,Neut,Sup,ADJ,Strong,bestes:3 | beste:2
gut,Dat,Sing,Masc,Pos,ADJ,Strong,gutem:17 | guten:12
gut,Dat,Sing,Neut,Cmp,ADJ,Strong,besserem:1 | besseren:1
gut,Dat,Sing,Fem,Pos,ADJ,Strong,guter:35 | guten:17
gut,Acc,Sing,Neut,,NOUN,,gutes:2 | besseres:1 | beste:1
gut,Dat,Plur,Masc,Pos,ADJ,Strong,guten:13 | gute:1
gut,Dat,Sing,Masc,Sup,ADJ,Strong,bestem:1 | besten:1
gut,Dat,Sing,Fem,Cmp,ADJ,Strong,besseren:14 | besserer:6 | bessere:2
gut,Dat,Sing,Neut,Pos,ADJ,Strong,gutem:17 | guten:10
gut,Acc,,,,NOUN,,gutes:2 | beste:1 | gute:1
gängig,Dat,Sing,Fem,Pos,ADJ,Strong,gängigen:1 | gängiger:1
gültig,Dat,Sing,Fem,Pos,ADJ,Strong,gültigen:2 | gültiger:1
günstig,Dat,Sing,Masc,Pos,ADJ,Strong,günstigen:6 | günstigem:2
günstig,Dat,Sing,Fem,Pos,ADJ,Strong,günstigen:3 | günstiger:2
halb,Dat,Sing,Fem,Pos,ADJ,Strong,halben:20 | halber:9
halb,Dat,Sing,Masc,Pos,ADJ,Strong,halben:3 | halbem:2
halb,Dat,Sing,Neut,Pos,ADJ,Strong,halben:36 | halbem:1
halten,Acc,Sing,Masc,Pos,ADJ,Weak,gehaltenen:2 | haltenden:1
handeln,Dat,Sing,Fem,Pos,ADJ,Weak,gehandelten:1 | handelnden:1
handeln,Acc,Sing,Fem,Pos,ADJ,Strong,gehandelte:1 | handelnde:1
harmonisch,Acc,Sing,Neut,Pos,ADJ,Strong,harmonische:1 | harmonisches:1
harsch,Dat,Sing,Fem,Pos,ADJ,Strong,harscher:2 | harschen:1
hart,Acc,Plur,Fem,Pos,ADJ,Strong,harte:2 | harten:2
hart,Dat,Sing,Fem,Pos,ADJ,Strong,harten:4 | harter:3
hart,Dat,Sing,Masc,Pos,ADJ,Strong,harten:2 | hartem:1
hart,Acc,Sing,Fem,Cmp,ADJ,Strong,härtere:4 | härterer:1
hart,Dat,Sing,Neut,Pos,ADJ,Strong,hartem:1 | harten:1
heftig,Dat,Plur,Masc,Pos,ADJ,Strong,heftigen:7 | heftige:1
heftig,Dat,Sing,Fem,Pos,ADJ,Strong,heftiger:6 | heftigen:3
heftig,Dat,Sing,Masc,Pos,ADJ,Strong,heftigen:3 | heftigem:1
heimisch,Dat,Sing,Neut,Pos,ADJ,Strong,heimischem:1 | heimischen:1
heimisch,Dat,Sing,Fem,Pos,ADJ,Strong,heimischen:1 | heimischer:1
heiß,Dat,Sing,Fem,Pos,ADJ,Strong,heißen:4 | heißer:3
herkömmlich,Dat,Sing,Masc,Pos,ADJ,Strong,herkömmlichen:8 | herkömmlichem:4
herkömmlich,Acc,Sing,Fem,Pos,ADJ,Weak,herkömmliche:2 | herkömmlichen:1
hervorragen,Dat,Sing,Fem,Pos,ADJ,Strong,hervorragenden:1 | hervorragender:1
heutig,Dat,Sing,Masc,Pos,ADJ,Strong,heutigen:5 | heutigem:1
heutig,Dat,Sing,Fem,Pos,ADJ,Strong,heutigen:27 | heutiger:7
historisch,Dat,Sing,Neut,Pos,ADJ,Strong,historischem:2 | historischen:1
historisch,Dat,Sing,Fem,Pos,ADJ,Strong,historisch:1 | historischen:1
hoch,Dat,Sing,Neut,Pos,ADJ,Strong,hohem:28 | hohen:13
hoch,Acc,Plur,Fem,Pos,ADJ,Strong,hohe:26 | hohen:1
hoch,Dat,Sing,Fem,Pos,ADJ,Strong,hoher:60 | hohen:18
hoch,Dat,Sing,Masc,Pos,ADJ,Strong,hohen:20 | hohem:19
hoch,Dat,Sing,Neut,Cmp,ADJ,Strong,höheren:7 | höherem:1
hoch,Acc,Plur,Neut,Pos,ADJ,Strong,hohe:11 | hohen:1
hoch,Dat,Sing,Fem,Cmp,ADJ,Strong,höherer:29 | höheren:9
hoch,Dat,Sing,Masc,Cmp,ADJ,Strong,höherem:17 | höheren:5
hochwertig,Dat,Sing,Fem,Pos,ADJ,Strong,hochwertiger:2 | hochwertigen:1
holländisch,Dat,Plur,Masc,Pos,ADJ,Strong,holländische:1 | holländischen:1
hundertprozentig,Dat,Sing,Fem,Pos,ADJ,Strong,hundertprozentigen:3 | hundertprozentiger:1
ich,Dat,Sing,,,PRON,,mir:285 | mit:1
ihr,Dat,Sing,Masc,,DET,,ihrem:385 | ihren:3
ihr,Acc,Sing,Fem,,DET,,ihre:1114 | ihrer:1
ihr,Dat,Plur,,,DET,,ihren:712 | ihre:4 | ihrer:3
ihr,Dat,Sing,Fem,,DET,,ihrer:769 | ihr:3 | ihre:1
ihr,Dat,Plur,,,PRON,,euch:14 | ihr:1
ihr,Acc,Plur,,,DET,,ihre:1736 | ihren:1
ihr,Dat,,,,DET,,ihr:14 | ihren:1 | ihrer:1
illegal,Dat,Sing,Masc,Pos,ADJ,Strong,illegalen:3 | illegalem:2
illegal,Dat,Sing,Fem,Pos,ADJ,Strong,illegalen:3 | illegaler:3
importieren,Dat,Sing,Fem,Pos,ADJ,Strong,importierten:1 | importierter:1
individuell,Dat,Sing,Fem,Pos,ADJ,Strong,individueller:4 | individuellen:2
individuell,Dat,Plur,Neut,Pos,ADJ,Strong,individuellen:1 | individueller:1
inländisch,Dat,Sing,Neut,Pos,ADJ,Strong,inländischem:1 | inländischen:1
inner,Acc,Plur,Masc,Pos,ADJ,Strong,innere:1 | inneren:1
inoffiziell,Dat,Sing,Fem,Pos,ADJ,Strong,inoffizieller:2 | inoffiziellen:1
installieren,Dat,Plur,Neut,Pos,ADJ,Strong,installierenden:1 | installierten:1
installieren,Acc,Plur,Fem,Pos,ADJ,Strong,installierte:4 | installierende:1
integrieren,Dat,Sing,Masc,Pos,ADJ,Strong,integriertem:47 | integrierten:8
integrieren,Dat,Sing,Fem,Pos,ADJ,Strong,integrierter:52 | integrierten:5
integrieren,Dat,Sing,Neut,Pos,ADJ,Strong,integriertem:20 | integrierten:5
integrieren,Dat,Sing,,Pos,ADJ,Strong,integriertem:16 | integrierten:1
intelligent,Dat,Sing,Neut,Pos,ADJ,Strong,intelligentem:2 | intelligenten:1
intelligent,Dat,Plur,Neut,Pos,ADJ,Strong,intelligenten:4 | intelligente:1
intelligent,Dat,Sing,Fem,Pos,ADJ,Strong,intelligenten:2 | intelligenter:2
intensiv,Dat,Sing,Fem,Pos,ADJ,Strong,intensiven:3 | intensiver:2
intensiv,Dat,Sing,Neut,Pos,ADJ,Strong,intensivem:1 | intensiven:1
interaktiv,Dat,Sing,Neut,Pos,ADJ,Strong,interaktivem:7 | interaktiven:3 | interaktives:1
interaktiv,Dat,Sing,Masc,Pos,ADJ,Strong,interaktivem:1 | interaktiven:1
interaktiv,Dat,Plur,Masc,Pos,ADJ,Strong,interaktiven:7 | interaktive:1
interdisziplinär,Dat,Sing,Fem,Pos,ADJ,Strong,interdisziplinären:1 | interdisziplinärer:1
interessieren,Dat,Sing,Fem,Pos,ADJ,Weak,interessierten:2 | it-interessierten:1
intern,Dat,Sing,Fem,Pos,ADJ,Weak,internen:12 | amazon-internen:1
intern,Dat,Sing,Fem,Pos,ADJ,Strong,internen:13 | interner:4
intern,Acc,Sing,Masc,Pos,ADJ,Strong,internen:16 | microsoft-internen:1
intern,Acc,Sing,Masc,Pos,ADJ,Weak,internen:11 | icann-internen:1
intern,Acc,Sing,Fem,Pos,ADJ,Strong,interne:17 | sap-interne:1
intern,Acc,Plur,Masc,Pos,ADJ,Strong,interne:6 | internen:2
intern,Dat,Plur,Neut,Pos,ADJ,Strong,internen:7 | microsoft-internen:1
intern,Dat,Sing,Neut,Pos,ADJ,Strong,internen:18 | internem:1
intern,Dat,Sing,Masc,Pos,ADJ,Strong,internen:11 | internem:7
international,Dat,Sing,Masc,Pos,ADJ,Strong,internationalen:5 | internationalem:2
international,Acc,Plur,Fem,Pos,ADJ,Weak,internationalen:9 | internationale:1
international,Dat,Plur,Fem,Pos,ADJ,Strong,internationalen:27 | internationale:1
international,Dat,Sing,Fem,Pos,ADJ,Strong,internationalen:23 | internationaler:19
international,Dat,Sing,Neut,Pos,ADJ,Strong,internationalen:9 | internationalem:3
international,Dat,Sing,,Pos,ADJ,Weak,internationalem:1 | internationalen:1
international,Acc,Plur,Neut,Pos,ADJ,Strong,internationale:12 | internationalen:2
international,Acc,Plur,Masc,Pos,ADJ,Strong,internationale:5 | internationalen:3
irrsinnig,Dat,Sing,Fem,Pos,ADJ,Strong,irrsinnigen:1 | irrsinniger:1
israelisch,Dat,Sing,Fem,Pos,ADJ,Weak,israelischen:3 | pro-israelischen:1
israelisch,Dat,Plur,Masc,Pos,ADJ,Strong,israelischen:4 | pro-israelischen:2
israelisch,Dat,Sing,Neut,Pos,ADJ,Weak,israelischen:4 | mittel-israelischen:1
israelisch,Acc,Plur,Masc,Pos,ADJ,Strong,israelische:1 | pro-israelische:1
italienisch,Dat,Sing,Neut,Pos,ADJ,Strong,italienischen:3 | italienischem:1
italienisch,Acc,Sing,Masc,Pos,ADJ,Strong,italienischen:3 | italienisch:1
italienisch,Dat,Plur,Masc,Pos,ADJ,Strong,italienischen:5 | italienische:1
jahrelang,Dat,Sing,Fem,Pos,ADJ,Strong,jahrelanger:3 | jahrelangen:1
japanisch,Dat,Sing,Fem,Pos,ADJ,Strong,japanischen:4 | japanischer:1
japanisch,Dat,Sing,Neut,Pos,ADJ,Weak,japanischen:18 | japanische:1
japanisch,Dat,Sing,Neut,Pos,ADJ,Strong,japanischem:2 | japanischen:1
japanisch,Dat,Plur,Masc,Pos,ADJ,Strong,japanischen:15 | japanische:1
japanisch,Dat,Sing,Masc,Pos,ADJ,Strong,japanischem:3 | japanischen:3
japanisch,Dat,Sing,,Pos,ADJ,Weak,japanischen:5 | japanischem:1
jeder,Acc,Sing,Masc,,DET,,jeden:425 | jede:1
jeder,Dat,Sing,Masc,,DET,,jedem:299 | jeden:7 | jeder:1
jeder,Dat,Sing,Neut,,DET,,jedem:139 | jeden:1
jeder,Acc,Sing,,,DET,,jeden:1 | jedes:1
jemand,Acc,Sing,,,PRON,,jemanden:21 | jemand:11
jemand,Dat,Sing,,,PRON,,jemandem:7 | jemanden:3 | jemand:2
jener,Dat,Sing,Masc,,DET,,jenem:5 | jenen:1
jener,Acc,,,,DET,,jenen:1 | jener:1
jener,Dat,,,,DET,,jenem:3 | jener:1
jetzig,Dat,Sing,Masc,Pos,ADJ,Strong,jetzigen:2 | jetzigem:1
jeweilig,Acc,Plur,Fem,Pos,ADJ,Strong,jeweiligen:2 | jeweilige:1
jeweilig,Dat,Sing,Neut,Pos,ADJ,Strong,jeweiligen:3 | jeweiligem:1
jung,Dat,Plur,Masc,Pos,ADJ,Strong,jungen:15 | junge:1
jung,Dat,Sing,Neut,Pos,ADJ,Strong,jungem:2 | jungen:2
jung,Dat,Sing,Fem,Sup,ADJ,Strong,jüngster:25 | jüngsten:16
juristisch,Dat,Sing,Fem,Pos,ADJ,Strong,juristischer:6 | juristischen:5
juristisch,Dat,Sing,Neut,Pos,ADJ,Strong,juristischen:3 | juristischem:1
jährig,Acc,Sing,Fem,Pos,ADJ,Strong,20-jährige:1 | 50-jährige:1 | jährige:1
jährig,Dat,Sing,Fem,Pos,ADJ,Weak,40-jährigen:2 | 16-jährigen:1 | 19-jährigen:1 | 44-jährigen:1 | 70-jährigen:1
jährig,Dat,Sing,Neut,Pos,ADJ,Weak,46-jährigen:1 | 50-jährigen:1
jährig,Acc,Sing,Masc,Pos,ADJ,Weak,17-jährigen:1 | 25-jährigen:1 | 27-jährigen:1 | 50-jährigen:1 | 61-jährigen:1
jährig,Acc,Sing,Masc,Pos,ADJ,Strong,16-jährigen:1 | 20-jährigen:1 | 33-jährigen:1 | 39-jährigen:1 | 50-jährigen:1
jährig,Dat,Sing,Masc,Pos,ADJ,Weak,18-jährigen:1 | 20-jährigen:1
jährlich,Dat,Sing,Masc,Pos,ADJ,Strong,jährlichen:4 | jährlichem:1
kalifornisch,Dat,Sing,Neut,Pos,ADJ,Strong,kalifornischem:3 | kalifornischen:2
kalt,Dat,Sing,Fem,Pos,ADJ,Strong,kalten:1 | kalter:1
katholisch,Dat,Sing,Fem,,PROPN,,katholischen:2 | katholische:1
kaufen,Dat,Sing,Fem,Pos,ADJ,Strong,gekauften:1 | gekaufter:1
kein,Dat,Sing,Masc,,DET,,keinem:53 | keinen:1
kein,Acc,Sing,Neut,,DET,,kein:445 | keines:6 | keins:1
kein,Dat,Sing,Neut,,DET,,keinem:57 | kein:1 | keine:1
kein,Acc,Sing,,,DET,,keine:1 | keinen:1
kein,Acc,,,,DET,,keiner:1 | keines:1 | keins:1
klar,Dat,Sing,Fem,Pos,ADJ,Strong,klaren:4 | klarer:1
klar,Dat,Sing,Neut,Pos,ADJ,Strong,klarem:1 | klaren:1
klar,Dat,Sing,Masc,Pos,ADJ,Strong,klarem:2 | klaren:1
klassisch,Dat,Sing,Fem,Pos,ADJ,Strong,klassischer:2 | klassischen:1
klassisch,Dat,Sing,Neut,Pos,ADJ,Strong,klassischen:4 | klassischem:2
klassisch,Dat,Sing,Masc,Pos,ADJ,Strong,klassischem:2 | klassischen:2
klein,Dat,Sing,Neut,Pos,ADJ,Weak,kleinen:5 | kleine:1
klein,Dat,Sing,Neut,Pos,ADJ,Strong,kleinen:9 | kleinem:1
klein,Acc,Plur,Neut,Pos,ADJ,Strong,kleine:27 | kleinen:1
klein,Acc,Plur,Masc,Pos,ADJ,Strong,kleine:15 | kleinen:1
klein,Dat,Sing,Fem,Pos,ADJ,Strong,kleinen:42 | kleiner:6
klein,Dat,Sing,Masc,Pos,ADJ,Strong,kleinen:15 | kleinem:4 | kleiner:1
klein,Dat,Sing,Neut,Cmp,ADJ,Strong,kleineren:2 | kleinerem:1
klein,Acc,Sing,Masc,Cmp,ADJ,Strong,kleinere:1 | kleineren:1
klein,Acc,Sing,Fem,Sup,ADJ,Weak,kleinste:2 | kleinsten:1
klein,Dat,Plur,,Pos,ADJ,Strong,kleinen:2 | kleine:1
klein,Dat,Sing,Fem,Sup,ADJ,Strong,kleinsten:1 | kleinster:1
klein,Dat,Sing,Fem,Cmp,ADJ,Strong,kleineren:6 | kleinerer:2
klein,Acc,Plur,Neut,Cmp,ADJ,Strong,kleinere:21 | kleineren:1
klein,Dat,Sing,Masc,Cmp,ADJ,Strong,kleineren:4 | kleinerem:2
knapp,Dat,Sing,Neut,Pos,ADJ,Strong,knappen:7 | knappem:1
knapp,Dat,Sing,Fem,Pos,ADJ,Strong,knappen:6 | knapper:4
kollektiv,Dat,Sing,Fem,Pos,ADJ,Strong,kollektiver:2 | kollektiven:1
komfortabel,Acc,Plur,Fem,Pos,ADJ,Strong,komfortablen:2 | komfortable:1
kommen,Dat,Sing,Masc,Pos,ADJ,Weak,kommenden:103 | gekommenen:1
kommen,Dat,Sing,Masc,Pos,ADJ,Strong,kommenden:12 | kommendem:4 | gekommenem:1
kommen,Dat,Sing,Neut,Pos,ADJ,Strong,kommendem:2 | kommenden:1
kommen,Dat,Sing,Fem,Pos,ADJ,Weak,kommenden:56 | gekommenen:1
kommen,Dat,Sing,Fem,Pos,ADJ,Strong,kommenden:2 | kommender:2
kommen,Acc,Sing,Neut,Pos,ADJ,Weak,kommende:44 | gekommene:1
kommen,Acc,Sing,Neut,Pos,ADJ,Strong,gekommenes:2 | kommendes:2
kommen,Dat,Plur,Fem,Pos,ADJ,Weak,kommenden:20 | gekommenen:1
kommen,Acc,Sing,Masc,Pos,ADJ,Weak,kommenden:14 | gekommenen:2
kommen,Acc,Sing,Fem,Pos,ADJ,Weak,kommende:16 | gekommene:1
kommerziell,Acc,Sing,Fem,Pos,ADJ,Strong,kommerzielle:8 | nicht-kommerzielle:3
kommerziell,Dat,Plur,Masc,Pos,ADJ,Strong,kommerziellen:12 | nicht-kommerziellen:1
kommerziell,Acc,Plur,Masc,Pos,ADJ,Strong,kommerzielle:8 | nicht-kommerzielle:2
kommerziell,Dat,Sing,Masc,Pos,ADJ,Weak,kommerziellen:9 | nicht-kommerziellen:1
kommerziell,Dat,Sing,Fem,Pos,ADJ,Strong,kommerzieller:7 | kommerziellen:5
kommerziell,Acc,Sing,Masc,Pos,ADJ,,kommerziellen:23 | nicht-kommerziellen:6
kommerziell,Acc,Plur,Fem,Pos,ADJ,Strong,kommerzielle:8 | nicht-kommerzielle:3 | kommerziellen:1
kompakt,Dat,Sing,Masc,Pos,ADJ,Strong,kompaktem:1 | kompakten:1
kompakt,Dat,Sing,Neut,Pos,ADJ,Strong,kompakten:2 | kompaktem:1
komplett,Dat,Sing,Masc,Pos,ADJ,Strong,kompletten:2 | komplettem:1
komplizieren,Dat,Sing,Fem,Pos,ADJ,Strong,komplizierten:1 | komplizierter:1
komprimieren,Dat,Sing,Neut,Pos,ADJ,Weak,komprimierten:2 | komprimierenden:1
komprimieren,Acc,Plur,Fem,Pos,ADJ,Strong,komprimierte:1 | s3tc-komprimierte:1
konkret,Acc,Plur,Fem,Pos,ADJ,Strong,konkrete:13 | konkreten:5
konkret,Acc,Plur,Neut,Pos,ADJ,Strong,konkrete:8 | konkreten:2
konkret,Acc,Plur,Masc,Pos,ADJ,Strong,konkrete:4 | konkreten:3
konstant,Dat,Sing,Fem,Pos,ADJ,Strong,konstanten:2 | konstanter:2
konventionell,Dat,Sing,Fem,Pos,ADJ,Strong,konventioneller:3 | konventionellen:2
koordinieren,Acc,Sing,Fem,Pos,ADJ,Strong,koordinierende:1 | koordinierte:1
kostenlos,Dat,Sing,Fem,Pos,ADJ,Strong,kostenlosen:9 | kostenloser:5
kostenlos,Dat,Sing,Neut,Pos,ADJ,Strong,kostenlosen:2 | kostenlosem:1
kostenlos,Acc,Plur,Neut,Pos,ADJ,Weak,kostenlosen:3 | kostenlose:1
kostenlos,Dat,Sing,Masc,Pos,ADJ,Strong,kostenlosem:3 | kostenlosen:3
kostenlos,Acc,Plur,Masc,Pos,ADJ,Strong,kostenlose:6 | kostenlosen:1
kreativ,Dat,Sing,Fem,Pos,ADJ,Strong,kreativen:2 | kreativer:1
kreativ,Dat,Sing,Neut,Pos,ADJ,Strong,kreativem:1 | kreativen:1
kriminell,Acc,Plur,Fem,Pos,ADJ,Strong,kriminelle:4 | kriminellen:1
kriminell,Dat,Sing,Fem,Pos,ADJ,Strong,krimineller:3 | kriminellen:2
kritisch,Dat,Sing,Fem,Pos,ADJ,Strong,kritischen:9 | kritischer:4
kritisch,Dat,Sing,Masc,Pos,ADJ,Strong,kritischem:4 | intel-kritischen:1 | kritischen:1
kritisch,Acc,Sing,Neut,Pos,ADJ,Strong,kritisches:2 | gez-kritisches:1
kritisch,Acc,Plur,Masc,Pos,ADJ,Strong,kritische:5 | kritischen:1
kritisch,Dat,Plur,Fem,Pos,ADJ,Strong,kritischen:4 | kreml-kritischen:1
kräftig,Dat,Sing,Masc,Pos,ADJ,Strong,kräftigen:6 | kräftigem:1
kräftig,Dat,Sing,Neut,Pos,ADJ,Strong,kräftigem:2 | kräftigen:2
kräftig,Dat,Sing,Fem,Pos,ADJ,Strong,kräftigen:2 | kräftiger:2
kulturell,Acc,Plur,Neut,Pos,ADJ,Strong,kulturelle:3 | kulturellen:1
kurz,Dat,Sing,Neut,Pos,ADJ,Strong,kurzem:3 | kurzen:1
kurz,Dat,Sing,Fem,Pos,ADJ,Strong,kurzer:42 | kurzen:11 | kurze:1 | kurzem:1
kurz,Dat,Sing,Masc,Pos,ADJ,,kurzen:15 | kurzem:7
kurz,Dat,Sing,Fem,Cmp,ADJ,Strong,kürzerer:2 | kürzeren:1
künftig,Acc,Plur,Fem,Pos,ADJ,Strong,künftige:21 | künftigen:2
künftig,Acc,Plur,Masc,Pos,ADJ,Strong,künftige:4 | künftigen:1
künstlich,Acc,Plur,Masc,Pos,ADJ,Strong,künstliche:1 | künstlichen:1
laden,Acc,Plur,Masc,Pos,ADJ,Strong,geladene:1 | geladenen:1
lang,Dat,Sing,Fem,Cmp,ADJ,Strong,längerer:29 | längeren:4
lang,Dat,Sing,Fem,Cmp,ADJ,Weak,längerem:2 | längeren:1
lang,Dat,Sing,Neut,Pos,ADJ,Strong,langem:12 | langen:2
lang,Dat,Sing,Masc,Cmp,ADJ,Strong,längerem:2 | längeren:2
lang,Dat,Sing,Masc,Pos,ADJ,,langen:9 | langem:2
lang,Dat,Sing,Fem,Pos,ADJ,Strong,langer:24 | langen:12
lang,Dat,Plur,Fem,Pos,ADJ,Strong,langen:23 | langer:1
langfristig,Acc,Plur,Masc,Pos,ADJ,Strong,langfristige:2 | langfristigen:1
langjährig,Acc,Plur,Fem,Pos,ADJ,Strong,langjährige:1 | langjährigen:1
langjährig,Dat,Sing,Fem,Pos,ADJ,Strong,langjährigen:1 | langjähriger:1
langsam,Dat,Sing,Fem,Pos,ADJ,Strong,langsamen:2 | langsamer:2
laufen,Dat,Sing,Neut,Pos,ADJ,Strong,laufendem:2 | laufenden:1
laufen,Dat,Sing,Fem,Pos,ADJ,Strong,laufenden:4 | laufender:2
laufen,Dat,Sing,,Pos,ADJ,Weak,laufendem:1 | laufenden:1
leer,Dat,Sing,Neut,Pos,ADJ,Strong,leeren:3 | leerem:1
legal,Dat,Sing,Masc,Pos,ADJ,Strong,legalem:3 | legalen:2
leicht,Dat,Sing,Fem,Pos,ADJ,Strong,leichten:4 | leichter:3
leicht,Dat,Sing,Masc,Pos,ADJ,Strong,leichtem:3 | leichten:3
leistungsfähig,Dat,Sing,Fem,Pos,ADJ,Strong,leistungsfähigen:2 | leistungsfähiger:2
letzt,Dat,Sing,Fem,Pos,ADJ,Strong,letzter:3 | letzten:2
letzt,Dat,Plur,Neut,Pos,ADJ,Weak,letzten:15 | letzen:1
letzte,Dat,Sing,Fem,Pos,ADJ,Strong,letzter:49 | letzten:1
letzte,Dat,Sing,Masc,Sup,ADJ,Strong,letztem:4 | letzten:2
letzte,Dat,Sing,Fem,Sup,ADJ,Strong,letzter:102 | letzten:7 | letzte:1
letzte,Dat,Sing,Neut,Sup,ADJ,Weak,letzten:234 | letzte:1 | letztem:1
letzte,Dat,Sing,Neut,Sup,ADJ,Strong,letztem:7 | letzten:1
liberal,Dat,Sing,Fem,Pos,ADJ,Strong,liberalen:1 | liberaler:1
liberal,Dat,Sing,Fem,Pos,ADJ,Weak,liberalen:2 | christlich-liberalen:1
liegen,Acc,Sing,Fem,Pos,ADJ,,gelegene:3 | liegende:2
liegen,Acc,Plur,Masc,Pos,ADJ,Strong,gelegene:1 | liegende:1
liegen,Acc,Sing,Masc,Pos,ADJ,,liegenden:5 | gelegenen:3
liegen,Dat,Sing,Neut,Pos,ADJ,Weak,liegenden:2 | gelegenen:1
liegend,Dat,Sing,Fem,Pos,ADJ,Weak,liegenden:2 | liegende:1
logisch,Dat,Plur,Fem,Pos,ADJ,Strong,logische:1 | logischen:1
logisch,Dat,Plur,Masc,Pos,ADJ,Strong,logischen:2 | digital-logischen:1
lokal,Dat,Plur,Fem,Pos,ADJ,Strong,lokalen:9 | lokaler:1
lokal,Dat,Sing,Neut,Pos,ADJ,Strong,lokalen:3 | lokalem:1
lokal,Acc,Sing,Masc,Pos,ADJ,Strong,lokalen:11 | virtuell-lokalen:1
lokal,Dat,Sing,Fem,Pos,ADJ,Strong,lokaler:6 | lokalen:4 | lokale:1
lokal,Dat,Plur,Masc,Pos,ADJ,Strong,lokalen:12 | lokale:1
machen,Dat,Sing,Fem,Pos,ADJ,Weak,gemachten:1 | machenden:1
mager,Dat,Sing,Fem,Pos,ADJ,Strong,mageren:2 | magerer:1
magnetisch,Dat,Sing,Fem,Pos,ADJ,Strong,magnetischen:1 | magnetischer:1
mancher,Dat,Plur,,,DET,,manchen:65 | manche:1
mancher,Dat,,,,DET,,manchem:1 | manches:1
manuell,Dat,Sing,Fem,Pos,ADJ,Strong,manuellen:1 | manueller:1
massiv,Dat,Plur,Fem,Pos,ADJ,Strong,massiven:17 | massive:1
massiv,Dat,Sing,Masc,Pos,ADJ,Strong,massiven:5 | massivem:3
massiv,Dat,Sing,Neut,Pos,ADJ,Strong,massiven:2 | massivem:1 | massives:1
massiv,Dat,Sing,Fem,Pos,ADJ,Strong,massiven:6 | massiver:6
mathematisch,Dat,Sing,Fem,Pos,ADJ,Strong,mathematischen:1 | mathematischer:1
maximal,Dat,Sing,Fem,Pos,ADJ,Strong,maximalen:17 | maximaler:9
medizinisch,Acc,Plur,Neut,Pos,ADJ,Strong,medizinische:1 | medizinischen:1
mehr,Dat,Plur,Fem,Cmp,DET,,mehreren:18 | mehrerer:1
mehr,Acc,Plur,Masc,Cmp,DET,,mehrere:22 | mehr:1
mehr,Acc,Plur,Fem,Cmp,DET,,mehrere:24 | mehr:1
mehrjährig,Dat,Sing,Fem,Pos,ADJ,Strong,mehrjährige:1 | mehrjährigen:1 | mehrjähriger:1
mein,Dat,Sing,Neut,,DET,,meinem:17 | mein:1
mein,Dat,Sing,Fem,,DET,,meiner:55 | meine:1
mein,Dat,Plur,,,DET,,meinen:7 | meine:1
menschlich,Dat,Sing,Neut,Pos,ADJ,Strong,menschlichem:1 | menschlichen:1
militärisch,Acc,Sing,Fem,Pos,ADJ,Weak,militärische:2 | militärischen:1
militärisch,Dat,Sing,Neut,Pos,ADJ,Strong,militärischen:1 | nicht-militärischen:1
militärisch,Dat,Sing,Fem,Pos,ADJ,,militärischer:4 | militärischen:3
militärisch,Acc,Plur,Neut,Pos,ADJ,Strong,militärische:3 | nicht-militärische:2 | militärischen:1
mischen,Dat,Sing,Neut,Pos,ADJ,Strong,gemischtem:2 | gemischten:2
mischen,Dat,Sing,Fem,Pos,ADJ,Strong,gemischten:1 | gemischter:1
mitliefern,Dat,Sing,Masc,Pos,ADJ,Strong,mitgeliefertem:1 | mitgelieferten:1
mittlere,Dat,Sing,Fem,Pos,ADJ,Strong,mittleren:3 | mittlerer:1
mobil,Dat,Sing,Fem,,PROPN,,mobile:1 | mobiler:1
mobil,Dat,Sing,Neut,Pos,ADJ,Strong,mobilem:4 | mobilen:3 | mobil:1
mobil,Dat,Sing,Fem,Pos,ADJ,Strong,mobiler:4 | mobile:1 | mobilen:1
mobil,Acc,Plur,Masc,Pos,ADJ,Strong,mobile:15 | mobilen:1
modern,Dat,Sing,Fem,Pos,ADJ,Strong,moderner:13 | modernen:2 | moderne:1
modern,Dat,Sing,Neut,Pos,ADJ,Strong,modernen:3 | modernem:2
momentan,Dat,Sing,Fem,Pos,ADJ,Strong,momentanen:2 | momentaner:1
monatlich,Dat,Sing,Fem,Pos,ADJ,Strong,monatlichen:11 | monatlicher:4
monatlich,Dat,Sing,Masc,Pos,ADJ,Strong,monatlichen:9 | monatlichem:1
musikalisch,Acc,Plur,Fem,Pos,ADJ,Strong,musikalische:2 | musikalischen:2
musikalisch,Dat,Sing,Fem,Pos,ADJ,Strong,musikalischen:1 | musikalischer:1
männlich,Acc,Plur,Fem,Pos,ADJ,Strong,männliche:3 | männlichen:1
mäßig,Dat,Sing,Masc,Pos,ADJ,Strong,mäßigem:4 | mäßigen:1
möglich,Acc,Plur,Fem,Pos,ADJ,Strong,mögliche:40 | möglichen:1
möglich,Dat,Sing,Fem,Pos,ADJ,Strong,möglichen:14 | möglicher:3
mündlich,Dat,Sing,Fem,Pos,ADJ,Strong,mündlichen:15 | mündlicher:2
nachlassen,Dat,Sing,Fem,Pos,ADJ,Strong,nachlassenden:1 | nachlassender:1
nah,Acc,Sing,Fem,Pos,ADJ,Weak,nahe:10 | fdp-nahe:1
nah,Dat,Sing,Masc,Pos,ADJ,Weak,nahen:9 | nächsten:1
nah,Dat,Plur,Masc,Pos,ADJ,Strong,at&t-nahen:1 | fpö-nahen:1 | nahen:1
nah,Dat,Sing,Fem,Pos,ADJ,Weak,nahen:4 | scientology-nahen:1
nah,Dat,Sing,Fem,Cmp,ADJ,Strong,näherer:7 | näheren:1
nah,Acc,Sing,Neut,Pos,ADJ,Weak,nahe:1 | nächste:1
nah,Dat,Sing,,Pos,ADJ,Weak,microsoft-nahen:1 | nahen:1
naheliegen,Dat,Sing,Masc,Pos,ADJ,Weak,nahegelegenen:1 | naheliegenden:1
national,Acc,Plur,Neut,Pos,ADJ,Strong,nationale:9 | nationalen:2
national,Dat,Sing,Fem,,PROPN,,national:4 | nationalen:1
national,Dat,Sing,Neut,Pos,ADJ,Strong,nationalem:3 | nationalen:2
national,Dat,Sing,Fem,Pos,ADJ,Strong,nationaler:14 | nationalen:3
national,Dat,Sing,Masc,Pos,ADJ,Strong,nationalem:1 | nationalen:1
natürlich,Dat,Sing,Fem,Pos,ADJ,Strong,natürlichen:1 | natürlicher:1
natürlich,Dat,Sing,Masc,Pos,ADJ,Strong,natürlichem:1 | natürlichen:1
negativ,Acc,Plur,Fem,Pos,ADJ,Strong,negative:7 | negativen:2
nennen,Dat,Sing,Fem,Pos,ADJ,Strong,genannten:8 | genannter:7 | genannte:1
nennen,Dat,Sing,,Pos,ADJ,Strong,genanntem:2 | genannten:1
nennenswert,Acc,Plur,Neut,Pos,ADJ,Strong,nennenswerte:1 | nennenswerten:1
nennenswert,Acc,Plur,Fem,Pos,ADJ,Strong,nennenswerte:2 | nennenswerten:1
nennenswert,Dat,Sing,Masc,Pos,ADJ,Strong,nennenswertem:2 | nennenswerten:2
nett,Dat,Sing,Fem,Pos,ADJ,Strong,netten:4 | netter:1
neu,Acc,Plur,Fem,Sup,ADJ,Strong,neusten:2 | neueste:1 | neuesten:1
neu,Dat,Plur,Neut,Pos,ADJ,Strong,neuen:107 | neue:4
neu,Dat,Sing,Neut,Pos,ADJ,Strong,neuen:58 | neuem:38
neu,Dat,Plur,Neut,Sup,ADJ,Weak,neuesten:1 | neusten:1
neu,Dat,Sing,Masc,Pos,ADJ,,neuen:536 | neuem:39
neu,Acc,Plur,Masc,Pos,ADJ,Strong,neue:149 | neuen:3
neu,Acc,Sing,Neut,Pos,ADJ,Strong,neues:228 | neue:1
neu,Dat,Sing,Fem,Pos,ADJ,Strong,neuen:128 | neuer:69 | neue:2
neu,Dat,Sing,Fem,,PROPN,,neuen:2 | neue:1 | neuer:1
neu,Acc,Plur,Fem,Pos,ADJ,,neue:158 | neuen:98
neu,Acc,Plur,Neut,Pos,ADJ,Strong,neue:119 | neuen:6
neu,Acc,Sing,Neut,,PROPN,,neue:1 | neues:1
neu,Dat,Plur,Fem,Pos,ADJ,Strong,neuen:139 | neue:1
neu,Dat,Sing,Fem,Cmp,ADJ,Strong,neuerer:2 | neueren:1
neu,Acc,Plur,Neut,Sup,ADJ,Weak,neuesten:6 | neusten:1
neu,Acc,Plur,Neut,Sup,ADJ,Strong,neuesten:3 | neueste:1
neu,Dat,Sing,Neut,Sup,ADJ,Weak,neuesten:5 | neusten:1
neu,Dat,Sing,Neut,Sup,ADJ,Strong,neuesten:2 | neuestem:1
neu,Acc,Plur,,Pos,ADJ,Strong,neue:11 | neuen:1
neu,Dat,Sing,,Pos,ADJ,Strong,neuem:11 | neuen:3
neu,Dat,Sing,Fem,Sup,ADJ,Strong,neuesten:15 | neuester:4 | neusten:1
neu,Dat,Sing,Fem,Sup,ADJ,Weak,neuesten:30 | neusten:1
neu,Dat,Sing,Masc,Sup,ADJ,Weak,neuesten:16 | neusten:1
neu,Dat,Sing,Masc,Sup,ADJ,Strong,neuestem:2 | neuesten:1
neuartig,Dat,Sing,Fem,Pos,ADJ,Strong,neuartigen:1 | neuartiger:1
neutral,Dat,Sing,Fem,Pos,ADJ,Strong,neutralen:1 | neutraler:1
neutral,Acc,Sing,Masc,Pos,ADJ,Strong,technologie-neutralen:1 | verkäufer-neutralen:1
niederländisch,Dat,Sing,Masc,Pos,ADJ,Weak,niederländischen:19 | niederländischer:1
niederländisch,Dat,Sing,Fem,Pos,ADJ,Weak,niederländischen:11 | deutsch-niederländischen:1 | niederländische:1
niederländisch,Dat,Sing,Fem,Pos,ADJ,Strong,niederländischen:2 | niederländischer:1
niedrig,Dat,Sing,Neut,Pos,ADJ,Strong,niedrigem:13 | niedrigen:5
niedrig,Dat,Sing,Masc,Pos,ADJ,Strong,niedrigem:7 | niedrigen:5
niedrig,Dat,Sing,Fem,Pos,ADJ,Strong,niedriger:8 | niedrigen:4
niedrig,Dat,Sing,Neut,Cmp,ADJ,Strong,niedrigerem:2 | niedrigeren:1
niedrig,Dat,Sing,Fem,Cmp,ADJ,Strong,niedrigerer:7 | niedrigeren:4
niedrig,Dat,Plur,Masc,Cmp,ADJ,Strong,niedrigeren:10 | niedrigerer:1
niedrig,Dat,Sing,Masc,Cmp,ADJ,Strong,niedrigeren:7 | niedrigerem:4
niemand,Acc,Sing,,,PRON,,niemanden:23 | niemand:13
niemand,Dat,Sing,,,PRON,,niemandem:12 | niemand:2
normal,Dat,Sing,Neut,Pos,ADJ,Strong,normalen:9 | normalem:3
normal,Dat,Sing,Fem,Pos,ADJ,Strong,normaler:8 | normalen:2
normal,Dat,Sing,Masc,Pos,ADJ,Strong,normalen:8 | normalem:4
notwendig,Acc,Plur,Fem,Pos,ADJ,Weak,notwendigen:24 | notwendige:1
notwendig,Dat,Sing,Neut,Pos,ADJ,Strong,notwendigem:1 | notwendigen:1
null,Dat,Sing,Fem,Sup,ADJ,Weak,höchsten:8 | obersten:4 | bestmöglichen:2 | vordersten:2 | vorletzten:2 | übernächsten:2 | äußersten:1
null,Dat,Sing,Fem,Sup,ADJ,Strong,höchster:10 | vorderster:5 | oberster:2 | letzten:1 | äußerster:1
null,Dat,Sing,Neut,Sup,ADJ,Weak,obersten:8 | übernächsten:7 | höchsten:2 | letzten:1 | untersten:1
null,Dat,Plur,Neut,Sup,ADJ,Strong,höchsten:2 | minimalen:1
null,Acc,Sing,Fem,Sup,ADJ,Weak,höchste:9 | bestmögliche:2 | allerhöchste:1 | höchstmögliche:1 | unterste:1 | vorderste:1
null,Acc,Sing,Fem,Sup,ADJ,Strong,minimale:3 | weitestgehende:2 | bestmögliche:1 | höchste:1 | letzte:1 | übernächste:1
null,Acc,Sing,Neut,Sup,ADJ,Weak,oberste:9 | höchste:8 | meistbietende:1
null,Acc,Sing,Masc,Sup,ADJ,Weak,höchsten:14 | obersten:3 | allerneuesten:1 | minimalen:1
null,Acc,Sing,Masc,Sup,ADJ,Strong,höchsten:2 | minimalen:2
null,Dat,Sing,Masc,Sup,ADJ,Weak,obersten:5 | vorletzten:2 | höchsten:1 | meistbietenden:1 | äußersten:1
null,Dat,Sing,Masc,Sup,ADJ,Strong,minimalem:2 | obersten:1
null,Acc,Plur,Masc,Sup,ADJ,Weak,höchsten:3 | minimalen:1 | obersten:1
null,Dat,Plur,Masc,Sup,ADJ,Strong,höchsten:1 | minimalen:1
null,Dat,Plur,Masc,Sup,ADJ,Weak,höchsten:3 | obersten:1 | übernächsten:1
null,Acc,Plur,Fem,Sup,ADJ,Weak,höchsten:1 | obersten:1
nutzen,Acc,Sing,Masc,Pos,ADJ,Weak,genutzten:2 | nutzenden:1
nächste,Dat,Sing,Neut,Pos,ADJ,Strong,nächsten:2 | nächstem:1
nächste,Dat,Sing,Fem,Pos,ADJ,Strong,nächster:6 | nächsten:3
nächste,Dat,Sing,Masc,Sup,ADJ,Strong,nächsten:7 | nächstem:3
nächste,Acc,Sing,Neut,Pos,ADJ,,nächste:15 | nächstes:2
nächste,Dat,Sing,Fem,Sup,ADJ,Strong,nächster:25 | nächsten:6
nächste,Dat,Sing,Neut,Sup,ADJ,,nächsten:166 | nächstem:4
nächste,Acc,Sing,Masc,Sup,ADJ,Weak,nächsten:18 | nächste:1
offen,Dat,Sing,Neut,Pos,ADJ,Strong,offenen:3 | offenem:2
offen,Dat,Sing,Fem,Pos,ADJ,Strong,offenen:8 | offener:6 | offene:1
offen,Dat,Sing,Masc,Pos,ADJ,Strong,offenen:48 | offenem:1
offiziell,Dat,Sing,Fem,Pos,ADJ,Weak,offiziellen:63 | offizielle:2
offiziell,Dat,Sing,Fem,Pos,ADJ,Strong,offiziellen:20 | offizieller:16
offiziell,Dat,Plur,Fem,Pos,ADJ,Weak,offiziellen:6 | nicht-offiziellen:1
offiziell,Acc,Plur,Masc,Pos,ADJ,Strong,offizielle:2 | offiziellen:1
offiziell,Dat,Sing,Masc,Pos,ADJ,Strong,offiziellem:3 | offiziellen:3
offiziell,Acc,Plur,Fem,Pos,ADJ,Strong,offizielle:5 | offiziellen:1
offiziell,Dat,Plur,,Pos,ADJ,Strong,netscape-offiziellen:1 | offiziellen:1
ominös,Dat,Sing,Neut,Pos,ADJ,Strong,ominösem:1 | ominösen:1
optimieren,Acc,Sing,Fem,Pos,ADJ,Strong,optimierte:4 | web-optimierte:1
optisch,Dat,Plur,Neut,Pos,ADJ,Strong,optischen:32 | magneto-optischen:1
optisch,Acc,Sing,Fem,Pos,ADJ,Strong,optische:4 | magneto-optische:1
optisch,Dat,Sing,Neut,Pos,ADJ,Strong,optischem:1 | optischen:1
optisch,Dat,Sing,Masc,Pos,ADJ,Strong,optischen:4 | optischem:3
optisch,Acc,Plur,Masc,Pos,ADJ,Strong,optische:5 | fiber-optische:1 | magneto-optische:1
optisch,Dat,Sing,Fem,Pos,ADJ,Strong,optischen:5 | optischer:2
optisch,Dat,Plur,Fem,Pos,ADJ,Strong,optischen:11 | optische:1
organisatorisch,Acc,Plur,Fem,Pos,ADJ,Strong,organisatorische:2 | organisatorischen:1
organisch,Dat,Plur,Neut,Pos,ADJ,Strong,organische:1 | organischen:1
organisieren,Dat,Sing,Neut,Pos,ADJ,Weak,organisierenden:1 | organisierten:1
organisieren,Dat,Sing,Fem,Pos,ADJ,Strong,organisierten:4 | organisierter:3
orientieren,Dat,Sing,Fem,Pos,ADJ,Strong,internet-orientierten:1 | orientierten:1 | volumen-orientierter:1
parlamentarisch,Dat,Sing,Fem,Pos,ADJ,Weak,parlamentarische:1 | parlamentarischen:1
passen,Dat,Sing,Neut,Pos,ADJ,Strong,passendem:1 | passenden:1
pauschal,Dat,Sing,Masc,Pos,ADJ,Strong,pauschalem:1 | pauschalen:1
pazifisch,Dat,Sing,Masc,Pos,ADJ,Weak,asiatisch-pazifischen:16 | pazifischen:11
permanent,Dat,Sing,Fem,Pos,ADJ,Strong,permanenten:4 | permanenter:2
personalisieren,Acc,Plur,Fem,Pos,ADJ,Strong,personalisierte:1 | personalisierten:1
persönlich,Dat,Sing,Masc,Pos,ADJ,Strong,persönlichen:5 | persönlichem:3
persönlich,Dat,Sing,Fem,Pos,ADJ,Strong,persönlicher:6 | persönlichen:5 | persönliche:1
persönlich,Acc,Plur,Fem,Pos,ADJ,Strong,persönliche:3 | persönlichen:1
persönlich,Acc,Plur,Neut,Pos,ADJ,Strong,persönliche:5 | persönlichen:5
persönlich,Dat,Sing,Neut,Pos,ADJ,Strong,persönlichen:2 | persönlichem:1
persönlich,Acc,Plur,Masc,Pos,ADJ,Strong,persönliche:1 | persönlichen:1
physikalisch,Dat,Sing,Fem,Pos,ADJ,Strong,physikalischen:2 | physikalischer:1
physisch,Dat,Plur,Neut,Pos,ADJ,Strong,physischen:4 | nicht-physischen:1
planen,Dat,Sing,Fem,Pos,ADJ,Strong,geplanten:9 | geplanter:3
planen,Acc,Sing,Fem,Pos,ADJ,Weak,geplante:105 | geplanten:1
planen,Acc,Plur,Neut,Pos,ADJ,Strong,geplante:1 | geplanten:1
planen,Acc,Plur,Masc,Pos,ADJ,Strong,geplante:5 | geplanten:1
plötzlich,Dat,Sing,Fem,Pos,ADJ,Strong,plötzlichen:1 | plötzlicher:1
politisch,Dat,Sing,Masc,Pos,ADJ,Strong,politischen:6 | politischem:1
politisch,Acc,Plur,Fem,Pos,ADJ,Strong,politische:12 | politischen:2
politisch,Dat,Sing,Fem,Pos,ADJ,Strong,politischer:7 | politischen:2
politisch,Dat,Sing,Neut,Pos,ADJ,Strong,politischem:1 | politischen:1
politisch,Acc,Plur,Masc,Pos,ADJ,Strong,politische:4 | politischen:1
populär,Dat,Sing,,Pos,ADJ,Strong,populärem:2 | populären:1
positiv,Dat,Sing,Fem,Pos,ADJ,Strong,positiven:9 | positiver:2
positiv,Acc,Plur,Fem,Pos,ADJ,Strong,positiven:2 | positive:1
positiv,Dat,Sing,Neut,Pos,ADJ,Strong,positiven:10 | positivem:1
praktisch,Acc,Plur,Fem,Pos,ADJ,Strong,praktische:2 | praktischen:1
praktisch,Dat,Sing,Fem,Pos,ADJ,Strong,praktischen:2 | praktischer:1
preisgünstig,Dat,Sing,Fem,Pos,ADJ,Strong,preisgünstigen:2 | preisgünstiger:1
preiswert,Dat,Sing,Fem,Pos,ADJ,Strong,preiswerten:1 | preiswerter:1
privat,Acc,Sing,Fem,Pos,ADJ,Strong,private:18 | privaten:1
privat,Acc,Plur,Masc,Pos,ADJ,Strong,private:43 | privaten:2
privat,Dat,Sing,Fem,Pos,ADJ,Strong,privaten:8 | privater:6 | privatem:1
privat,Acc,Plur,Fem,Pos,ADJ,Strong,private:16 | privaten:1
privat,Dat,Sing,Masc,Pos,ADJ,Strong,privaten:8 | privatem:4
privat,Dat,Sing,Neut,Pos,ADJ,Strong,privatem:6 | privaten:6
produzieren,Acc,Sing,Masc,Pos,ADJ,Weak,produzierenden:1 | produzierten:1
professionell,Dat,Sing,Masc,Pos,ADJ,Weak,professionellen:7 | semi-professionellen:1
professionell,Dat,Sing,Neut,Pos,ADJ,Strong,professionellen:2 | professionellem:1
programmieren,Acc,Sing,Masc,Pos,ADJ,Strong,programmierten:2 | programmierenden:1
prominent,Dat,Sing,Fem,Pos,ADJ,Strong,prominenter:6 | prominenten:1
proprietär,Dat,Sing,Neut,Pos,ADJ,Strong,proprietären:3 | proprietärem:1
proprietär,Dat,Sing,Fem,Pos,ADJ,Strong,proprietären:1 | proprietärer:1
prozentig,Acc,Sing,Fem,Pos,ADJ,Strong,100-prozentige:4 | 11-prozentige:1 | 300-prozentige:1 | 75-prozentige:1
prozentig,Acc,Sing,Fem,Pos,ADJ,Weak,20-prozentige:1 | 50-prozentige:1
prozentig,Acc,Sing,Masc,Pos,ADJ,Strong,"17,8-prozentigen:1 | 18-prozentigen:1 | 2,5-prozentigen:1 | 49-prozentigen:1 | 5-prozentigen:1 | 50-prozentigen:1 | 58-prozentigen:1 | 67-prozentigen:1"
prozentig,Dat,Sing,Fem,Pos,ADJ,Strong,50-prozentigen:2 | 10-prozentigen:1 | 20-prozentigen:1 | 40-prozentiger:1 | 5-prozentigen:1 | 51-prozentigen:1 | 54-prozentigen:1 | 7-prozentigen:1
prozentig,Dat,Sing,Masc,Pos,ADJ,Strong,19-prozentigen:1 | 20-prozentigen:1 | 40-prozentigen:1
psychologisch,Dat,Sing,Masc,Pos,ADJ,Strong,psychologischem:1 | psychologischen:1
qualifizieren,Acc,Plur,Masc,Pos,ADJ,Strong,qualifizierte:5 | qualifizierten:1
qualifizieren,Dat,Sing,Fem,Pos,ADJ,Strong,qualifizierten:1 | qualifizierter:1
rasant,Dat,Sing,Neut,Pos,ADJ,Strong,rasanten:2 | rasantem:1
real,Dat,Sing,Neut,Pos,ADJ,Strong,realen:2 | realem:1
real,Dat,Plur,Masc,Pos,ADJ,Strong,realen:3 | reale:1
real,Dat,Sing,Masc,Pos,ADJ,Strong,realen:3 | realem:2
realistisch,Dat,Sing,Fem,Pos,ADJ,Strong,realistischer:3 | realistischen:2
rechtlich,Dat,Plur,Fem,Pos,ADJ,,rechtlichen:10 | öffentlich-rechtlichen:4
rechtlich,Dat,Sing,Fem,Pos,ADJ,Weak,rechtlichen:1 | rechtlicher:1
rechtlich,Acc,Plur,Neut,Pos,ADJ,Strong,rechtlichen:1 | öffentlich-rechtliche:1 | öffentlich-rechtlichen:1
rechtlich,Acc,Plur,Neut,Pos,ADJ,Weak,rechtlichen:2 | öffentlich-rechtlichen:2
rechtlich,Acc,Sing,Fem,Pos,ADJ,Strong,rechtliche:10 | öffentlich-rechtliche:2
rechtlich,Acc,Plur,Masc,Pos,ADJ,Weak,rechtlichen:4 | öffentlich-rechtlichen:1
rechtlich,Acc,Plur,Masc,Pos,ADJ,Strong,rechtliche:4 | rechtlichen:1 | öffentlich-rechtliche:1
rechtlich,Dat,Sing,Masc,Pos,ADJ,Weak,öffentlich-rechtlichen:6 | rechtlichen:4
rechtlich,Acc,Plur,Fem,Pos,ADJ,Strong,rechtliche:11 | rechtlichen:2
rechtlich,Acc,Plur,Fem,Pos,ADJ,Weak,rechtlichen:7 | öffentlich-rechtlichen:2
rechtlich,Acc,Sing,Masc,Pos,ADJ,,rechtlichen:9 | öffentlich-rechtlichen:5
rechtlich,Dat,Plur,Masc,Pos,ADJ,Strong,rechtlichen:14 | materiell-rechtlichen:1 | rechtliche:1 | öffentlich-rechtlichen:1
rechtlich,Dat,Plur,Masc,Pos,ADJ,Weak,öffentlich-rechtlichen:3 | rechtlichen:1
rechtlich,Acc,Sing,Neut,Pos,ADJ,Weak,öffentlich-rechtliche:2 | rechtliche:1
rechtskräftig,Dat,Sing,Neut,Pos,ADJ,Strong,rechtskräftigem:1 | rechtskräftigen:1
rechtsradikal,Dat,Sing,Masc,Pos,ADJ,Strong,rechtsradikalem:2 | rechtsradikalen:1
regelmäßig,Acc,Plur,Masc,Pos,ADJ,Strong,regelmässige:1 | regelmäßige:1
regelrecht,Dat,Sing,Fem,Pos,ADJ,Strong,regelrechten:1 | regelrechter:1
regional,Acc,Plur,Fem,Pos,ADJ,Strong,regionale:8 | regionalen:1
regional,Dat,Sing,Fem,Pos,ADJ,Strong,regionaler:5 | regionalen:1
regional,Dat,Sing,Neut,Pos,ADJ,Strong,regionalem:1 | regionalen:1
rein,Dat,Sing,Fem,Pos,ADJ,Strong,reinen:5 | reiner:5 | reine:1
rein,Dat,Sing,Neut,Pos,ADJ,,reinen:10 | reinem:3
rein,Dat,Sing,Masc,Pos,ADJ,Strong,reinen:3 | reinem:1
relevant,Acc,Plur,Fem,Pos,ADJ,Weak,relevanten:6 | relevante:1
relevant,Dat,Plur,Neut,Pos,ADJ,Weak,internet-relevanten:1 | relevanten:1
relevant,Acc,Plur,Neut,Pos,ADJ,Strong,relevante:2 | castor-relevante:1
repräsentativ,Dat,Sing,Fem,Pos,ADJ,Strong,repräsentativen:5 | repräsentativer:1
repräsentativ,Acc,Sing,Fem,Pos,ADJ,Strong,repräsentative:2 | repräsentativen:1
richterlich,Dat,Sing,Fem,Pos,ADJ,Strong,richterlicher:4 | richterlichen:2
richterlich,Dat,Sing,Masc,Pos,ADJ,Strong,richterlichem:1 | richterlichen:1
richtig,Dat,Sing,Fem,Pos,ADJ,Strong,richtigen:5 | richtiger:3
richtig,Dat,Sing,Masc,Pos,ADJ,Strong,richtigen:3 | richtigem:1
riesig,Dat,Sing,Masc,Pos,ADJ,Strong,riesigen:4 | riesigem:3
riesig,Dat,Sing,Neut,Pos,ADJ,Strong,riesigen:5 | riesigem:1
rosig,Dat,Sing,Neut,Pos,ADJ,Strong,rosigem:1 | rosigen:1
rot,Acc,Plur,Fem,Pos,ADJ,Weak,roten:41 | rote:3
rot,Acc,Sing,Masc,Pos,ADJ,Strong,roten:2 | rot:1
rot,Dat,Sing,Masc,Pos,ADJ,Strong,rotem:3 | roten:1
rot,Dat,Sing,Neut,Pos,ADJ,Strong,roten:2 | rotem:1
rot,Dat,Sing,Fem,,PROPN,,rote:1 | roten:1
rot,Dat,Sing,Fem,Pos,ADJ,Strong,roten:4 | roter:2
russisch,Dat,Plur,Masc,Pos,ADJ,Strong,russischen:6 | russische:1
russisch,Dat,Sing,Fem,Pos,ADJ,Strong,russischen:1 | russischer:1
russisch,Acc,Plur,Neut,Pos,ADJ,Strong,russische:1 | russischen:1
römisch,Dat,Sing,Fem,Pos,ADJ,Strong,römischen:2 | römischer:2
römisch,Dat,Sing,Neut,Pos,ADJ,Strong,römisch:1 | römischen:1
rückläufig,Dat,Sing,Masc,Pos,ADJ,Strong,rückläufigem:1 | rückläufigen:1
scharf,Dat,Sing,Masc,Pos,ADJ,Strong,scharfen:6 | scharfem:4
scharf,Dat,Sing,Fem,Pos,ADJ,Strong,scharfer:8 | scharfen:1
scharf,Dat,Sing,Masc,Sup,ADJ,Strong,schärfstem:1 | schärfsten:1
scheitern,Dat,Sing,Fem,Pos,ADJ,Weak,gescheiterten:5 | scheiternden:1
scheitern,Acc,Sing,Masc,Pos,ADJ,Strong,gescheiterten:1 | scheiternden:1
schick,Dat,Sing,Neut,Pos,ADJ,Strong,schickem:3 | schicken:1
schlecht,Dat,Sing,Fem,Pos,ADJ,Strong,schlechter:10 | schlechten:3 | schlechte:1
schlecht,Dat,Sing,Masc,Pos,ADJ,Strong,schlechten:5 | schlechtem:1
schlecht,Dat,Sing,Neut,Pos,ADJ,Strong,schlechtem:4 | schlechten:1
schließen,Dat,Sing,Masc,Pos,ADJ,Strong,geschlossenen:3 | schließenden:1
schließen,Dat,Sing,Fem,Pos,ADJ,Weak,geschlossenen:1 | schließenden:1
schließen,Acc,Sing,Fem,Pos,ADJ,Weak,geschlossene:1 | schließende:1
schnell,Dat,Sing,Fem,Pos,ADJ,Strong,schnellen:13 | schneller:10
schnell,Dat,Sing,Fem,Pos,ADJ,Weak,schnellen:16 | schnelle:1
schnell,Dat,Sing,Fem,Cmp,ADJ,Strong,schnelleren:3 | schnellerer:2
schnell,Dat,Plur,Masc,Pos,ADJ,Strong,schnellen:18 | 400-kbit-schnellen:1
schnell,Acc,Plur,Masc,Pos,ADJ,Strong,schnelle:10 | schnellen:1
schnell,Acc,Plur,Neut,Pos,ADJ,Strong,schnelle:4 | megabit-schnelle:1
schnell,Acc,Plur,Neut,Pos,ADJ,Weak,schnellen:2 | 2-mbit/s-schnellen:1
schnell,Dat,Sing,Masc,Pos,ADJ,Strong,schnellem:11 | schnellen:9
schnell,Dat,Sing,Masc,Cmp,ADJ,Strong,schnellerem:6 | schnelleren:4
schnell,Dat,Sing,Neut,Pos,ADJ,Strong,schnellen:5 | schnellem:2
schnell,Dat,Sing,,Pos,ADJ,Weak,schnellem:1 | schnellen:1
schriftlich,Dat,Sing,Fem,Pos,ADJ,Strong,schriftlicher:4 | schriftlichen:2
schrumpfen,Dat,Sing,Fem,Pos,ADJ,Strong,geschrumpften:1 | schrumpfenden:1
schwach,Dat,Sing,Masc,Pos,ADJ,Strong,schwachem:5 | schwachen:5
schwach,Dat,Sing,Fem,Cmp,ADJ,Strong,schwächeren:2 | schwächerer:2
schwach,Dat,Sing,Fem,Pos,ADJ,Strong,schwacher:3 | schwachen:2
schwarz,Dat,Sing,Neut,,PROPN,,schwarzen:2 | schwarzem:1
schwarz,Dat,Sing,Masc,Pos,ADJ,Strong,schwarzen:2 | schwarzem:1
schwarz,Dat,Sing,Neut,Pos,ADJ,Strong,schwarzem:1 | schwarzen:1
schwedisch,Dat,Sing,Fem,Pos,ADJ,Weak,schwedischen:13 | norwegisch-schwedischen:1
schwedisch,Dat,Sing,Fem,Pos,ADJ,Strong,schwedischen:1 | schwedischer:1
schweizerisch,Acc,Sing,Fem,Pos,ADJ,Weak,schweizerische:4 | deutsch-schweizerische:1
schwer,Acc,Sing,Fem,Pos,ADJ,Strong,schwere:12 | 2-milliarden-dollar-schwere:1 | millionen-schwere:1
schwer,Dat,Sing,Masc,Pos,ADJ,Strong,schweren:4 | schwerem:1
schwer,Dat,Sing,Fem,Pos,ADJ,Strong,schweren:4 | schwerer:3
schwer,Dat,Sing,Neut,Pos,ADJ,Strong,schwerem:1 | schweren:1
schwerwiegend,Dat,Sing,Fem,Pos,ADJ,Strong,schwerwiegenden:1 | schwerwiegender:1
schwierig,Dat,Sing,Fem,Pos,ADJ,Strong,schwierigen:6 | schwieriger:2
schwierig,Dat,Sing,Neut,Pos,ADJ,Strong,schwierigen:5 | schwierigem:1
schön,Dat,Sing,Neut,Pos,ADJ,Strong,schönem:4 | schönen:1
schön,Acc,Plur,Fem,Pos,ADJ,Strong,schöne:3 | schönen:1
schützen,Dat,Plur,Neut,Pos,ADJ,Strong,geschützten:12 | copyright-geschützten:1
schützen,Dat,Sing,Fem,Pos,ADJ,Strong,geschützten:3 | copyright-geschützter:1
schützen,Acc,Sing,Fem,Pos,ADJ,Strong,geschützte:4 | schützende:1 | ssl-geschützter:1
sein,Dat,Sing,Masc,,DET,,seinem:607 | seinen:4
sein,Dat,Sing,Neut,,DET,,seinem:433 | seines:1
sein,Dat,Plur,Masc,,DET,,seinen:40 | seine:1 | seiner:1
sein,Dat,Sing,Fem,,DET,,seiner:1391 | seine:3
sein,Dat,Plur,Neut,,DET,,seinen:8 | seine:1
sein,Dat,Plur,,,DET,,seinen:674 | seine:1
sein,Dat,,,,DET,,seinem:2 | seine:1
selb,Dat,Sing,Masc,Pos,ADJ,Weak,selben:63 | selbem:1
selten,Dat,Sing,Fem,Pos,ADJ,Strong,seltenen:2 | seltener:1
selten,Dat,,,Pos,ADJ,Strong,selten:1 | seltener:1
separat,Dat,Sing,Masc,Pos,ADJ,Strong,separaten:7 | separatem:2
separat,Dat,Sing,Fem,Pos,ADJ,Strong,separaten:6 | separater:1
seriell,Dat,Plur,Fem,Pos,ADJ,Strong,serielle:1 | seriellen:1
seriös,Acc,Plur,Fem,Pos,ADJ,Strong,seriöse:1 | seriösen:1
sexuell,Dat,Sing,Masc,Pos,ADJ,Strong,sexuellem:3 | sexuellen:2
sexuell,Dat,Sing,Fem,Pos,ADJ,Strong,sexueller:2 | sexuellen:1
sicher,Dat,Sing,Fem,Pos,ADJ,Strong,sicherer:6 | sicheren:3
sicher,Dat,Sing,Neut,Pos,ADJ,Strong,sicherem:1 | sicheren:1
sichtbar,Dat,Sing,Fem,Pos,ADJ,Strong,sichtbaren:2 | sichtbarer:2
sinken,Dat,Plur,Masc,Pos,ADJ,,sinkenden:12 | gesunkenen:4
sinken,Acc,Plur,Masc,Pos,ADJ,Strong,sinkende:7 | gesunkene:1
sinken,Acc,Sing,Masc,Pos,ADJ,Strong,gesunkenen:1 | sinkenden:1
sinken,Dat,Sing,Fem,Pos,ADJ,Weak,gesunkenen:1 | sinkenden:1
sofortig,Dat,Sing,Fem,Pos,ADJ,Strong,sofortiger:33 | sofortigen:2
sogenannt,Dat,Sing,Masc,Pos,ADJ,Weak,sogenannten:3 | sogenannte:1
solch,Dat,Sing,Masc,,ADJ,Strong,solchen:22 | solchem:1
solch,Dat,Sing,Fem,,ADJ,Strong,solchen:31 | ebensolchen:1 | solcher:1
solch,Acc,Plur,,,ADJ,Strong,solche:16 | solchen:3
solch,Dat,Plur,,,ADJ,Strong,solchen:11 | solche:1
solcher,Acc,Plur,,,DET,,solche:313 | ebensolche:2 | solchen:1
solcher,Dat,Sing,Fem,,DET,,solcher:3 | solch:1 | solchen:1
solcher,Dat,Plur,,,DET,,solchen:126 | solche:1
solcher,Dat,Sing,Neut,,DET,,solchen:3 | solchem:1
sonstige,Dat,Plur,Fem,Pos,ADJ,Strong,sonstigen:11 | sonstige:1
souverän,Acc,Plur,Fem,Pos,ADJ,Strong,souveräne:1 | souveränen:1
sozial,Acc,Plur,Fem,Pos,ADJ,Strong,soziale:6 | sozialen:2
sozial,Acc,Plur,Neut,Pos,ADJ,Strong,soziale:4 | sozialen:1
sozial,Dat,Sing,Fem,Pos,ADJ,Strong,sozialer:6 | sozialen:4
spanisch,Dat,Sing,Neut,Pos,ADJ,Strong,spanisch:1 | spanischem:1
speichern,Acc,Sing,Masc,Pos,ADJ,Strong,gespeicherten:1 | speichernden:1
spektakulär,Dat,Sing,Fem,Pos,ADJ,Strong,spektakulären:5 | spektakulärer:2
spekulativ,Acc,Plur,Fem,Pos,ADJ,Strong,spekulative:1 | spekulativen:1
speziell,Acc,Plur,Fem,Pos,ADJ,Strong,spezielle:19 | speziellen:1
speziell,Dat,Sing,Neut,Pos,ADJ,Strong,speziellen:10 | speziellem:2
speziell,Dat,Plur,Neut,Pos,ADJ,Strong,speziellen:14 | spezielle:2
speziell,Dat,Sing,Fem,Pos,ADJ,Strong,speziellen:31 | spezieller:6
spezifisch,Dat,Plur,Fem,Pos,ADJ,Strong,spezifischen:3 | oem-spezifischen:1 | windows-spezifischen:1
sprachlich,Dat,Plur,Masc,Pos,ADJ,Strong,sprachlichen:2 | nicht-sprachlichen:1
sprechen,Dat,Plur,Neut,Pos,ADJ,Strong,gesprochenen:1 | sprechenden:1
sprechen,Dat,Sing,Fem,Pos,ADJ,Weak,gesprochenen:1 | sprechenden:1
spät,Dat,Sing,Fem,Cmp,ADJ,Strong,späteren:11 | späterer:1
staatlich,Dat,Sing,Fem,Pos,ADJ,Strong,staatlicher:8 | staatlichen:7
staatlich,Dat,Plur,Fem,Pos,ADJ,Strong,staatlichen:12 | staatliche:2
staatlich,Dat,Sing,Neut,Pos,ADJ,Strong,staatlichem:2 | staatlichen:1
stark,Dat,Sing,Fem,Pos,ADJ,Strong,starken:11 | starker:9
stark,Dat,Plur,Masc,Pos,ADJ,Strong,starken:16 | starker:1
stark,Dat,Sing,Masc,Pos,ADJ,Strong,starkem:11 | starken:11
stark,Dat,Sing,Neut,Pos,ADJ,Strong,starkem:4 | starken:3
stark,Dat,Sing,Fem,Cmp,ADJ,Strong,stärkeren:6 | stärkerer:3 | stärkere:1
stark,Dat,Sing,Neut,Cmp,ADJ,Strong,stärkeren:2 | stärkerem:1
starten,Dat,Sing,Neut,Pos,ADJ,Weak,gestarteten:3 | startenden:1
starten,Dat,Sing,Neut,Pos,ADJ,Strong,gestartetem:1 | gestarteten:1
starten,Acc,Sing,Masc,Pos,ADJ,Weak,gestarteten:3 | startenden:1
statistisch,Acc,Plur,Fem,Pos,ADJ,Strong,statistische:1 | statistischen:1
stattfinden,Dat,Sing,Fem,Pos,ADJ,Weak,stattfindenden:15 | stattgefundenen:2 | stattfindende:1
stecken,Acc,Sing,Neut,Pos,ADJ,Weak,gesteckte:4 | steckende:1
stecken,Dat,Sing,Masc,Pos,ADJ,Weak,gesteckten:1 | steckenden:1
stehen,Dat,Sing,Fem,Pos,ADJ,Strong,stehender:2 | stehenden:1
steigen,Dat,Plur,Masc,Pos,ADJ,,steigenden:11 | gestiegenen:2
steigen,Dat,Plur,Neut,Pos,ADJ,Strong,steigenden:3 | gestiegenen:2
steigen,Acc,Plur,Neut,Pos,ADJ,Strong,steigende:2 | steigenden:1
steigen,Acc,Sing,Fem,Pos,ADJ,,steigende:14 | gestiegene:6
steigen,Dat,Sing,Masc,Pos,ADJ,Strong,steigendem:4 | gestiegenen:2 | gestiegenem:1 | steigenden:1
steigen,Dat,Sing,Masc,Pos,ADJ,Weak,gestiegenen:1 | steigenden:1
steigen,Dat,Sing,Fem,Pos,ADJ,Strong,steigender:10 | steigenden:3
steigen,Dat,Sing,Fem,Pos,ADJ,Weak,gestiegenen:4 | steigenden:4
steigen,Dat,Plur,Fem,Pos,ADJ,,gestiegenen:6 | steigenden:6
steigen,Acc,Sing,Masc,Pos,ADJ,,gestiegenen:6 | steigenden:5
steigen,Acc,Plur,Masc,Pos,ADJ,Strong,steigende:9 | gestiegene:3
steigen,Acc,Plur,Masc,Pos,ADJ,Weak,gestiegenen:2 | steigenden:1
steigen,Acc,Plur,Fem,Pos,ADJ,Strong,steigende:3 | gestiegene:2
steigern,Dat,Sing,Fem,Pos,ADJ,Strong,gesteigerten:1 | gesteigerter:1
steil,Dat,Sing,Masc,Pos,ADJ,Strong,steilem:1 | steilen:1
stellen,Acc,Sing,Fem,Pos,ADJ,Strong,gestellte:3 | stellende:2
strafbar,Dat,Sing,Fem,Pos,ADJ,Weak,strafbare:1 | strafbaren:1
strategisch,Dat,Sing,Neut,Pos,ADJ,Strong,strategischen:3 | strategischem:1
strategisch,Acc,Plur,Fem,Pos,ADJ,Strong,strategische:9 | strategischen:1
strategisch,Dat,Sing,Masc,Pos,ADJ,Strong,strategischen:3 | strategischem:1
strategisch,Dat,Sing,Fem,Pos,ADJ,Strong,strategischen:6 | strategischer:6
strategisch,Dat,Plur,Fem,Pos,ADJ,Weak,nicht-strategischen:1 | strategischen:1
ständig,Acc,Sing,Masc,Pos,ADJ,Strong,ständigen:3 | nicht-ständigen:1
ständig,Dat,Sing,Masc,Pos,ADJ,Strong,ständigem:3 | ständigen:2
stören,Acc,Sing,Masc,Pos,ADJ,Weak,gestörten:1 | störenden:1
stützen,Acc,Sing,Fem,Pos,ADJ,Strong,internet-gestützte:1 | pc-gestützte:1
stützen,Acc,Plur,Neut,Pos,ADJ,Strong,it-gestützte:1 | mikroprozessor-gestützte:1
stützen,Dat,Plur,,Pos,ADJ,Strong,beia-gestützten:1 | chipkarten-gestützten:1
stützen,Acc,Sing,Neut,Pos,ADJ,Strong,beia-gestütztes:1 | gps-gestütztes:1 | pc-gestütztes:1
stützen,Acc,Sing,Masc,Pos,ADJ,Strong,satelliten-gestützten:1 | wizard-gestützten:1
stützen,Acc,Plur,Fem,Pos,ADJ,Strong,hardware-gestützte:1 | tib-gestützte:1
systematisch,Dat,Sing,Fem,Pos,ADJ,Strong,systematischen:3 | systematischer:1
tatsächlich,Dat,Sing,Masc,Pos,ADJ,Strong,tatsächlichem:1 | tatsächlichen:1
tatsächlich,Dat,Sing,Fem,Pos,ADJ,Strong,tatsächlichen:3 | tatsächlicher:1
tatsächlich,Dat,Sing,Neut,Pos,ADJ,Strong,tatsächlichem:1 | tatsächlichen:1
tauglich,Acc,Sing,Fem,Pos,ADJ,Strong,stereo-tv-taugliche:1 | taugliche:1 | tualatin-taugliche:1
tauglich,Acc,Sing,Masc,Pos,ADJ,Strong,ddr-sdram-tauglichen:2 | dual-tualatin-tauglichen:1 | internet-tauglichen:1 | rdram-tauglichen:1
tauglich,Dat,Plur,Masc,Pos,ADJ,Strong,ddr-tauglichen:1 | multimedia-tauglichen:1 | usb-2.0-tauglichen:1
technisch,Dat,Sing,Masc,Pos,ADJ,Strong,technischen:6 | technischem:4 | wissenschaftlich-technischem:1
technisch,Dat,Plur,Fem,Pos,ADJ,Strong,technischen:43 | technische:1
technisch,Dat,Sing,Fem,,PROPN,,technischen:5 | technische:1
technisch,Dat,Sing,Fem,Pos,ADJ,Weak,technischen:51 | physikalisch-technische:1
technisch,Dat,Sing,Fem,Pos,ADJ,Strong,technischer:18 | technischen:6 | technische:1
technisch,Acc,Plur,Masc,Pos,ADJ,Weak,technischen:5 | it-technischen:1
technisch,Acc,Plur,Masc,Pos,ADJ,Strong,technische:11 | pharmazeutisch-technische:1 | technischen:1
technisch,Acc,Plur,Fem,Pos,ADJ,Strong,technische:33 | technischen:5 | wissenschaftlich-technische:1
technisch,Acc,Plur,Fem,Pos,ADJ,Weak,technischen:33 | technische:1
technisch,Acc,Sing,Neut,Pos,ADJ,Strong,technisches:7 | technische:1
technisch,Dat,Plur,Masc,Pos,ADJ,Strong,technischen:30 | naturwissenschaftlich-technischen:1
technologisch,Acc,Plur,Fem,Pos,ADJ,Strong,technologische:1 | technologischen:1
technologisch,Dat,Sing,Fem,Pos,ADJ,Strong,technologischen:1 | technologischer:1
telefonisch,Dat,Sing,Fem,Pos,ADJ,Strong,telefonischen:8 | telefonische:1 | telefonischer:1
terroristisch,Acc,Plur,Fem,Pos,ADJ,Strong,terroristische:3 | anti-terroristische:1
teuer,Acc,Sing,Neut,Pos,ADJ,Strong,teures:12 | teueres:2 | teuere:1 | teure:1
teuer,Dat,Sing,Masc,Pos,ADJ,Strong,teurem:3 | teuren:2
theoretisch,Dat,Sing,Fem,Pos,ADJ,Strong,theoretischen:3 | theoretischer:1
thermisch,Dat,Sing,Fem,Pos,ADJ,Weak,thermischen:3 | nicht-thermischen:1
thermisch,Dat,Plur,Masc,Pos,ADJ,Weak,nicht-thermischen:1 | thermischen:1
tief,Dat,Sing,Fem,Pos,ADJ,Strong,tiefen:4 | tiefer:4
tief,Dat,Sing,Fem,Cmp,ADJ,Strong,tieferen:1 | tieferer:1
toll,Dat,Sing,Fem,Pos,ADJ,Weak,tolle:1 | tollen:1
toll,Dat,Sing,Fem,Pos,ADJ,Strong,tollen:1 | toller:1
toll,Acc,Sing,Masc,Pos,ADJ,Strong,tollen:2 | toll:1
tragen,Dat,Sing,Fem,Pos,ADJ,Weak,getragenen:1 | tragenden:1
typisch,Dat,Sing,Fem,Pos,ADJ,Strong,typischen:3 | typischer:2 | adobe-typischen:1
typisch,Dat,Sing,Fem,Pos,ADJ,Weak,palm-os-typischen:1 | typischen:1
typisch,Dat,Plur,Fem,Pos,ADJ,Strong,typischen:4 | typische:1
typisch,Acc,Sing,Masc,Pos,ADJ,Weak,typischen:4 | mainframe-typischen:1
typisch,Dat,Plur,Neut,Pos,ADJ,Strong,handy-typischen:1 | typischen:1
typisch,Acc,Sing,Fem,Pos,ADJ,Strong,typische:2 | mac-typische:1
typisch,Dat,Sing,,Pos,ADJ,Strong,adobe-typischem:1 | typischem:1
umfassen,Dat,Sing,Fem,Pos,ADJ,Strong,umfassenden:6 | umfassender:1
umfassen,Dat,Sing,Neut,Pos,ADJ,Strong,umfassendem:1 | umfassenden:1
umgebend,Acc,Sing,Fem,Pos,ADJ,Weak,umgebende:1 | umgebenden:1
unabhängig,Acc,Sing,Fem,Pos,ADJ,Strong,unabhängige:11 | hersteller-unabhängige:1
unabhängig,Dat,Sing,Fem,Pos,ADJ,Weak,unabhängigen:3 | hersteller-unabhängigen:1
unabhängig,Acc,Sing,Neut,Pos,ADJ,Strong,unabhängiges:3 | gui-unabhängiges:1
unangenehm,Dat,Sing,Fem,Pos,ADJ,Strong,unangenehmen:1 | unangenehmer:1
unbekannt,Dat,Sing,Fem,Pos,ADJ,Strong,unbekannter:5 | unbekannten:4
unbekannt,Dat,Sing,Masc,Pos,ADJ,Strong,unbekanntem:2 | unbekannten:2
unbekannt,Acc,Plur,Neut,Pos,ADJ,Weak,unbekannte:1 | unbekannten:1
unerlaubt,Acc,Plur,Fem,Pos,ADJ,Strong,unerlaubte:2 | unerlaubten:1
unerwünscht,Dat,Sing,Masc,Pos,ADJ,Strong,unerwünschtem:1 | unerwünschten:1
unerwünscht,Acc,Plur,Masc,Pos,ADJ,Strong,unerwünschte:2 | unerwünschten:1
unerwünscht,Dat,Sing,Fem,Pos,ADJ,Strong,unerwünschter:3 | unerwünschten:1
ungehindert,Dat,Sing,Masc,Pos,ADJ,Strong,ungehindertem:1 | ungehinderten:1
ungenannt,Dat,Sing,Fem,Pos,ADJ,Strong,ungenannten:2 | ungenannter:2
ungewöhnlich,Dat,Sing,Fem,Pos,ADJ,Strong,ungewöhnlichen:2 | ungewöhnliche:1 | ungewöhnlicher:1
ungünstig,Dat,Sing,Fem,Pos,ADJ,Strong,ungünstigen:1 | ungünstiger:1
unknown,Dat,,,,NOUN,,navigator:4 | kriminellen:3 | dot.Com-Companies:2 | 1133-MHz-Pentium:1 | 3.10a:1 | backups:1 | beiteiligten:1 | beschenkten:1 | bonnern:1 | boygroups:1 | breathe:1 | browser-Release:1 | cCDs:1 | celera:1 | cern:1 | chattern:1 | clients:1 | colorama:1 | comdirect:1 | connectivity:1 | crusoe:1 | cyber-Entrepeneuren:1 | dauer-Rennerin:1 | desktop-Coppermines:1 | deut:1 | e-Commercelern:1 | eCMA:1 | eCommerce:1 | eFF:1 | einzelnen:1 | entrechtung:1 | excite.de:1 | firmenehe:1 | gebaren:1 | gehetzten:1 | gehörlosen:1 | gFlops:1 | gMD:1 | guides:1 | heavyweights:1 | heise-Ticker:1 | herstellter:1 | hightech:1 | iCANN:1 | iCast-Clients:1 | internet-Appliances:1 | internetties:1 | iridium:1 | iSPs:1 | itanium:1 | jüngsten:1 | krawattis:1 | kritischeres:1 | lANL:1 | lingubot:1 | lyan:1 | lüfter:1 | matloff:1 | mRJ-Plugin:1 | nahost:1 | nCs:1 | nicht-Windows-Clients:1 | nneben:1 | nSA:1 | object:1 | password-Sniffern:1 | paybox:1 | pC-Videobegeisterten:1 | pentium:1 | philanthropie:1 | plugin:1 | rechteverletzer:1 | registries:1 | resellern:1 | s/390-Mainframes:1 | salinger:1 | schnellebigkeit:1 | schwerhörigen:1 | startup-Companies:1 | symbian:1 | taiwanern:1 | text-Mining:1 | threads:1 | tumorart:1 | tux:1 | uSB:1 | verleiher:1 | vice-President:1 | vRML:1 | w3C:1 | wang:1 | what's:1 | ältestenrat:1 | öffentlich-Rechtlichen:1
unknown,Acc,Sing,Neut,,NOUN,,48bittige:1 | cOmputergestütztes:1
unknown,Acc,,,,NOUN,,g3-Minitower:1 | iE:1 | java-VM:1 | nachfrager:1 | newsgroups:1 | pf./Min.:1 | pf/Min.:1 | tLD:1 | uRL:1 | zersplitterung:1
unmittelbar,Dat,Sing,Fem,Pos,ADJ,Strong,unmittelbarer:8 | unmittelbaren:2
unser,Acc,Sing,Neut,,DET,,unser:65 | unsere:1
unser,Dat,Sing,Fem,,DET,,unserer:82 | unsere:1
unser,Dat,Plur,Fem,,DET,,unseren:1 | unsern:1
untere,Dat,Sing,Neut,Pos,ADJ,Strong,unterem:1 | unteren:1
unternehmensnah,Dat,Plur,Masc,Pos,ADJ,Strong,unternehmensnahen:3 | unternehmensnahe:1
unterschiedlich,Acc,Plur,Fem,Pos,ADJ,Strong,unterschiedliche:17 | unterschiedlichen:1
unterschiedlich,Dat,Plur,Fem,Pos,ADJ,Strong,unterschiedlichen:49 | unterschiedliche:1
unterschiedlich,Acc,Plur,Neut,Pos,ADJ,Weak,unterschiedlichen:3 | unterschiedliche:1
unterstützen,Acc,Plur,Fem,Pos,ADJ,Strong,unterstützende:1 | unterstützte:1
unterstützen,Dat,Sing,Neut,Pos,ADJ,Strong,unterstützende:1 | unterstütztem:1 | unterstützten:1
unvollständig,Dat,Sing,Fem,Pos,ADJ,Strong,unvollständigen:1 | unvollständiger:1
ursprünglich,Dat,Sing,Fem,Pos,ADJ,Strong,ursprünglichen:3 | ursprünglicher:1
verbessern,Dat,Sing,Fem,Pos,ADJ,Strong,verbesserten:10 | verbesserter:4
verbessern,Dat,Sing,Neut,Pos,ADJ,Strong,verbesserten:2 | verbessertem:1
verbessern,Dat,Sing,Masc,Pos,ADJ,Strong,verbessertem:2 | verbesserten:2
verbessern,Acc,Plur,Fem,Pos,ADJ,Strong,verbesserte:2 | verbesserten:2
verbinden,Dat,Plur,Fem,Pos,ADJ,Strong,verbindenden:1 | verbundenen:1
verbinden,Acc,Plur,Masc,Pos,ADJ,Strong,verbundene:1 | verbundenen:1
verbleiben,Dat,Plur,Masc,Pos,ADJ,Weak,verbleibenden:5 | verbliebenen:1
verbleiben,Acc,Plur,Fem,Pos,ADJ,Weak,verbliebenen:2 | verbleibenden:1
verbleiben,Acc,Plur,Masc,Pos,ADJ,Weak,verbliebenen:11 | verbleibenden:5
verbleiben,Acc,Sing,Fem,Pos,ADJ,Weak,verbleibende:3 | verbliebene:1
verbleiben,Dat,Plur,Fem,Pos,ADJ,Weak,verbleibenden:2 | verbliebenen:1
verbreiten,Dat,Sing,Fem,Pos,ADJ,Strong,verbreiteten:6 | verbreiteter:2
vereinigt,Dat,Sing,Neut,,PROPN,,vereinigten:3 | vereinigtes:1
vereinigt,Dat,Sing,Neut,Pos,ADJ,Weak,vereinigen:1 | vereinigten:1
verfügbar,Dat,Sing,Fem,Pos,ADJ,Strong,verfügbaren:1 | verfügbarer:1
vergeben,Dat,Plur,Neut,Pos,ADJ,Weak,vergebenden:1 | vergebenen:1
vergeben,Acc,Plur,Fem,Pos,ADJ,Weak,vergebenden:5 | vergebenen:1
vergehen,Dat,Sing,Neut,Pos,ADJ,Weak,vergangenen:545 | vergangenem:2
vergehen,Dat,Sing,Masc,Pos,ADJ,Weak,vergangenen:188 | vergangenem:3
vergleichbar,Dat,Sing,Fem,Pos,ADJ,Strong,vergleichbarer:11 | vergleichbaren:6
vergleichbar,Dat,Plur,Neut,Pos,ADJ,Strong,vergleichbaren:7 | vergleichbare:2
vergleichbar,Acc,Sing,Neut,Pos,ADJ,Strong,vergleichbares:8 | vergleichbare:1
vergleichbar,Dat,Sing,Masc,Pos,ADJ,Strong,vergleichbaren:9 | vergleichbarem:1
verhandeln,Acc,Plur,Masc,Pos,ADJ,Weak,verhandelnden:1 | verhandelten:1
verkürzen,Dat,Sing,Fem,Pos,ADJ,Strong,verkürzten:1 | verkürzter:1
vermindern,Dat,Sing,Fem,Pos,ADJ,Strong,verminderter:3 | verminderten:1
vermitteln,Dat,Sing,Masc,Pos,ADJ,Strong,vermitteltem:1 | vermittelten:1
vernünftig,Dat,Sing,Fem,Pos,ADJ,Strong,vernünftigen:4 | vernünftiger:4
verscheiden,Dat,Plur,Neut,Pos,ADJ,Strong,verschiedenen:44 | verschiedener:1
verscheiden,Acc,Plur,Fem,Pos,ADJ,Weak,verschiedenen:9 | verschiedene:1
verscheiden,Dat,Plur,Fem,Pos,ADJ,Strong,verschiedenen:70 | verschiedene:1
verschicken,Dat,Sing,Fem,Pos,ADJ,Strong,verschickten:1 | verschickter:1
verschieden,Dat,Plur,Fem,Pos,ADJ,Strong,verschiedenen:82 | verschieden:1 | verschiedene:1
verschlüsseln,Dat,Sing,Fem,Pos,ADJ,Strong,verschlüsselter:5 | ssl-verschlüsselter:1 | verschlüsselten:1
verschlüsseln,Acc,Sing,Fem,Pos,ADJ,Weak,verschlüsselte:2 | ssl-verschlüsselte:1
verschärfen,Acc,Sing,Masc,Pos,ADJ,Strong,verschärfenden:1 | verschärften:1
verschärfen,Acc,Plur,Fem,Pos,ADJ,Strong,verschärfende:1 | verschärfte:1
verschärfen,Dat,Sing,Masc,Pos,ADJ,Strong,verschärftem:1 | verschärften:1
versprechen,Acc,Plur,Fem,Pos,ADJ,Weak,versprechenden:1 | versprochenen:1
versprechen,Acc,Sing,Masc,Pos,ADJ,Weak,versprochenen:3 | versprechenden:1
verspätet,Dat,Sing,Fem,Pos,ADJ,Strong,verspäteten:1 | verspäteter:1
verständigen,Acc,Sing,Fem,Pos,ADJ,Weak,verständigende:1 | verständigte:1
verständlich,Dat,Sing,Fem,Pos,ADJ,Strong,verständlicher:2 | verständlichen:1
verstärken,Dat,Sing,Masc,Pos,ADJ,Strong,verstärkenden:1 | verstärktem:1
verstärken,Acc,Sing,Masc,Pos,ADJ,Weak,verstärkten:5 | verstärkenden:1
verstärken,Dat,Sing,Fem,Pos,ADJ,Strong,verstärkten:2 | verstärkter:1
verstärken,Dat,Sing,Fem,Pos,ADJ,Weak,verstärkten:2 | verstärkenden:1
verteilen,Dat,Sing,Fem,Pos,ADJ,Strong,verteilten:1 | verteilter:1
vertikal,Dat,Sing,Fem,Pos,ADJ,Strong,vertikaler:2 | vertikalen:1
verwenden,Acc,Sing,Fem,Pos,ADJ,Weak,verwendete:6 | verwandte:1
verwenden,Dat,Sing,Neut,Pos,ADJ,Strong,verwandten:1 | verwendetem:1
verwenden,Dat,Sing,Neut,Pos,ADJ,Weak,verwandten:1 | verwendeten:1
verwenden,Dat,Plur,Neut,Pos,ADJ,Strong,verwandten:1 | verwendeten:1
verändern,Dat,Plur,Neut,Pos,ADJ,Strong,veränderten:2 | gentechnisch-veränderten:1
verändern,Dat,Sing,Fem,Pos,ADJ,Strong,veränderten:2 | veränderter:1
verändern,Dat,Plur,Masc,Pos,ADJ,Weak,veränderten:2 | verändernden:1
verändern,Acc,Plur,Masc,Pos,ADJ,Weak,verändernden:2 | veränderten:2
verändern,Dat,Sing,Masc,Pos,ADJ,Weak,verändernden:1 | veränderten:1
veröffentlichen,Dat,Sing,Neut,Pos,ADJ,Weak,veröffentlichten:7 | veröffentlichtem:1
veröffentlichen,Dat,Sing,Fem,Pos,ADJ,Strong,veröffentlichten:41 | veröffentlichter:2
viel,Acc,Sing,Masc,,DET,,vielen:17 | viel:1
viel,Acc,Plur,Fem,,DET,,viele:24 | vielen:1
viel,Dat,Plur,,,DET,,vielen:458 | viele:1
viel,Dat,,,,DET,,viel:6 | vielen:1
viel,Acc,Plur,Neut,,DET,,viele:13 | vielen:1
viel,Acc,Plur,Masc,,DET,,viele:20 | vielen:2
viel,Acc,Plur,,,DET,,viele:513 | vielen:13
viel,Dat,Sing,Neut,,DET,,viel:1 | vielem:1
viel,Dat,Sing,,,DET,,vielen:4 | viel:1
viel,Acc,,,,DET,,viele:3 | viel:2 | vielen:1 | vieles:1
vielfältig,Dat,Sing,Fem,Pos,ADJ,Strong,vielfältigen:1 | vielfältiger:1
vierte,Dat,Sing,Neut,Pos,ADJ,Strong,vierten:12 | viertem:3
vierte,Dat,Sing,Fem,Pos,ADJ,Weak,vierten:6 | vierte:1
vierte,Dat,Sing,Fem,Pos,ADJ,Strong,vierter:4 | vierten:1
virtuell,Dat,Sing,Fem,Pos,ADJ,Strong,virtuellen:12 | virtuelle:1 | virtueller:1
virtuell,Dat,Sing,Fem,Pos,ADJ,Weak,virtuellen:18 | nicht-virtuellen:1
virtuell,Acc,Plur,Masc,Pos,ADJ,Strong,virtuelle:1 | virtuellen:1
virtuell,Dat,Sing,Masc,Pos,ADJ,Strong,virtuellen:8 | virtuellem:1
virtuell,Dat,Sing,Neut,Pos,ADJ,Strong,virtuellen:5 | virtuellem:3
virtuell,Acc,Plur,Neut,Pos,ADJ,Strong,virtuelle:7 | virtuellen:1
virtuell,Dat,Sing,,Pos,ADJ,Strong,virtuellem:1 | virtuellen:1
visuell,Dat,Sing,Fem,Pos,ADJ,Strong,visuellen:1 | visueller:1
visuell,Dat,Plur,Neut,Pos,ADJ,Strong,audio-visuellen:1 | visuellen:1
voll,Dat,Sing,Fem,Pos,ADJ,Strong,voller:31 | vollen:2
voll,Dat,Sing,Masc,Pos,ADJ,,vollem:43 | vollen:10
vollständig,Dat,Sing,Fem,Pos,ADJ,Strong,vollständigen:5 | vollständiger:2 | vollständigem:1
vollständig,Dat,Sing,Masc,Pos,ADJ,Strong,vollständigen:2 | vollständigem:1
vorangehen,Dat,Sing,Fem,Pos,ADJ,Strong,vorangegangenen:2 | vorangehender:1
voraussichtlich,Dat,Sing,Masc,Pos,ADJ,Strong,voraussichtlichem:1 | voraussichtlichen:1
vorgeben,Dat,Sing,Masc,Pos,ADJ,Strong,vorgegebenem:1 | vorgegebenen:1
vorhalten,Dat,Sing,Fem,Pos,ADJ,Strong,vorgehaltener:6 | vorgehaltenen:1
vorhanden,Dat,Plur,Fem,Pos,ADJ,Strong,vorhandenen:5 | vorhandene:1
vorhanden,Dat,Sing,Fem,Pos,ADJ,Strong,vorhandener:3 | vorhandenen:2
vorhanden,Dat,Sing,Fem,Pos,ADJ,Weak,vorhandenen:3 | vorhandene:1
vorinstallieren,Dat,Sing,Fem,Pos,ADJ,Strong,vorinstallierten:1 | vorinstallierter:1
vorlegen,Dat,Sing,Masc,Pos,ADJ,Weak,vorgelegten:8 | vorgelegtem:1
vorläufig,Dat,Sing,Fem,Pos,ADJ,Strong,vorläufigen:8 | vorläufiger:2
vorläufig,Dat,Sing,Masc,Pos,ADJ,Strong,vorläufigen:3 | vorläufigem:1
vornehm,Dat,Sing,Fem,Pos,ADJ,Strong,vornehmer:2 | vornehmen:1
vorsehen,Acc,Plur,Masc,Pos,ADJ,Weak,vorgesehenen:2 | vorgesehene:1
vorsehen,Dat,Sing,Fem,Pos,ADJ,Weak,vorgesehenen:9 | vorgesehene:1
wachsen,Acc,Sing,Fem,Pos,ADJ,Weak,wachsende:17 | gewachsene:1
wachsen,Acc,Sing,Masc,Pos,ADJ,Strong,wachsenden:6 | gewachsenen:2
wachsen,Dat,Sing,Masc,Pos,ADJ,Weak,wachsenden:23 | gewachsenen:2
wachsen,Dat,Sing,Masc,Pos,ADJ,Strong,wachsenden:4 | wachsendem:1
wachsen,Dat,Sing,Neut,Pos,ADJ,Strong,wachsendem:2 | wachsenden:1
wachsen,Dat,Sing,Fem,Pos,ADJ,Strong,wachsenden:7 | wachsender:6 | gewachsenen:1 | wachsende:1
wachsen,Acc,Sing,Neut,Pos,ADJ,Weak,wachsende:5 | gewachsene:1
was,Acc,Sing,Neut,,PRON,,was:709 | watt:1
weiblich,Dat,Plur,Fem,Pos,ADJ,Strong,weiblichen:2 | weibliche:1
weiblich,Dat,Sing,Fem,Pos,ADJ,Strong,weiblichen:1 | weiblicher:1
weich,Acc,Sing,Masc,Pos,ADJ,Strong,weichen:1 | wuschelig-weichen:1
weit,Dat,Sing,Fem,Cmp,ADJ,Strong,weiteren:47 | weiterer:5
weit,Dat,Plur,Fem,Cmp,ADJ,Strong,weiteren:119 | weitere:1
weit,Acc,Sing,Neut,Cmp,ADJ,Strong,weiteres:81 | weitere:1
weit,Acc,Plur,Neut,Cmp,ADJ,Strong,weitere:63 | weiteren:2
weit,Acc,Plur,Fem,Cmp,ADJ,Strong,weitere:107 | weiteren:2
weit,Acc,Plur,Fem,Cmp,ADJ,,weitere:1 | weiteren:1
weit,Acc,Plur,,Cmp,ADJ,Strong,weitere:6 | weiteren:1
weit,Acc,Plur,Masc,Cmp,ADJ,Strong,weitere:53 | weiteren:2
weit,Dat,Plur,Masc,Cmp,ADJ,Strong,weiteren:75 | weiterer:1
weit,Dat,Sing,Masc,Cmp,ADJ,Strong,weiteren:39 | weiterem:1
weit,Dat,Sing,Neut,,NOUN,,weitem:2 | weitesten:1
weit,Dat,Sing,Neut,Cmp,ADJ,Strong,weiteren:22 | weiterem:3
weit,Dat,Sing,Fem,Pos,ADJ,Weak,weiten:4 | eu-weiten:2
weit,Dat,Sing,Fem,Pos,ADJ,Strong,weiter:10 | weiten:1
weit,Acc,Sing,Neut,Pos,ADJ,Strong,weites:2 | eu-weites:1
weit,Acc,Sing,Neut,Pos,ADJ,Weak,eu-weite:1 | weite:1
weit,Acc,Sing,Masc,Pos,ADJ,Weak,us-weiten:1 | web-weiten:1
weit,Acc,Sing,Masc,Pos,ADJ,Strong,weiten:3 | us-weiten:1
weit,Acc,Sing,Fem,Pos,ADJ,Strong,weite:5 | eu-weite:2
weit,Acc,Plur,Fem,Pos,ADJ,Strong,eu-weite:1 | weite:1
weit,Dat,Sing,Neut,Pos,ADJ,Strong,us-weiten:1 | weitem:1
weitreichend,Dat,Sing,Fem,Pos,ADJ,Strong,weitreichenden:1 | weitreichender:1
weiß,Dat,Sing,Masc,Pos,ADJ,Strong,weißem:3 | weissem:1 | weißen:1
weiß,Dat,Sing,Neut,Pos,ADJ,Weak,weißen:14 | blau-weißen:1
weiß,Dat,Sing,Fem,Pos,ADJ,Strong,weißer:4 | weißen:1
welcher,Dat,Sing,Fem,,DET,,welcher:55 | welchem:1
welcher,Dat,Sing,Masc,,DET,,welchem:59 | welche:1
welcher,Dat,Sing,Neut,,DET,,welchem:17 | welches:1
welcher,Acc,,,,DET,,welche:10 | welches:3
weltweit,Dat,Sing,Neut,Pos,ADJ,Strong,weltweiten:4 | weltweitem:1
wenig,Acc,Plur,Masc,,DET,,wenige:11 | wenigen:1
wenig,Dat,,,,DET,,wenig:2 | wenigen:1 | weniger:1
wenig,Acc,Sing,Neut,,DET,,wenig:2 | weniger:1
wenig,Acc,Plur,Neut,,DET,,wenige:5 | wenigsten:1
wenig,Dat,Plur,,Pos,ADJ,Strong,wenigen:235 | wenige:1
wenig,Acc,,,,DET,,wenig:2 | wenige:2
werden,Dat,Plur,Fem,Pos,ADJ,,gewordenen:3 | werdenden:3
werden,Dat,Sing,Fem,Pos,ADJ,Strong,gewordenen:3 | werdenden:1
werden,Dat,Plur,Masc,Pos,ADJ,Weak,gewordenen:2 | werdenden:1
werden,Acc,Plur,Masc,Pos,ADJ,Weak,werdenden:3 | gewordenen:2
werden,Acc,Sing,Masc,Pos,ADJ,Weak,gewordenen:3 | werdenden:1
werden,Acc,Sing,Fem,Pos,ADJ,Weak,gewordene:3 | werdende:2
werden,Dat,Sing,Masc,Pos,ADJ,Weak,gewordenen:4 | werdenden:3
wesentlich,Acc,Sing,Neut,Pos,ADJ,Strong,wesentliches:3 | wesentliche:1
wesentlich,Acc,Sing,Fem,Pos,ADJ,Strong,wesentliche:13 | wesentlichen:1
westfälisch,Dat,Sing,Fem,Pos,ADJ,Weak,rheinisch-westfälischen:3 | westfälischen:3
wichtig,Acc,Plur,Masc,Pos,ADJ,Strong,wichtige:6 | wichtigen:1
wichtig,Dat,Sing,Masc,Pos,ADJ,Strong,wichtigen:9 | wichtigem:1
wichtig,Dat,Sing,Fem,Pos,ADJ,Strong,wichtigen:2 | wichtige:1
wirtschaftlich,Dat,Sing,Fem,Pos,ADJ,Strong,wirtschaftlicher:3 | wirtschaftlichen:1
wirtschaftlich,Acc,Sing,Fem,Pos,ADJ,Weak,wirtschaftliche:19 | technisch-wirtschaftliche:1
wirtschaftlich,Dat,Sing,Masc,Pos,ADJ,Strong,wirtschaftlichem:1 | wirtschaftlichen:1
wirtschaftlich,Dat,Sing,Neut,Pos,ADJ,Weak,wirtschaftlichen:3 | wirtschaftlichem:1
wirtschaftlich,Acc,Plur,Neut,Pos,ADJ,Strong,wirtschaftliche:2 | wirtschaftlichen:1
wissenschaftlich,Acc,Plur,Fem,Pos,ADJ,Strong,wissenschaftliche:9 | technisch-wissenschaftliche:1 | wissenschaftlichen:1
wissenschaftlich,Acc,Plur,Fem,Pos,ADJ,Weak,wissenschaftlichen:3 | wissenschaftliche:1
wissenschaftlich,Dat,Sing,Fem,Pos,ADJ,Strong,wissenschaftlichen:2 | wissenschaftlicher:2
wissenschaftlich,Acc,Plur,Masc,Pos,ADJ,Strong,wissenschaftliche:2 | technisch-wissenschaftliche:1 | wissenschaftlichen:1
wählbar,Dat,Sing,Fem,Pos,ADJ,Strong,wählbaren:1 | wählbarer:1
wünschen,Dat,Sing,Fem,Pos,ADJ,Strong,gewünschter:2 | gewünschten:1
württembergisch,Dat,Sing,Fem,Pos,ADJ,Weak,baden-württembergischen:2 | württembergischen:1
zahlreich,Acc,Plur,Neut,Pos,ADJ,Strong,zahlreiche:7 | zahlreichen:2
zahlreich,Acc,Plur,Fem,Pos,ADJ,Strong,zahlreiche:11 | zahlreichen:2
zeitgemäß,Dat,Sing,Fem,Pos,ADJ,Strong,zeitgemäßen:2 | zeitgemäße:1 | zeitgemäßer:1
zeitgenössisch,Dat,Sing,Fem,Pos,ADJ,Strong,zeitgenössischen:2 | zeitgenössischer:1
zentral,Dat,Sing,Fem,Pos,ADJ,Strong,zentralen:11 | zentraler:6
zentral,Dat,Sing,Neut,Pos,ADJ,Weak,zentralen:6 | zentrale:1
zielen,Dat,Sing,Fem,Pos,ADJ,Strong,gezielten:2 | gezielter:2
zufällig,Dat,Sing,Fem,Pos,ADJ,Strong,zufälliger:2 | zufälligen:1
zugänglich,Dat,Sing,Fem,Pos,ADJ,Strong,zugänglichen:5 | zugänglicher:1
zukünftig,Dat,Sing,Neut,Pos,ADJ,Strong,zukünftigem:1 | zukünftigen:1
zukünftig,Acc,Plur,Masc,Pos,ADJ,Strong,zukünftige:6 | zukünftigen:1
zukünftig,Acc,Plur,Neut,Pos,ADJ,Strong,zukünftige:6 | zukünftigen:2
zulassen,Dat,Plur,Neut,Pos,ADJ,Strong,zugelassene:1 | zugelassenen:1
zumutbar,Acc,Plur,Fem,Pos,ADJ,Strong,zumutbare:1 | zumutbaren:1
zunehmen,Dat,Sing,Masc,Pos,ADJ,Strong,zunehmendem:2 | zunehmenden:1
zurückgehen,Acc,Plur,Masc,Pos,ADJ,Strong,zurückgegangene:1 | zurückgehende:1
zurückgehen,Dat,Plur,Masc,Pos,ADJ,Strong,zurückgegangenen:1 | zurückgehenden:1
zuspitzen,Acc,Sing,Fem,Pos,ADJ,Strong,zugespitzte:1 | zuspitzende:1
zusätzlich,Dat,Sing,Fem,Pos,ADJ,Strong,zusätzlichen:14 | zusätzlicher:8
zusätzlich,Acc,Plur,Neut,Pos,ADJ,Strong,zusätzliche:15 | zusätzlichen:1
zusätzlich,Acc,Plur,Masc,Pos,ADJ,Strong,zusätzliche:10 | zusätzlichen:1
zusätzlich,Dat,Sing,Neut,Pos,ADJ,Strong,zusätzlichen:5 | zusätzlichem:2
zusätzlich,Dat,Sing,Masc,Pos,ADJ,Strong,zusätzlichen:6 | zusätzlichem:2
zwanzigfach,Dat,Sing,Fem,Pos,ADJ,Strong,zwanzigfacher:2 | zwanzigfachen:1
zweifelhaft,Dat,Sing,Masc,Pos,ADJ,Strong,zweifelhaftem:1 | zweifelhaften:1
zweijährig,Dat,Sing,Fem,Pos,ADJ,Strong,zweijähriger:6 | zweijährigen:2
zweistellig,Dat,Sing,Fem,Pos,ADJ,Strong,zweistelliger:16 | zweistelligen:1
zweit,Dat,Sing,Masc,Pos,ADJ,Strong,zweiten:24 | zweitem:1
zweit,Dat,Sing,Neut,Pos,ADJ,,zweiten:488 | zweitem:2
zweit,Dat,Sing,Fem,Pos,ADJ,Strong,zweiter:41 | zweiten:19
Übernahmekandidat,Dat,Sing,Masc,,NOUN,,Übernahmekandidaten:4 | Übernahmekandidat:1
Überschuß,Acc,Sing,Masc,,NOUN,,Überschuss:10 | Überschuß:2
Übersetzung,Dat,,,,NOUN,,Übersetzung:1 | Übersetzungen:1
ähnlich,Acc,Plur,Fem,Pos,ADJ,Strong,ähnliche:11 | ähnlichen:1
ähnlich,Dat,Sing,Fem,Pos,ADJ,Strong,ähnlicher:20 | ähnlichen:13 | cd-ähnlicher:2 | ebay-ähnlichen:2 | ethernet-ähnlichen:1 | vhs-ähnlicher:1 | ähnlichem:1
ähnlich,Acc,Sing,Neut,Pos,ADJ,Strong,ähnliches:35 | echelon-ähnliches:1
ähnlich,Acc,Sing,Fem,Pos,ADJ,Strong,ähnliche:54 | dvd-ähnliche:1
ähnlich,Acc,Sing,Fem,Pos,ADJ,Weak,napster-ähnliche:1 | ähnliche:1
ähnlich,Acc,Sing,Masc,Pos,ADJ,Strong,ähnlichen:31 | videotext-ähnlichen:1
ähnlich,Dat,Sing,Neut,Pos,ADJ,Strong,ähnlichen:13 | ähnlichem:3
ähnlich,Dat,Sing,Neut,Pos,ADJ,Weak,amiga-ähnlichen:1 | imac-ähnlichen:1
ähnlich,Dat,Sing,Masc,Pos,ADJ,Strong,ähnlichen:15 | ähnlichem:6
ähnlich,Dat,Plur,Neut,Pos,ADJ,Strong,ähnlichen:40 | sram-ähnlichen:1
ähnlich,Dat,Plur,Fem,Pos,ADJ,Strong,ähnlichen:20 | videorecorder-ähnlichen:1
ähnlich,Dat,Sing,,Pos,ADJ,Strong,ähnlichem:2 | wap-ähnlichem:1
ändern,Acc,Plur,Fem,Pos,ADJ,Weak,geänderten:1 | ändernden:1
äußer,Dat,Sing,Masc,Sup,ADJ,Strong,äußerstem:1 | äußersten:1
öffentlich,Dat,Plur,Neut,Pos,ADJ,Strong,öffentlichen:16 | öffentlich:1
öffentlich,Dat,Sing,Fem,Pos,ADJ,Strong,öffentlichen:14 | öffentlicher:6 | nicht-öffentlichen:2 | öffentliche:2
öffentlich,Dat,Sing,Fem,Pos,ADJ,Weak,öffentlichen:18 | nicht-öffentlichen:1
öffentlich,Acc,Plur,Fem,Pos,ADJ,Strong,öffentliche:10 | öffentlichen:1
öffentlich,Dat,Sing,Masc,Pos,ADJ,Strong,öffentlichen:11 | nicht-öffentlichen:2 | öffentlichem:1
öffentlich,Dat,Sing,Masc,Pos,ADJ,Weak,öffentlichen:24 | nicht-öffentlichen:2
öffentlich,Acc,Plur,Neut,Pos,ADJ,Strong,öffentliche:8 | öffentlichen:1
öffentlich,Dat,Sing,Neut,Pos,ADJ,Strong,öffentlichen:5 | öffentlichem:4
ökonomisch,Dat,Sing,Masc,Pos,ADJ,Strong,ökonomischem:1 | ökonomischen:1
ökonomisch,Dat,Sing,Fem,Pos,ADJ,Strong,ökonomischen:2 | ökonomischer:1
ökonomisch,Acc,Plur,Neut,Pos,ADJ,Strong,ökonomische:1 | ökonomischen:1
ökonomisch,Acc,Plur,Masc,Pos,ADJ,Strong,netz-ökonomische:1 | ökonomische:1
österreichisch,Dat,Sing,Fem,Pos,ADJ,Strong,österreichischen:2 | österreichischer:1
österreichisch,Acc,Sing,Fem,Pos,ADJ,Strong,österreichisch:2 | österreichische:2
überarbeiten,Dat,Sing,Fem,Pos,ADJ,Strong,überarbeiteten:2 | überarbeiteter:2 | überarbeitete:1
übereinstimmen,Dat,Sing,Fem,Pos,ADJ,Strong,übereinstimmender:2 | übereinstimmenden:1
übergreifen,Acc,Sing,Neut,Pos,ADJ,Strong,übergreifendes:2 | anbieter-übergreifendes:1 | label-übergreifendes:1
übermäßig,Dat,Sing,Fem,Pos,ADJ,Strong,übermäßiger:3 | übermäßigen:1
überraschen,Dat,Sing,Fem,Pos,ADJ,Strong,überraschenden:5 | überraschender:1
übertragen,Acc,Plur,Neut,Pos,ADJ,Weak,übertragenden:1 | übertragenen:1
übertragen,Dat,Sing,Fem,Pos,ADJ,Strong,übertragenen:1 | übertragener:1
übertragen,Dat,Sing,Neut,Pos,ADJ,Weak,übertragenden:1 | übertragenen:1
überziehen,Dat,Sing,Fem,Pos,ADJ,Strong,überzogenen:1 | überzogener:1
üblich,Dat,Plur,Fem,Pos,ADJ,Weak,üblichen:21 | organizer-üblichen:1
üblich,Dat,Plur,Masc,Pos,ADJ,Weak,üblichen:20 | pocket-pc-üblichen:1
üblich,Dat,Sing,Fem,Pos,ADJ,Weak,üblichen:14 | notebook-üblichen:1
üblich,Dat,Sing,Fem,Pos,ADJ,Strong,üblicher:3 | üblichen:2
üblich,Acc,Plur,Fem,Pos,ADJ,Weak,üblichen:15 | pc-üblichen:1
üblich,Acc,Sing,Fem,Pos,ADJ,Weak,übliche:10 | gsm-übliche:1
üblich,Acc,Sing,Fem,Pos,ADJ,Strong,internet-übliche:1 | übliche:1
